fips,pop
35023,4198
34017,672391
34019,124371
34027,491845
35031,71367
35043,146748
35017,26998
35009,48954
35015,58460
35033,4521
35045,123958
28009,8259
28037,7713
28027,22124
28061,16383
28067,68098
28147,14286
28095,35252
28115,32174
28051,17010
28005,12297
28089,106272
28013,14361
28091,24573
28141,19383
28153,20183
28041,13586
28093,35294
28119,6792
28109,55535
28079,22786
28099,29118
28121,155271
28151,43909
28077,12586
28111,11973
28017,17103
28015,9947
28039,24500
28043,20758
28063,6990
28101,21018
28117,25126
28125,4321
28019,8210
28045,47632
28057,23390
28055,1327
28059,143617
28083,28183
28143,9632
28021,8988
28047,208080
28075,74125
28085,34153
28127,26658
28159,17955
28007,18174
39065,31365
39011,45656
39037,51113
39123,40525
39079,32413
39077,58266
39009,65327
39001,27698
39103,179746
39095,428348
39121,14424
39147,55178
39151,370606
39031,36600
39041,209177
39055,93649
39073,28264
39085,230149
39141,76666
39035,1235072
39075,43960
39109,106987
39111,13654
39155,197974
39173,130817
39005,53484
40043,4891
40059,3688
40083,48011
40143,651552
40147,51527
40057,2653
40061,12627
40111,38465
40113,46963
40067,6002
40047,61056
40049,27711
40121,43654
35027,19572
35005,64615
35025,71070
35049,150358
35059,4059
35051,10791
35053,16637
35041,18500
35013,218195
35028,19369
35039,38921
35047,27277
35061,76688
35057,15461
35001,679121
35035,67490
35006,26675
35011,1748
35019,4300
35003,3527
36005,1418207
47179,129375
47183,33328
47005,16160
47007,15064
47013,39842
47015,14678
47083,8201
47119,96387
48373,51353
48391,6948
48055,43664
48487,12769
48317,5771
48383,3849
48501,8713
48189,33406
48419,25274
48387,12023
48399,10264
48469,92084
48481,41556
48485,132230
48033,654
48315,9854
48323,58722
48181,136212
48297,12207
48363,29189
48255,15601
48123,20160
48059,13943
48067,30026
48183,123945
48313,14284
48303,310569
48257,136154
48259,47431
48153,5712
48017,7000
48071,43837
48027,362924
48061,423163
48117,18546
48141,839238
48283,7520
48443,776
48467,56590
48435,3776
48451,119200
48457,21672
48483,5056
48009,8553
48043,9203
48215,868707
48423,232751
48105,3464
48207,5658
48227,36664
48333,4873
48337,19818
28129,15916
28073,63343
28081,85436
28135,13809
28149,45381
28023,15541
28097,9775
28105,49587
28155,9689
28003,36953
28025,19316
28031,18636
28053,8064
42043,278299
37005,11137
37027,82178
37035,159551
37045,97947
37049,102139
37065,51472
37095,4937
27091,19683
37077,60443
37085,135976
37093,55234
37089,117417
37097,181806
37119,1110356
37131,19483
37147,180742
37159,142088
37181,44535
37039,28612
37053,27763
37179,239859
37193,68412
37127,94298
37003,37497
37055,37009
37185,19731
37195,81801
37073,11562
37075,8441
37115,21755
37137,12726
37149,20724
37151,143667
37169,45591
37187,11580
37043,11231
37051,335509
37081,537174
37099,43938
37139,39824
37155,130625
37173,14271
37183,1111761
37007,24446
36067,460528
48365,23194
48403,10542
48421,3022
48437,7397
48231,98594
48063,13094
48195,5399
48187,166847
48077,10471
48205,5576
48217,36649
48293,23437
48347,65204
48369,9605
48367,142878
48377,6704
48465,49025
48109,2171
48135,166223
48169,6229
48173,1409
48185,28880
48085,1034730
48005,86715
48101,1398
48209,230191
48039,374264
48129,3278
48013,51153
48353,14714
48229,4886
48475,11998
48203,66553
48327,2138
48149,25346
48491,590551
48233,20938
48343,12388
48361,83396
48495,8010
48201,4713325
48053,48155
48171,26988
48113,2635516
48311,743
48503,18010
48251,175817
48223,37084
48357,9836
48275,3664
48309,256623
48095,2726
48137,1932
48133,18360
48243,2274
48247,5200
48339,607391
48127,10124
48479,276652
48011,1887
48069,7530
56031,8393
56033,30485
56003,11790
56011,7584
56029,29194
9007,162436
9013,150721
9001,943332
12133,25473
12031,957755
12007,28201
12009,601942
12019,219252
12067,8422
12069,367118
12089,88625
12103,974996
12105,724777
12111,328297
12043,13811
12051,42022
12061,159923
12063,46414
12099,1496770
12109,264672
12086,2716940
12005,174705
12037,12125
12045,13639
12077,8354
12119,132420
12131,74071
12059,19617
12065,14246
12083,365579
12021,384902
12093,42168
12101,553947
12041,18582
12121,44417
12001,269043
12013,14105
12023,71686
12029,16826
12107,74521
12115,433742
12081,403253
12017,149657
12003,29210
12127,553284
12073,293582
12079,18493
12087,74228
12053,193920
12057,1471968
12123,21569
13187,33610
13189,21312
13211,19276
13095,87956
27099,40062
27115,29579
27109,158293
27159,13682
27009,40889
27047,30281
27085,35893
27121,11249
27149,9805
27151,9266
27033,11196
27139,149013
27157,21627
27035,65055
27107,6375
27103,34274
27041,38141
27069,4298
27079,28887
27087,5527
27025,56579
27127,15170
27173,9709
27153,24664
27007,47188
27013,67653
27055,18600
27073,6623
27077,3740
27111,58746
27161,18612
27137,199070
27003,356921
27145,161075
27037,429021
27081,5639
27083,25474
27095,26277
27129,14548
27017,35871
27031,5463
29123,12088
29147,22092
29011,11754
29121,15117
29149,10529
29067,13185
13149,11923
13151,234561
13153,157863
29217,20563
29223,12873
29041,7426
29039,14349
29073,14706
29201,38280
29186,17894
29083,21824
29109,38355
29169,52607
29215,25398
29027,44743
47139,16832
47185,27345
47163,158348
42023,4447
42017,628270
42077,369318
42031,38438
42059,36233
42079,317417
42037,64964
42065,43425
42099,46272
42113,6066
44003,164292
44009,125577
45071,38440
45027,33745
45085,106721
45011,20866
45031,66618
45091,280979
45021,57300
45053,30073
45061,16828
45001,24527
39091,45672
39153,541013
39149,48590
39171,36692
72061,83728
72053,29454
72007,24814
72065,39218
72133,21209
72097,71530
72119,48025
72011,26161
72033,23121
72055,15383
72087,24553
12117,471826
12035,115081
12047,14428
12097,375751
12039,45660
12071,770577
12049,26937
12095,1393452
12055,106221
12027,38001
12015,188910
1099,20733
1079,32924
1081,164542
5061,13202
5051,99386
5139,38682
5147,6320
5023,24919
5025,7956
5067,16719
5057,21532
5135,17442
5137,12506
5143,239187
5005,41932
5003,19657
5031,110332
5055,45325
5073,6624
5105,10455
5093,40651
5115,64072
5117,8062
5111,23528
5149,21341
5013,5189
5011,10763
5075,16406
5113,19964
5029,20846
5101,7753
5081,12259
5085,73309
5091,43257
5123,24994
5145,78753
6047,277680
6043,17203
6115,78668
6013,1153526
6035,30573
6099,550660
6097,494336
6103,65084
6051,14444
6069,62808
6067,1552058
6055,137744
6053,434061
6091,3005
6073,3338330
6113,220500
6023,135558
6003,1129
6039,157327
6087,273213
13291,24511
13183,19559
13271,15860
13303,20374
22127,13904
22033,440059
22085,23884
22003,25627
22065,10951
22053,31368
22093,21096
22043,22389
22125,15568
22051,432493
22011,37497
22013,13241
22015,127039
22023,6973
22037,19135
22095,42837
22075,23197
22073,153279
22079,129648
22117,46194
22105,134758
22001,62045
22123,10830
22103,260419
22021,9918
22035,6861
22005,126604
22039,33395
22045,69830
22087,47244
22091,10132
22121,26465
22031,27463
22081,8442
22067,24874
22069,38158
22109,110461
22025,9494
22027,15670
22041,20015
22007,21891
22049,15744
22113,59511
22089,53100
22029,19259
22059,14892
23017,57975
23027,39715
23019,152148
23001,108277
23003,67055
23005,295003
23023,35856
29053,17709
29075,6571
29133,13180
29153,9174
29017,12133
29103,3959
29139,11551
29207,29025
29007,25388
29077,293086
29185,9397
29197,4660
29029,46305
29099,225081
37143,13463
37157,91010
37029,10867
37071,224529
37125,100880
37167,62806
37199,18069
37037,74470
37101,209339
37145,39490
37009,27203
37107,55949
37133,197938
37161,67029
37197,37667
37023,90485
38097,8036
38021,4872
38101,67641
38067,6801
38041,2499
38017,181923
38029,3241
38077,16177
38001,2216
38027,2287
38057,8187
12085,161000
12125,15237
12075,41503
12113,184313
12011,1952778
12033,318316
12091,210738
12129,33739
13201,5718
13219,40280
13111,26188
13175,47546
13293,26320
22097,82124
22101,49348
22111,22108
22017,240204
22055,244390
22061,46742
22119,38340
22047,32511
22063,140789
22071,390144
1107,19930
1119,12427
1073,658573
1023,12589
1059,31362
1091,18863
1113,57961
1019,26196
1039,37049
1041,13772
1047,37196
1077,92729
1085,9726
1087,18068
1083,98915
1117,217702
1115,89512
1003,223234
1051,81209
1069,105882
1121,79978
1125,209355
1027,13235
1031,52342
1109,33114
1033,55241
1037,10663
1065,14651
1055,102268
1053,36633
1075,13805
1013,19448
1105,8923
1127,63521
1035,12067
1063,8111
1007,22394
1015,113605
1017,33254
1057,16302
1101,226486
18179,28296
18003,379299
18031,26559
18035,114135
18043,78522
18077,32308
1093,29709
18079,27735
18081,158167
18103,35516
18109,70489
18051,33659
18111,13984
18117,19646
18141,271826
18085,79456
18099,46258
18155,10751
18163,181451
8014,70465
10001,180786
9009,854757
9015,116782
21055,8806
21115,22188
21051,19901
21025,12630
21083,37266
21031,12879
21097,18886
21143,8210
21231,20333
21221,14651
21131,9877
21121,31145
21139,9194
21211,49024
21027,20477
21117,166998
21151,92987
21217,25769
21219,12294
21053,10218
22083,20122
22019,203436
22009,40144
22077,21730
22057,97614
22107,4334
23015,34634
23021,16785
23029,31379
23013,39772
23011,122302
23009,54987
24510,593490
24025,255441
24033,909327
13313,104628
13285,69922
13197,8359
13321,20247
13109,10654
13103,64296
13107,22646
13051,289430
13173,10423
13205,21863
13289,8120
13263,6195
13255,66703
13257,25925
21165,6489
21193,25758
21189,4415
13275,44451
13209,9172
13243,6778
24047,52276
23031,207641
23007,30199
23025,50484
24039,25616
24041,37181
24001,70416
24027,325690
38073,5218
38085,4230
38033,1761
38095,2189
38023,2264
38081,3898
39105,22907
39021,38885
39057,168937
39087,59463
39115,14508
39175,21772
39043,74266
40007,5311
40063,13279
40031,120749
40001,22194
40137,43143
40019,48111
51025,16231
51131,11710
51163,22573
51720,3981
53039,22425
53027,75061
53069,4488
53025,97733
53061,822083
54089,12573
54025,34662
54057,26868
54041,15907
54075,8247
54083,28695
54105,5821
54015,8508
54061,105612
54103,15065
54039,178124
54077,33432
54085,9554
54043,20409
54007,13957
54005,21457
54109,20394
55033,45368
55043,51439
55117,115340
55078,4556
55011,13031
55063,118016
55073,135692
55121,29649
55027,87839
55125,22195
55071,78981
55013,15414
55029,27668
16009,9298
16017,45739
16033,845
16037,4315
16039,27511
16043,13099
16065,39907
16079,12882
16049,16667
16081,12142
16077,7681
16087,10194
17067,17708
17119,262966
17063,51054
17091,109862
17131,15437
17167,194672
17003,5761
17157,31782
17141,50643
17137,33658
17177,44498
17193,13537
17203,38459
17071,6646
17111,307774
18009,11758
18015,20257
18143,23873
18045,16346
18039,206341
18025,10577
18055,31922
18097,964582
19011,25645
19071,6960
19151,6619
19173,6121
19177,7044
19195,7381
19003,3602
19009,5496
19059,17258
19103,151140
19135,7707
19171,16854
19167,34855
19069,10070
19027,20165
17043,922921
17031,5150233
19023,14439
19037,11933
19051,9000
19033,42450
19067,15642
19083,16846
19117,8600
19119,11755
19147,8886
19165,11454
19087,19954
19099,37185
19145,15107
19157,18504
19155,93206
19043,17549
19017,25062
19021,19620
19063,9208
19077,10689
19091,9558
19125,33253
19183,21965
13305,29927
13009,44890
13059,128331
13101,4006
13143,29792
13169,28735
13213,40096
13241,17137
13283,6901
13003,8165
13005,11164
25017,1611699
25013,466372
25011,70180
25015,160830
26115,150500
26059,45605
26127,26467
26087,87607
26083,2116
26139,291830
26007,28405
26079,18038
26129,20997
26039,14029
26057,40711
26065,292406
26109,22780
26149,60964
26161,367601
26027,51787
26019,17766
26163,1749343
26075,158510
26049,405813
26155,68122
26029,26143
26053,13975
27093,23222
27113,14119
27167,6207
27027,64222
27045,21067
27119,31364
27135,15165
27165,10897
27011,4991
27021,29779
27049,46340
27063,9846
27105,21629
27141,97238
27019,105089
27061,45130
27123,550321
27169,50484
27039,20934
27117,9126
27171,138377
42111,73447
29173,10309
30075,1682
30085,11004
30083,10803
30101,4736
30045,2007
30017,11402
30051,2337
30019,1690
30023,9140
30055,1664
30087,8937
30021,8613
30007,6237
30071,3954
31009,465
31049,1794
31113,748
31001,31363
31011,5192
31149,1357
31093,6445
31073,1990
31153,187196
31015,1919
31059,5462
31091,682
31181,3487
31169,5003
31163,3001
31159,17284
31023,8016
31005,463
31067,21513
31099,6495
31119,35099
31137,9034
31179,9385
31107,8332
31121,7755
31133,2613
31183,783
32015,5532
32009,873
55137,24443
55039,103403
55091,7287
55103,17252
55065,16665
55093,42754
55015,50089
39029,101883
39051,42126
39053,29898
39099,228683
39145,75314
39117,35328
39135,40882
39003,102351
39033,41494
39059,38875
39107,41172
39023,134083
39093,309833
39113,531687
39165,234602
39007,97241
40071,43538
40035,14142
40017,148306
40077,10073
40139,19983
40127,11096
40069,11085
36095,30999
36035,53383
36083,158714
36033,50022
36081,2253858
36115,61204
36061,1628706
17113,171517
17145,20916
17149,15561
17161,141879
17163,259686
17185,11520
17013,4739
17035,10766
17085,21235
17089,532403
17101,15678
17009,6578
17123,11438
17075,27114
17021,32304
17059,4828
17077,56750
17143,179179
17181,16653
17147,16344
17169,6768
17175,5342
17005,16426
17007,53544
17015,14305
17029,50621
17083,21773
17039,15638
17051,21336
17107,28618
17117,44926
17165,23491
17135,28414
17195,55175
6031,152940
6063,18807
6079,283111
6019,999101
6029,900202
6059,3175692
6111,846006
6009,45905
6101,96971
6081,766573
6109,54478
6077,762148
6005,39752
8095,4265
8007,14029
8031,727211
8061,1406
8055,6897
8009,3581
8015,20356
8047,6243
8045,60061
8059,582881
8079,769
8103,6324
8115,2248
8021,8205
8027,5068
8001,517421
8037,55127
8065,8127
8081,13283
8097,17767
8017,1831
8011,5577
8033,2055
8057,1392
8069,356899
8083,26183
8113,8179
16015,7831
16029,7155
16005,87808
16011,46811
16027,229849
16057,40108
16075,23951
17129,12196
17099,108669
17115,104009
17191,16215
17055,38469
17109,29682
17139,14501
17151,4177
17173,21634
17019,209689
17053,12961
17093,128990
17121,37205
17125,13359
17025,13184
17133,34637
17201,282572
17153,5335
17045,17161
17011,32628
17033,18667
17155,5739
17103,34096
17159,15513
17189,13887
17127,13772
17017,12147
18061,40515
18169,30996
18075,20436
27051,5972
27089,9336
27163,262440
27065,16337
13035,24936
13045,119992
13081,22372
13077,148509
13083,16116
13027,15457
13129,57963
13113,114421
13217,111744
13133,18324
13085,26108
13139,204441
15009,167417
15005,86
16045,18112
16085,11392
16069,40408
16061,3838
16083,86878
13311,30798
13225,27546
13223,168667
13229,19465
13231,18962
13245,202518
13251,13966
13267,25286
13019,19397
13295,69761
13135,936250
13013,83240
13049,13392
13065,6618
13015,107738
13097,146343
13131,24633
13161,15115
13141,8457
13037,6189
13193,12947
13021,153159
13145,35236
13249,5257
13023,12873
13093,13390
13119,23349
13307,2607
13171,19077
13125,2971
13239,2299
13159,14219
13167,9643
13179,61435
13195,29880
13253,8090
13277,40644
13233,42613
13269,8020
13273,8531
13279,26830
13319,8954
13221,15259
13247,90896
13299,35734
13309,7855
13315,8635
13011,19234
13031,79608
13061,2834
13127,85292
29143,17076
48355,362294
48379,12514
48385,3452
48431,1291
48065,5926
48161,19717
48197,3933
48045,1546
48291,88219
48301,169
48395,17074
48401,54406
48455,14651
48019,23112
48075,7306
48091,156209
48225,22968
48349,50113
48415,16703
48433,1350
48021,88723
48025,32565
48103,4797
50021,58191
50017,28892
50027,55062
49049,636235
49013,19938
49047,35734
49011,355481
49015,10012
49017,5051
51093,37109
51678,7446
51089,50557
51101,17148
51109,37591
51147,22802
51165,81948
51181,6422
51043,14619
51117,30587
51015,75558
51075,23753
51113,13261
36031,36885
36011,76576
36087,325789
36063,209281
36059,1356924
36097,17807
36017,47207
36045,109834
36103,1476601
36121,39859
36075,117124
36117,89918
36007,190488
36029,918702
36105,75432
36071,384940
37087,62317
1009,57826
8013,326196
8039,26729
8125,10019
8073,5701
8117,31011
8019,9700
8029,31162
8101,168424
8085,42758
8093,18845
8077,154210
8099,12172
8041,720403
8121,4908
8005,656590
8089,18278
10003,558753
10005,234225
11001,705749
9005,180333
9003,891720
9011,265206
21047,70461
21059,101511
21085,26427
21101,45210
21103,16126
21107,44686
21109,13329
21125,60813
21157,31100
21163,28572
21173,28157
21181,7269
21185,66799
21187,10901
21203,16695
21209,57004
21227,132896
21003,21315
21017,19788
21019,46718
21029,81676
21067,323152
21075,5969
21119,14806
21175,13309
21177,30622
21199,64979
21237,7157
21001,19202
21013,26032
21057,6614
18127,170389
18147,20277
18157,195732
18057,338011
18087,39614
18011,67843
18107,38338
18019,118302
18021,26225
18047,22758
18071,44231
18119,20799
18135,24665
18013,15092
18161,7054
18027,33351
18083,36594
18123,19169
18131,12353
18171,8265
1133,23629
1043,83768
1071,51626
1129,16326
1103,119679
1021,44428
1045,49172
1049,71513
1111,22722
1097,413210
1029,14910
1005,24686
1011,10101
1025,23622
1095,96774
18105,148431
18149,22995
18017,37689
18177,65884
19061,97311
19079,14773
19175,12241
19159,4894
19001,7152
19039,9395
19093,6860
19107,10246
19179,34969
19025,9668
19031,18627
19073,8888
19115,11035
19189,10354
19007,12426
19095,16184
19191,19991
19127,39369
19015,26234
19089,9158
19081,10630
26125,1257584
26003,9108
26121,173566
26089,21761
26035,30950
26151,41170
26073,69872
26131,5720
26157,52245
26001,10405
26067,64697
26111,83156
26021,153401
26135,8241
26165,33631
26037,79595
26043,25239
26063,30981
13089,759297
13157,72977
13163,15362
13181,7921
13215,195769
13235,11137
13259,6621
13281,12037
13287,7985
13155,9416
13001,18386
13025,19109
24003,579234
24005,827370
24021,259547
24009,92525
24023,29014
24029,19422
24031,1050688
24013,168447
24035,50381
24037,113510
24017,163257
24019,31929
24043,151049
24045,103609
24015,102855
24011,33406
25025,803907
25001,212990
25007,17332
25003,124944
25005,565217
25023,521202
25009,789034
25021,706775
25027,830622
25019,11399
26033,37349
26005,118081
40055,5712
40091,19596
40099,14073
40115,31127
40145,81289
40015,28762
40101,67997
40013,47995
41029,220944
41023,7199
41005,418187
41057,27036
41033,87487
41059,77950
41009,52354
41065,26682
41039,382067
41067,601592
41007,40224
46085,3781
46039,4351
46015,5297
46053,4185
46099,193134
46025,3736
46077,4939
46027,14070
46041,5892
46065,17526
46111,2344
46059,3191
46135,22814
46005,18453
46035,19775
46073,2013
46117,3098
46107,2153
46023,9292
46091,4935
46105,2865
46121,10177
46102,14177
47165,191283
47169,11284
47027,7615
47157,937166
55059,169561
56019,8445
56021,99500
56039,23464
1067,17205
1089,372909
1001,55869
1123,40367
1061,26271
1131,10373
2016,5634
2050,18386
32021,4505
32017,5183
51620,7967
51570,17370
2060,836
2150,12998
2188,7621
2185,9832
2220,8493
2090,96849
2130,13901
2170,108317
2180,10004
2070,4916
2100,2530
2282,579
2164,1592
2240,6893
2020,288000
2013,3337
2261,9202
2105,2148
2230,1183
2275,2502
2195,3266
4019,1047279
4013,4485414
4009,38837
4023,46498
4012,21108
4015,212181
4005,143476
4027,213787
4011,9498
4021,462789
5099,8252
5037,16419
5043,18219
5027,23457
5125,122437
5141,16545
5065,13629
5063,37825
5083,21466
5035,47955
5047,17715
5109,10718
5069,66824
5097,8986
5127,10281
5131,127827
5007,279141
5017,10118
5071,26578
21099,19035
21129,7403
21223,8471
21061,12150
21105,4380
21023,8303
21179,46233
21135,13275
21155,19273
21239,26734
21015,133581
21113,54115
21127,15317
21133,21553
21145,65418
21195,57876
21235,36264
21005,22747
21071,35589
21073,50991
21147,17231
21153,12161
21169,10071
21205,24460
21213,18572
21049,36263
21039,4760
21041,10631
21065,14106
21077,8869
22099,53431
22115,47429
19121,16338
2110,31974
2290,5230
2068,2097
2122,58708
2198,6203
2158,8314
4007,54018
4003,125922
4001,71887
4025,235099
4017,110924
5021,14551
5039,7009
5121,17958
5009,37432
5079,13024
5053,18265
5045,126007
5089,16694
5129,7881
5033,63257
5059,33771
5087,16576
19111,33657
19137,9917
19123,22095
19041,16016
19053,7870
19185,6441
19113,226706
19141,13753
20193,7777
20025,1994
20167,6856
20023,2657
20079,34429
20093,3838
20185,4156
20071,1232
20051,28553
20125,31829
20153,2530
20145,6414
20061,31670
20049,2530
20099,19618
20175,21428
20091,602401
20179,2521
20199,1518
5107,17782
5133,17007
5019,22320
5095,6701
5103,23382
5001,17486
5015,28380
5119,391911
6033,64386
26091,98451
26105,29144
26117,63888
26113,15118
26147,159128
26159,75677
26011,14883
26015,61550
26071,11066
26143,24019
26153,8094
26023,43517
26055,93088
26097,10799
26009,23324
26061,35684
32031,471519
32510,55916
33013,151391
33001,61303
33017,130633
34025,618795
34037,140488
34013,798975
34015,291636
34031,501826
34003,932202
34041,105267
51021,6280
51023,33419
51520,16762
51830,14954
51035,29791
51191,53740
51139,23902
51510,159428
51650,134510
51013,236842
51027,21004
51179,152882
51760,230436
51057,10953
51185,40595
51685,17478
51183,11159
51683,41085
51775,25301
51037,11880
51081,11336
53067,290536
53013,3985
48407,28859
48459,41753
48473,55246
48493,51070
48219,23021
48329,176832
48299,21795
48147,35514
48041,229211
48165,21492
48179,21886
48237,8935
48035,18685
48029,2003554
48023,3509
48121,887207
48167,342139
48393,854
48463,26741
17001,65435
17027,37562
17037,104897
17047,6395
17079,9610
17081,37684
17183,75758
17197,690743
17199,66597
17023,15441
17041,19465
17049,34008
17057,34340
17061,12969
17065,8116
17069,3821
17073,48913
17087,12417
17095,49699
17097,696535
17105,35648
17171,4951
17179,131803
17187,16844
18069,36520
19197,12562
5077,8857
5041,11361
5049,12477
19029,12836
19035,11235
19047,16820
19057,38967
19065,19650
19085,14049
19109,14813
19129,15109
19133,8615
19139,42664
19143,5958
19153,490161
19187,35904
19169,97117
19193,103107
19013,131228
19075,12232
19097,19439
19105,20681
19131,10586
19181,51466
19161,9721
19149,25177
19019,21175
19045,46429
19055,17011
19101,18295
19005,13687
19163,172943
19049,93453
20181,5917
20187,2006
20119,4033
20127,5620
20151,9164
20163,4920
20003,7858
20053,6102
20077,5436
20057,33619
20111,33195
20117,9707
20001,12369
20033,1700
20035,34908
20063,2636
20059,25544
20083,1794
20089,2879
20159,9537
20113,28542
20139,15949
20031,8179
20037,38818
20073,5982
20107,9703
20173,516042
6105,12285
6065,2470546
6071,2180085
6041,258826
6093,43539
6089,180080
6015,27812
6011,21547
6007,219186
20189,5485
20183,3583
20067,7150
20085,13171
20095,7152
20109,2794
20131,10231
20149,24383
20209,165429
20021,19939
20015,66911
20027,8002
20105,2962
20169,54224
20191,22836
20195,2803
20197,6931
20205,8525
20207,3138
20123,5979
20141,3421
20011,14534
20055,36467
20097,2475
20103,81758
20201,5406
20019,3250
20129,2587
20155,61998
20009,25779
20043,7600
20081,3968
20101,1535
20171,4823
20115,11884
20013,9564
20143,5704
20161,74232
20039,2827
20041,18466
21079,17666
21089,35098
21037,93584
21063,7517
21081,25069
21123,14398
21141,27102
21167,21933
21191,14590
21207,17923
21229,12095
6049,8841
6027,18039
6083,446499
6025,181215
6001,1671329
6017,192843
6075,881549
6107,466195
6057,99755
6045,86749
6037,10039107
6085,1927852
6061,398329
6095,447643
6021,28393
20135,2750
20005,16073
20075,2539
20177,176875
20203,2119
20137,5361
20029,8786
20047,2798
20165,3036
20133,16007
20147,5234
20007,4427
20087,19043
21069,14581
21043,26797
21111,766757
21161,17070
21201,2108
21215,19351
21007,7888
21087,10941
21159,11195
21137,24549
21183,23994
21233,12942
21045,16159
8063,7097
8051,17462
8091,4952
8123,324492
8023,3887
8035,351154
8067,56221
8105,11267
8025,6061
8111,728
8075,22409
8119,25388
8071,14506
8107,25638
8003,16233
8043,47839
8087,29068
8109,6824
48221,61643
34005,445349
35029,23709
35055,32723
35007,11941
35021,625
35037,8253
28103,10417
28137,28321
28107,34192
28161,12108
28029,28065
28049,231840
28145,28815
28139,22015
28035,74897
28071,54019
28087,58595
28157,8630
28065,11128
28123,28124
28163,29690
28011,30628
28113,39288
28131,18336
28069,9742
28133,25110
28001,30693
28033,184945
42045,566747
37067,382295
37017,32722
37031,69473
37015,18947
37117,22440
51161,94186
48037,93245
48263,762
48425,9128
48199,57602
48289,17404
48351,13595
48389,15976
48453,1273954
48087,2920
48143,42698
48345,1200
48083,8175
48325,51584
48213,82737
48277,49859
48267,4337
48477,35882
48429,9366
48003,18705
48177,20837
48305,5951
48505,14179
13017,16700
13033,22383
13047,67580
13053,10907
13055,24789
13073,156714
13087,26404
13115,98498
13117,244252
13137,45328
13147,26205
13185,117406
13191,14378
13199,21167
13207,27578
13237,22119
13261,29524
13265,1537
13301,5254
13007,3038
13029,39627
13043,10803
13039,54666
13079,12404
13099,10190
13069,43273
13067,760141
13123,31369
13297,94593
13317,9777
13091,20605
13105,19194
13057,258773
13165,8676
13177,29992
13227,32591
13071,45600
13075,17270
13063,292256
13121,1063937
15001,201513
15003,974563
15007,72293
18091,109888
18181,24102
18073,33562
18101,10255
18145,44729
18137,28324
18153,20669
18159,15148
18167,107038
18173,62998
18033,43475
18005,83779
18139,16581
18049,19974
18089,485493
18113,47744
18001,35777
18041,23102
18063,170311
18037,42736
18053,65769
18059,78168
18067,82544
18115,5875
18121,16937
18183,33964
18007,8748
18023,32399
18133,37576
18175,28036
18029,49458
18065,47972
18093,45370
18095,129569
18125,12389
18129,25427
18151,34594
18165,15498
20121,34237
20157,4636
20065,2482
20045,122259
20069,5988
20017,2648
21091,8722
21011,12500
21009,44249
21021,30060
21095,26010
21093,110958
21149,9207
21171,10650
21197,12359
21225,14381
21033,12747
21035,39001
8053,820
8049,15734
26093,191995
26069,25127
26085,11853
26101,24558
26119,9328
26141,12592
26051,25449
26077,265066
26107,43453
26103,66699
26123,48980
26133,23460
26137,24668
26025,134159
26031,25276
26095,6229
26081,656955
26099,873972
26145,190539
26013,8209
26017,103126
26045,110268
26041,35784
26047,33415
27071,12229
27097,33386
27131,66972
27147,36649
27125,4055
27001,15886
27043,13653
27101,8194
27067,43199
27075,10641
27133,9315
27143,14865
27155,3259
27005,34423
27053,1265843
27015,25008
27023,11800
27029,8818
27057,21491
27059,40596
48269,272
48073,52646
48119,5331
48253,20083
48249,40482
48111,7287
48157,811688
48235,1536
48489,21358
48115,12728
48051,18443
72085,37007
72145,50023
72059,17623
72121,21712
72067,15518
72141,27395
72054,11317
72099,34891
72123,27128
47077,28117
47089,54495
47153,15026
47017,27767
47037,694144
47135,8076
47121,12422
47075,17304
47125,208993
47061,13427
47029,36004
47041,20490
47101,12268
47131,30069
47167,61599
47045,37159
47065,367804
16071,4531
16031,24030
16063,5366
16003,4294
16041,13876
16053,24412
16055,165697
16067,21039
16073,11823
16013,23021
16021,12245
16023,2597
16047,15179
16001,481587
16007,6125
16019,119062
16025,1106
16035,8756
16051,29871
16059,8027
37113,35858
37111,45756
37069,69685
37103,9419
37019,142820
37175,34385
37013,46994
37047,55508
37109,86111
37123,27173
37135,148476
37153,44829
37163,63531
37171,71783
37011,17557
37021,261191
37025,216453
37033,22604
37059,42846
37057,167609
37061,58741
37063,321488
37091,23677
37105,61779
37129,234473
37141,63060
37191,123131
37165,34823
37189,56177
37083,50010
37001,169509
37177,4016
38089,31489
38103,3834
38013,2115
38061,10545
38105,37589
38007,928
38043,2480
38019,3762
38037,2274
38049,5745
38091,1890
38005,6832
38045,4046
38059,31364
38025,4424
38051,2497
38063,2879
38079,14176
38099,10641
38009,6282
38003,10415
38035,69451
38053,15024
38055,9450
38069,3975
36019,80485
36099,34016
36079,98320
36043,61319
36069,109777
36101,95379
36041,4416
36013,126903
36047,2559903
36107,48203
36073,40352
36091,229863
36021,59461
36049,26296
36119,967506
36025,44135
36057,49221
36085,476143
36089,107740
36109,102180
36113,63944
36023,47581
36027,294218
36055,741770
36065,228671
36111,177573
36015,83456
36051,62914
36077,59493
36039,47188
36001,305506
36003,46091
36009,76117
36053,70941
36093,155299
36037,57280
36123,24913
37079,21069
37121,14964
37041,13943
48241,35529
48245,251565
48271,3667
48359,2112
48279,12893
48295,3233
48307,7984
48319,4274
48125,2211
48287,17239
48439,2102515
48001,57735
48139,184826
48239,14760
48265,52600
48331,24823
48093,13635
48145,17297
48047,7093
48273,30680
48097,41257
48107,5737
48151,3830
48131,11157
48031,11931
72095,10321
72113,131881
72135,72025
72137,74271
72147,8386
72151,32282
72003,36694
72025,124606
72041,38307
72043,38336
72051,36141
72089,17665
72019,27725
72107,20220
72129,35989
72037,10904
72039,15808
72071,40423
72073,13891
72081,24276
72127,318441
72143,36061
72093,5430
56001,38880
56007,14800
56015,13211
56041,20226
56043,7805
56017,4413
56013,39261
56035,9831
56045,6927
72009,22108
72077,38155
72079,22010
72001,17363
72027,30504
72103,25761
72105,27349
72013,81966
72015,17238
72115,22918
72057,39465
72049,1714
72063,47093
72017,23727
72153,33575
72005,50265
72023,47515
72109,16211
72149,21372
72031,146984
72035,42409
72069,50653
72101,30335
72139,63674
72091,37287
72111,19249
72117,13656
72125,30227
72131,35528
72021,169269
72029,44674
72045,18648
72075,44679
72083,7927
72047,32293
42055,155027
42119,44923
38047,1850
38075,2327
38011,3024
38015,95626
38065,1959
38093,20704
38071,11519
38031,3210
38039,2231
38083,1315
38087,750
39159,58988
39131,27772
39125,18672
39061,817473
39049,1316756
39101,65093
39157,91987
39169,115710
39015,43432
39017,383134
40123,38284
40129,3583
40153,20211
40021,48657
40041,43009
40045,3859
40051,55834
40119,81784
40125,72592
40037,71522
40141,7250
40149,10916
40033,5666
40075,8708
40079,49853
40089,32832
40093,7629
40097,41100
40109,797434
40039,29003
40085,10253
40009,21859
40023,14672
40065,24530
40081,34877
40117,16376
40133,24258
40025,2137
40011,9429
40029,5495
40053,4333
40073,15765
40087,40474
40095,16931
40103,11131
40105,10076
40131,92459
40135,41569
48015,30032
48261,404
48089,21493
48409,66730
48381,137713
48411,6055
48413,2793
48507,11840
48057,21290
48155,1155
48175,7658
48193,8461
48335,8545
48449,32750
48285,20154
48445,12337
48497,69984
48321,36643
48371,15823
48397,104915
48441,138034
48447,1501
48471,72971
48499,45539
48007,23510
48079,2853
48081,3387
48099,75951
48211,3819
48341,20940
48375,117415
48405,8237
48417,3265
48427,64633
48461,3657
48049,37864
48191,2964
48159,10725
48163,20306
48281,21428
50019,27037
50013,7235
50007,163774
50015,25362
50011,49402
50005,29993
50025,42222
50003,35470
50001,36777
50009,6163
50023,58409
49027,13188
49045,72259
49053,177556
49025,7886
49043,42145
49019,9754
49031,1479
49033,2483
49051,34091
42127,51361
42009,47888
42089,170271
42061,45144
42125,206865
42101,1584064
42133,449058
42063,84073
42041,253370
42003,1216045
42129,348899
42053,7247
42013,121829
42073,85512
42015,60323
42021,130192
42029,524989
42011,421164
42087,46138
29129,3617
29229,18289
29047,249948
29065,15573
29195,22761
29227,2013
29079,9850
29141,20627
29179,6270
29189,994205
29209,31952
29009,35789
29019,180463
29051,76745
29055,23920
29093,10125
29117,15227
29135,16132
29155,15805
29159,42339
29203,8166
29175,24748
29069,29131
29071,103967
29089,10001
29095,703011
29131,25619
29171,4696
29213,55928
29021,87364
29025,9020
29037,105780
29049,20387
29059,16878
29085,9544
29113,59013
29137,8644
29145,58236
29163,18302
29183,402022
40107,11993
40003,5702
40151,8793
40027,284014
40005,13758
41061,26835
41047,347818
41019,110980
41031,24658
41053,86085
41017,197692
41043,129749
41071,107100
41001,16124
41035,68238
41041,49962
41003,93053
41013,24404
41055,1780
41025,7393
41045,30571
41063,7208
41069,1332
41049,11603
41011,64487
45009,14066
45013,192122
45017,14553
45033,30479
45081,20473
45079,415759
45039,22347
45049,19222
45045,523542
45057,98012
45035,162809
45041,138293
45059,67493
45065,9463
45077,126884
45087,27316
45089,30368
46003,2751
46051,7052
46123,5441
46137,2756
46115,6376
46009,6901
46011,35077
46047,6713
46057,6164
46071,3344
46033,8972
46069,1301
46049,2299
46067,7291
46129,5435
46017,1962
49003,56046
49021,54839
49039,30939
49041,21620
49057,260213
49037,15308
49035,1160437
49009,950
49055,2711
49007,20463
49029,12124
49005,128289
49023,12017
51095,76523
51167,26586
51173,30104
51540,47266
51031,54885
51087,330818
51099,26836
51103,10603
51105,23423
51115,8834
51119,10582
51149,38353
51159,9023
51169,21566
51177,136215
51011,15911
51067,56042
51097,7025
51121,98535
51127,23091
51049,9932
51051,14318
51083,33911
51107,413538
51153,470335
51175,17631
49001,6710
51091,2190
51033,30725
51073,37348
51141,17608
51145,29652
51171,43616
51061,71222
51790,24932
53003,22582
53001,19983
53023,2225
53045,66768
53057,129205
53065,45723
53063,522798
53043,10939
53007,77200
53031,32221
53035,271473
29035,5982
29057,7561
29115,11920
29091,40117
29101,54062
29105,35723
29125,8697
29161,44573
29165,104418
29187,67215
29510,300576
29003,17712
29023,42478
29033,8679
29061,8278
29087,4403
29127,28530
29151,13615
29181,13288
29219,35649
29221,24730
29043,88595
29063,12547
29081,8352
29107,32708
29001,25343
29199,4902
29211,6089
29045,6797
29097,121328
29111,9776
29119,22837
29157,19136
29167,32149
29177,23018
30041,16484
30015,5635
30053,19980
30067,16606
30103,696
30005,6681
30097,3737
30099,6147
30079,1077
30035,13753
30025,2846
30037,821
30093,34915
30095,9642
30043,12221
30039,3379
30107,2126
30057,8600
29031,78871
29205,5930
29225,39592
29005,5143
29013,16172
29015,19443
46109,10394
46043,2921
46063,1298
46089,2379
46119,1391
46083,61128
46079,12797
46081,25844
46029,28009
46019,10429
46031,4086
46045,3829
46021,1376
46007,3365
46055,1899
46075,903
46093,28332
46125,8384
46013,38839
46061,3453
46087,5586
46095,2061
46101,6576
46103,113775
46127,15932
46097,2216
47031,56520
47047,41133
47067,6620
47073,56786
47091,17788
47103,34366
47111,24602
47127,6488
47147,71813
47051,42208
47009,133088
47021,40667
47019,56391
47057,23320
47055,29464
47097,25633
47099,44142
47113,97984
47115,28907
46037,5424
47133,22241
47137,5048
47181,16673
47187,238412
47003,49713
47059,69069
47035,60520
47175,5872
47025,31959
47081,25178
47085,18582
47141,80245
53033,2252782
53049,22471
53051,13724
53055,17582
53059,12083
53075,50104
53077,250873
53009,77331
53015,110593
53019,7627
54027,23175
54009,21939
54017,8448
54031,13776
54049,56072
54059,23424
54029,28810
54051,30531
54067,24496
54093,6839
54095,8591
54087,13688
54091,16695
54107,83518
54021,7823
54053,26516
54063,13275
54073,7460
54011,91945
54037,57146
53041,80707
53017,43429
53029,85141
53053,904980
53021,95222
53071,60760
53073,229247
54023,11568
54045,32019
54071,6969
54033,67256
54069,41411
54013,7109
54065,17884
54081,73361
54079,56450
54001,16441
54047,17624
54099,39402
54035,28576
54055,58758
54097,24176
54101,8114
54003,119171
54019,42406
55051,5687
55019,34774
30091,3309
30011,1252
30003,13319
30047,30458
30049,69432
30073,5911
30111,161300
30063,119600
30081,43806
30105,7396
30013,81366
30027,11050
30033,1258
30061,4397
30069,487
30077,6890
30089,12113
30109,969
30031,114434
30059,1862
30009,10725
30001,9453
30029,103806
30065,4633
31083,3380
31185,13679
31019,49659
31037,10709
31087,2762
31141,33470
31143,5213
31013,10783
31017,2955
31161,5246
31109,319090
31129,4148
31007,745
31063,2627
31055,571327
31147,7865
31089,10067
31065,4676
31151,14224
31173,7224
31177,20729
31031,5689
31053,36565
31069,1837
31123,4642
31127,6972
31171,722
31043,20026
31003,6298
31029,3924
31035,6203
31041,10777
31061,2979
31081,9324
31095,7046
47039,11663
47155,98250
47161,13715
47023,17297
47087,11786
47109,25694
47145,53382
47011,108110
47063,64934
47173,19972
47071,25652
47043,53948
47129,21403
47123,46545
47079,32345
47033,14230
47095,7016
47093,470313
47107,53794
47117,34375
47143,33167
47151,22068
47001,76978
47049,18523
47053,49133
47069,25050
47105,54068
47149,332285
47159,20157
47189,144657
47171,17883
41015,22925
41021,1912
41027,23382
41037,7869
41051,812855
42103,55809
42109,40372
42115,40328
42039,84629
42049,269728
42057,14530
42067,24763
42107,141359
42131,26794
42001,103009
42005,64735
42035,38632
42025,64182
42027,162385
42097,90843
42095,305285
42121,50668
42007,163929
42069,209674
42083,40625
42051,129274
42091,830915
55109,90687
55083,37930
55069,27593
55135,50990
55005,45244
55113,16558
55047,18913
55099,13351
55077,15574
55075,40350
55079,945726
55101,196311
55139,171907
55041,9004
55045,36960
55107,14178
55115,40899
55067,19189
55087,187885
55123,30822
55021,57532
55061,20434
55009,264542
55035,104646
55085,35595
55095,43783
55129,15720
55133,404198
55127,103868
55023,16131
55057,26687
55111,64442
55131,136034
55017,64658
55025,546695
55031,43150
55053,20643
55049,23678
55089,89221
55097,70772
55105,163354
55119,20343
55001,20220
55007,15036
55081,46253
55141,72999
55003,15562
55037,4295
55055,84769
56005,46341
56023,19830
56025,79858
56009,13822
56027,2356
56037,42343
51065,27270
51007,13145
51750,18249
51840,28078
31101,8034
31115,664
31135,2891
31155,21578
31157,35618
31103,806
31105,3632
31111,34914
31139,7148
31165,1166
31021,6459
31025,26248
31039,8846
31051,5636
31057,1693
31075,623
31077,2356
31079,61353
31085,922
31131,16012
31145,10724
31027,8402
31045,8589
31097,5071
31033,8910
31047,23595
31071,1969
31117,494
31125,3519
31167,5920
31175,4158
32001,24909
32005,48905
32027,6725
32011,2029
32013,16831
32033,9580
32007,52778
32023,46523
32029,4123
32003,2266715
32019,57510
33005,76085
33009,89886
33015,309769
33019,43146
33011,417025
33007,31563
33003,48910
34021,367430
34011,149527
34035,328934
34029,607186
34001,263670
34023,825062
34033,62385
34009,92039
34007,506471
34039,556341
42093,18230
42033,79255
42075,141793
42081,113299
42123,39191
42019,187853
42047,29910
42071,545724
42085,109424
42105,16526
42117,40591
44005,82082
44007,638931
44001,48479
45003,170872
45005,8688
45037,27260
45023,32244
45029,37677
45067,30657
45063,298750
45073,79546
45015,227907
45019,411406
45043,62680
45069,26118
45007,202558
45025,45650
45047,70811
45051,354081
45055,66551
45075,86175
45083,319785
39067,15040
39083,62322
39089,176862
39139,121154
39163,13085
39019,26914
39063,75783
39025,206428
39045,157574
39039,38087
39071,43161
39069,27006
39081,65325
39133,162466
39137,33861
39013,67006
39027,41968
39047,28525
39127,36134
39129,58457
39097,44731
39119,86215
39143,58518
39161,28275
39167,59911
51001,32316
51045,5131
51063,15749
51071,16720
51077,15550
51135,15232
51157,7370
51036,6963
51047,52605
51053,28544
51079,19819
51085,107766
51111,12196
51137,37051
51595,5346
51197,28684
51550,244835
51660,53016
51003,109330
51019,78997
51029,17148
51195,37383
51580,5538
51740,94398
51810,449974
51005,14860
51640,6347
51193,18015
51133,12095
51155,34027
51187,40164
51590,40044
51630,29036
51009,31605
51017,4147
51670,22529
51700,179225
51069,89313
51680,82168
51199,68280
51690,12554
51125,14930
51143,60354
51530,6478
51610,14617
51730,31346
51735,12271
51600,24019
51820,22630
51770,99143
51800,92108
51710,242742
51041,352802
51059,1147532
53047,42243
53037,47935
53005,204390
53011,488241
47177,41277