"GEOID","poverty_total","poverty_male","poverty_female"
"01001",15.1,6.2,8.9
"01003",10.2,4.3,5.9
"01005",27.1,11.2,15.9
"01007",16.6,8.7,7.9
"01009",13.4,6,7.4
"01011",27.6,12.2,15.3
"01013",22.2,8.3,13.9
"01015",17.4,7.2,10.2
"01017",17,6.7,10.3
"01019",13.7,6.2,7.5
"01021",18.8,9.1,9.7
"01023",23,10.5,12.5
"01025",22.7,9.4,13.4
"01027",17.6,7.7,9.8
"01029",17,6.3,10.6
"01031",14.8,6.4,8.5
"01033",15.3,6.5,8.8
"01035",17.4,6,11.4
"01037",13,6.5,6.5
"01039",18.2,7.5,10.7
"01041",14.9,6.6,8.3
"01043",14.6,6.7,8
"01045",17.1,7.3,9.8
"01047",28.6,11.5,17.2
"01049",20.8,9.9,10.9
"01051",10.9,4.5,6.4
"01053",20.4,9.1,11.3
"01055",17.2,7.4,9.8
"01057",19.1,8.1,11
"01059",19.1,7.5,11.6
"01061",21.7,9.3,12.4
"01063",37.7,15.8,21.9
"01065",23.8,10.5,13.3
"01067",13.5,5.6,7.9
"01069",18,7.6,10.4
"01071",18.4,8.1,10.3
"01073",15.7,6.8,8.9
"01075",20.4,9.5,10.8
"01077",14.2,5.8,8.4
"01079",17.9,7.1,10.7
"01081",18.9,8.8,10.1
"01083",13.1,5.4,7.7
"01085",26.4,11,15.5
"01087",21.4,9,12.3
"01089",12.2,5.2,7
"01091",21.6,9.9,11.7
"01093",17.2,7.9,9.3
"01095",20,8.6,11.5
"01097",18.4,7.9,10.6
"01099",27.6,12.8,14.8
"01101",18.7,8,10.7
"01103",14.4,5.8,8.6
"01105",28.1,13,15.1
"01107",20.8,8.6,12.2
"01109",23.1,10.3,12.8
"01111",16.5,7,9.6
"01113",20.3,8.8,11.5
"01115",11.9,5.9,6.1
"01117",7.4,3,4.3
"01119",29.6,13,16.6
"01121",18.2,7.6,10.6
"01123",18.6,8.3,10.3
"01125",16.8,7.1,9.7
"01127",17.8,7.5,10.3
"01129",20.9,8.8,12.1
"01131",29.1,11.6,17.5
"01133",17.4,6.5,10.9
"02013",13.7,6.9,6.9
"02016",6.5,3.5,3
"02020",8.8,4.1,4.7
"02050",27.5,14,13.4
"02060",7,2.6,4.3
"02068",15.8,9.4,6.4
"02070",17,8.8,8.1
"02090",7.6,3.4,4.2
"02100",11,5.8,5.2
"02105",10.3,4.9,5.4
"02110",7.6,3.8,3.8
"02122",11.8,5.8,6
"02130",9.4,4.6,4.8
"02150",7.6,3.8,3.9
"02158",38.7,20.3,18.4
"02164",16.4,8.8,7.7
"02170",10.1,4.9,5.2
"02180",20.8,11.6,9.2
"02185",10,5.1,4.9
"02188",25.9,13.3,12.6
"02195",5.7,2.3,3.4
"02198",17.1,10,7.1
"02220",8.5,3.8,4.7
"02230",6.3,2.8,3.5
"02240",10.7,5.9,4.8
"02261",7.7,4.3,3.4
"02275",7.8,2.7,5.1
"02282",7.4,4.9,2.5
"02290",25.1,13.2,12
"04001",34.9,16.8,18.1
"04003",15.5,6.6,8.8
"04005",16,7.9,8.1
"04007",21.2,9.7,11.5
"04009",20.2,9.3,10.9
"04011",13.1,5.5,7.6
"04012",22.1,10.4,11.7
"04013",13.6,6.3,7.3
"04015",16.1,7.6,8.5
"04017",27.1,12.6,14.5
"04019",16.3,7.6,8.7
"04021",12.3,5.7,6.6
"04023",23.1,10.8,12.3
"04025",12.8,5.7,7
"04027",18.9,8.4,10.5
"05001",17,6.8,10.2
"05003",16.5,7.2,9.3
"05005",12.9,6.4,6.6
"05007",9.3,4.1,5.2
"05009",14.4,5.6,8.8
"05011",20.3,7.5,12.8
"05013",13.1,7,6.1
"05015",14.6,7.4,7.3
"05017",27.1,11.3,15.8
"05019",17.9,7.1,10.8
"05021",20.9,8.9,12
"05023",13.8,5.7,8.1
"05025",18.1,7.9,10.2
"05027",23.1,8.8,14.2
"05029",17.5,7.8,9.7
"05031",16,6.9,9.1
"05033",16.9,7.3,9.6
"05035",21.9,9.2,12.6
"05037",15.2,6.1,9.1
"05039",13.1,5.8,7.3
"05041",28.7,13.5,15.3
"05043",17.7,8.2,9.6
"05045",16,7.2,8.8
"05047",22.6,10.4,12.2
"05049",20.4,9.7,10.7
"05051",18.3,8.4,9.9
"05053",14.3,6.8,7.5
"05055",16.1,7,9.1
"05057",22.4,9,13.4
"05059",16.8,7.6,9.3
"05061",19.1,8,11.1
"05063",16.2,7.8,8.3
"05065",14,5.7,8.4
"05067",20.5,10,10.5
"05069",20.1,8.5,11.7
"05071",22.1,9,13.2
"05073",25.3,11.9,13.4
"05075",15.1,6.8,8.3
"05077",18.1,6.4,11.8
"05079",12.4,4.9,7.5
"05081",15.8,6.1,9.7
"05083",18.4,8.3,10.2
"05085",12.1,5.3,6.8
"05087",17.3,7.8,9.4
"05089",18,7.5,10.5
"05091",19.4,8.1,11.3
"05093",23.8,10.4,13.4
"05095",26.8,11.6,15.1
"05097",20.9,8.8,12.1
"05099",22.5,11,11.5
"05101",15.7,6.8,8.9
"05103",22.8,8.7,14.1
"05105",17.7,8.2,9.5
"05107",34.2,14.9,19.3
"05109",15.1,6.7,8.4
"05111",20.9,8.8,12.1
"05113",23.6,10.6,13
"05115",17.8,7.7,10.1
"05117",14.4,5.8,8.6
"05119",16.5,7.3,9.2
"05121",18.3,8.5,9.8
"05123",21.6,9.1,12.5
"05125",9.1,4.5,4.6
"05127",19,9.8,9.1
"05129",21.5,9.5,12
"05131",18.2,8.2,10
"05133",21,9.1,12
"05135",21.8,9.7,12.2
"05137",19.6,9.3,10.3
"05139",18.9,8.5,10.3
"05141",18.3,8,10.2
"05143",15.8,7.5,8.3
"05145",14.9,6.6,8.3
"05147",24.4,8.9,15.5
"05149",16.4,7.3,9.1
"06001",9.8,4.3,5.4
"06003",19.7,11.7,8
"06005",9,3.9,5.1
"06007",18.6,8.7,9.9
"06009",11.3,5.5,5.9
"06011",12.9,6,7
"06013",8.6,3.8,4.8
"06015",17.3,7.6,9.7
"06017",8.3,3.6,4.7
"06019",22.2,10.2,11.9
"06021",17.2,7.4,9.8
"06023",19.6,9.4,10.3
"06025",22.7,10,12.7
"06027",9.1,4.8,4.3
"06029",20.3,9.1,11.2
"06031",16.4,7.6,8.8
"06033",18.3,8.1,10.2
"06035",9.2,4.4,4.8
"06037",14.7,6.7,8
"06039",18.8,8.2,10.6
"06041",7.1,3,4.1
"06043",15,7.2,7.8
"06045",17.5,7.7,9.7
"06047",20.7,9.4,11.3
"06049",18.2,9.4,8.8
"06051",12,6,6
"06053",12.6,5.8,6.8
"06055",7.6,3.7,3.9
"06057",10.9,4.8,6.2
"06059",10.7,4.8,5.9
"06061",7.7,3.5,4.1
"06063",11.9,5.6,6.4
"06065",13.5,6.1,7.4
"06067",14.5,6.8,7.7
"06069",8.4,3.9,4.5
"06071",15.5,7,8.5
"06073",11.3,5.2,6.1
"06075",10.2,4.9,5.3
"06077",14.2,6.5,7.7
"06079",11.8,5.6,6.2
"06081",6.7,3,3.7
"06083",12.9,5.9,7
"06085",7.4,3.4,4
"06087",12.6,5.7,6.8
"06089",16.4,7.7,8.8
"06091",9.6,5,4.6
"06093",18.6,8.7,9.9
"06095",9.3,4.2,5.1
"06097",9.1,4.1,5
"06099",15,6.7,8.3
"06101",15.3,7,8.3
"06103",21.8,10.2,11.6
"06105",18.7,9.2,9.5
"06107",23.5,11.1,12.4
"06109",11.9,5.2,6.7
"06111",8.8,3.9,4.9
"06113",18.4,8.1,10.2
"06115",15.2,7,8.2
"08001",10.7,4.8,5.9
"08003",21.9,10.4,11.5
"08005",8,3.6,4.4
"08007",8.7,4.1,4.6
"08009",18.4,7.5,10.9
"08011",20.3,11.3,9.1
"08013",11.3,5.5,5.8
"08014",5.5,2.3,3.3
"08015",9.1,4.3,4.7
"08017",10,5,5
"08019",7.6,3.2,4.5
"08021",21.6,10.9,10.8
"08023",27.3,13.2,14.1
"08025",23.3,12.7,10.5
"08027",12.6,6.5,6.1
"08029",17.6,7.9,9.7
"08031",12.6,5.9,6.8
"08033",13.2,9.2,4.1
"08035",3.1,1.3,1.7
"08037",8,3.4,4.5
"08039",4.8,2.1,2.7
"08041",9.8,4.5,5.3
"08043",11,4.9,6.1
"08045",8.5,4.1,4.4
"08047",4.8,1.9,2.9
"08049",9.4,4.7,4.7
"08051",12.8,6.6,6.2
"08053",9.8,4.7,5.1
"08055",15.4,6.8,8.7
"08057",9.6,4.3,5.3
"08059",7,3.2,3.8
"08061",11.9,5.5,6.4
"08063",5.7,2.3,3.3
"08065",14.3,7.2,7.1
"08067",8.8,3.9,5
"08069",11.3,5.3,5.9
"08071",17.3,8.1,9.2
"08073",9.2,4.1,5.2
"08075",12.1,6.3,5.8
"08077",13.9,6.2,7.7
"08079",13.7,6.1,7.6
"08081",16.8,8.3,8.5
"08083",15,7.4,7.6
"08085",14.9,6.2,8.7
"08087",10.8,4.2,6.6
"08089",23.1,10.1,13
"08091",7.2,3.4,3.8
"08093",7.2,3.8,3.5
"08095",6,2.6,3.3
"08097",6.7,3.1,3.6
"08099",15.5,6.2,9.4
"08101",18.4,8.5,9.9
"08103",10,4.2,5.8
"08105",16.8,7.3,9.5
"08107",10.8,5.3,5.5
"08109",17.5,7.3,10.2
"08111",5.3,1,4.2
"08113",11.3,4.3,7
"08115",18.7,6.5,12.2
"08117",8,3.4,4.6
"08119",8.1,3.5,4.6
"08121",11,5.1,5.9
"08123",9.8,4.3,5.5
"08125",13.6,6.2,7.4
"09001",8.7,3.7,5
"09003",10.5,4.6,5.9
"09005",6.8,3.3,3.5
"09007",6.7,2.9,3.8
"09009",11.4,5,6.4
"09011",9,3.9,5.1
"09013",6.6,3.2,3.4
"09015",10.9,4.8,6.1
"10001",13.1,5.6,7.5
"10003",11,4.8,6.2
"10005",11.1,4.7,6.4
"11001",15.5,6.6,8.9
"12001",20.2,9.5,10.7
"12003",10.7,5.3,5.4
"12005",14.4,6.4,8
"12007",19,8.5,10.6
"12009",11.7,5.2,6.5
"12011",13,5.7,7.3
"12013",12.6,5.6,7
"12015",10.8,5,5.8
"12017",15.4,6.4,9
"12019",10.1,4.8,5.4
"12021",11.1,5.2,5.9
"12023",14.7,6.3,8.4
"12027",25.5,14.1,11.4
"12029",19,9,10
"12031",14.1,6.2,8
"12033",13.2,6.2,7
"12035",12.3,5.6,6.7
"12037",16.2,6.5,9.7
"12039",21.1,9.7,11.3
"12041",15.7,6.8,8.9
"12043",15.9,6.3,9.6
"12045",10.9,5.4,5.5
"12047",23,10.9,12.1
"12049",22.5,10.2,12.3
"12051",24.9,13,11.9
"12053",13.9,6.2,7.7
"12055",18.3,8.5,9.8
"12057",14.4,6.4,7.9
"12059",20.6,9.2,11.4
"12061",11.3,5,6.3
"12063",16.2,7.3,9
"12065",14,4.7,9.3
"12067",10.5,3.9,6.7
"12069",11.8,5.2,6.6
"12071",12.9,6,7
"12073",19.6,9.4,10.2
"12075",20.5,9.4,11
"12077",13.9,5.8,8.2
"12079",24.5,11.5,13
"12081",11.6,5.2,6.4
"12083",15.6,7,8.6
"12085",9.7,4.2,5.5
"12086",16.9,7.3,9.6
"12087",10.8,5.7,5.1
"12089",10.4,4.5,5.9
"12091",10.6,4.9,5.7
"12093",19.4,8.9,10.5
"12095",14.5,6.5,8
"12097",14.7,6.7,8
"12099",12,5.3,6.7
"12101",12.5,5.7,6.8
"12103",12,5.4,6.6
"12105",15.5,6.9,8.6
"12107",23.1,10.6,12.5
"12109",8.1,3.7,4.4
"12111",13.2,5.8,7.4
"12113",9.3,4,5.2
"12115",8.8,3.8,5
"12117",10.6,4.6,5.9
"12119",7.6,3.2,4.4
"12121",14.3,6.4,7.9
"12123",17.3,7.8,9.5
"12125",13,5.4,7.6
"12127",14,6.4,7.6
"12129",10.9,4.9,6.1
"12131",12.9,6.5,6.3
"12133",21.4,10.6,10.8
"13001",21.9,10.9,11
"13003",30.1,14.5,15.7
"13005",22.2,9.4,12.8
"13007",22.9,11.5,11.4
"13009",21.6,9.8,11.8
"13011",13.3,6.1,7.2
"13013",12.5,5.3,7.2
"13015",13.9,6.2,7.6
"13017",28.9,12.6,16.4
"13019",23.8,10.1,13.7
"13021",23.8,9.8,14
"13023",15.8,5.8,10
"13025",19.5,8.9,10.6
"13027",22.5,9.9,12.5
"13029",12.3,5.6,6.7
"13031",23.5,11.1,12.3
"13033",21.9,8.7,13.2
"13035",18.9,7.7,11.2
"13037",18.9,6.2,12.7
"13039",15,7,7.9
"13043",30,13.5,16.5
"13045",16.7,7.1,9.6
"13047",9.8,3.9,5.9
"13049",22.8,11.4,11.4
"13051",14.4,6,8.4
"13053",13.4,6,7.4
"13055",17.8,8.6,9.2
"13057",7.4,3.5,3.9
"13059",27.1,12.1,15
"13061",38.8,14.4,24.4
"13063",18.2,7.3,10.8
"13065",39.6,20.8,18.8
"13067",9,4,5
"13069",18.1,8.1,10
"13071",24.5,10.7,13.8
"13073",7.4,3.5,3.9
"13075",23.6,9.1,14.5
"13077",10.6,4.6,6
"13079",19.7,9.2,10.5
"13081",31.2,13.8,17.3
"13083",12.5,5.2,7.3
"13085",8.5,4.5,4
"13087",23.2,9,14.3
"13089",14.8,6.6,8.2
"13091",19.6,8.4,11.2
"13093",21.7,9.3,12.4
"13095",27.2,11.6,15.6
"13097",12.7,5.6,7.1
"13099",29.9,9.8,20.1
"13101",24.1,11.5,12.6
"13103",8.4,3.1,5.3
"13105",21,8.9,12.1
"13107",21.2,9.7,11.5
"13109",25.5,12.4,13.1
"13111",12.2,4.8,7.5
"13113",5.5,2.1,3.4
"13115",17.6,8.3,9.3
"13117",5.7,2.4,3.3
"13119",22.3,10.7,11.6
"13121",13.9,6,7.9
"13123",16.6,8,8.7
"13125",18.4,8.6,9.7
"13127",17.9,7.8,10.1
"13129",17.8,8.1,9.7
"13131",22.1,10.4,11.7
"13133",19.3,8.3,11
"13135",10.6,4.7,5.9
"13137",14.3,6.1,8.2
"13139",13.8,6.4,7.4
"13141",15.7,4.2,11.5
"13143",14.6,5.6,9.1
"13145",6.1,2,4.1
"13147",14.6,6.7,7.9
"13149",14,6.3,7.8
"13151",8.5,3.5,4.9
"13153",13.7,5.7,8.1
"13155",23.5,13.1,10.3
"13157",11.1,4.9,6.2
"13159",15.2,6.8,8.4
"13161",21.9,8.4,13.5
"13163",23.8,9.3,14.5
"13165",30.2,13.8,16.4
"13167",21.1,9.8,11.3
"13169",13.9,6.2,7.7
"13171",17.2,7.4,9.8
"13173",22.2,9.1,13.1
"13175",26.5,12.4,14.1
"13177",12.3,5.8,6.5
"13179",15.3,6.5,8.9
"13181",20.4,7.4,12.9
"13183",18.6,7.9,10.7
"13185",23.5,10.6,13
"13187",14.4,6,8.4
"13189",23.7,9.2,14.5
"13191",17.4,8.1,9.3
"13193",21.5,9.5,12.1
"13195",17,6.9,10.1
"13197",16.4,5.4,11.1
"13199",22.8,9.1,13.7
"13201",21,8.1,12.9
"13205",20.6,7.5,13.1
"13207",13.3,6.6,6.8
"13209",16.9,6.6,10.2
"13211",9.1,3.6,5.5
"13213",15.4,6.8,8.6
"13215",19.9,8.8,11.1
"13217",15.3,6.6,8.7
"13219",6.1,2.8,3.4
"13221",12.7,5.1,7.6
"13223",8.1,3.2,4.9
"13225",20.7,9.7,11
"13227",10.1,4.3,5.8
"13229",21.9,10.6,11.3
"13231",9.4,4,5.4
"13233",18.2,8,10.3
"13235",19,10,9
"13237",15.9,6.3,9.6
"13239",20.3,7.4,12.9
"13241",17.7,8,9.7
"13243",31.9,13.9,18
"13245",21.9,9.2,12.7
"13247",13,5.8,7.2
"13249",17.2,5.2,11.9
"13251",21.7,9.1,12.6
"13253",23.4,8.5,15
"13255",17.6,7.1,10.4
"13257",12.8,4.9,7.9
"13259",22.5,10.1,12.4
"13261",25.2,10.1,15.1
"13263",18.8,9.6,9.1
"13265",21.1,8,13.1
"13267",17.4,6.5,10.9
"13269",25.5,11.7,13.8
"13271",23.1,8.9,14.2
"13273",31.1,12.2,18.9
"13275",18.8,8.4,10.4
"13277",22.2,10.2,12
"13279",23,9.9,13.1
"13281",14.3,6.2,8.1
"13283",26,13.1,12.9
"13285",20.7,8.7,12.1
"13287",32.2,12.6,19.6
"13289",19.2,9.1,10
"13291",14.1,6,8.1
"13293",20.4,9,11.5
"13295",15.8,7.1,8.7
"13297",11.9,4.5,7.4
"13299",23.1,8.8,14.3
"13301",26.5,10.9,15.6
"13303",20.1,7.5,12.7
"13305",14.1,5.3,8.8
"13307",22.4,11.3,11.1
"13309",24.9,15.2,9.7
"13311",10.7,4.4,6.3
"13313",15.7,7,8.7
"13315",18.4,7.7,10.8
"13317",23.3,11.4,11.9
"13319",23.1,9.9,13.2
"13321",18.8,7.7,11
"15001",15.4,7.4,8
"15003",8,3.5,4.5
"15005",9.1,6.1,3
"15007",8,3.9,4.1
"15009",9.2,4.5,4.6
"16001",10.6,4.9,5.7
"16003",12.1,6.5,5.5
"16005",16,7.1,8.8
"16007",16.6,8,8.6
"16009",17,7.8,9.2
"16011",11,5.8,5.2
"16013",12.5,6.1,6.4
"16015",10.7,3.8,6.8
"16017",14.4,6.1,8.3
"16019",10.4,4.4,6
"16021",19,9.4,9.6
"16023",17.7,9.8,8
"16025",15.6,6.9,8.7
"16027",13.2,6.3,6.9
"16029",8.7,4.5,4.1
"16031",14.1,6.7,7.4
"16033",13.3,8.9,4.4
"16035",11.4,5.3,6.1
"16037",18.2,8.5,9.7
"16039",14.8,6.7,8.1
"16041",10.4,4.4,6
"16043",12.4,4.5,7.9
"16045",16.8,8.3,8.5
"16047",16.1,7.1,9
"16049",13.8,6.8,7
"16051",6.8,3.4,3.4
"16053",18.9,7.8,11.1
"16055",11.6,5.1,6.5
"16057",16.6,8.9,7.7
"16059",12,5.2,6.7
"16061",16,7.2,8.8
"16063",12,6.7,5.3
"16065",30.5,14.5,16.1
"16067",16.6,7.8,8.8
"16069",13,6.2,6.7
"16071",11.3,3.8,7.5
"16073",15.9,8.1,7.8
"16075",13.2,5.9,7.3
"16077",11.4,5.4,5.9
"16079",19,8.6,10.5
"16081",4.5,2,2.5
"16083",14.1,6.8,7.4
"16085",7.1,3.1,4.1
"16087",13.2,5.6,7.6
"17001",12.2,5.5,6.7
"17003",24.8,11.1,13.7
"17005",12.6,6.3,6.3
"17007",10,3.9,6
"17009",8.3,3.1,5.2
"17011",12.2,5.4,6.8
"17013",11.3,6.6,4.8
"17015",10.4,4.2,6.3
"17017",14.6,6.1,8.5
"17019",18.5,8.8,9.7
"17021",11.6,4.2,7.4
"17023",10.9,5,5.9
"17025",16.2,7,9.2
"17027",7.3,3.6,3.7
"17029",19.3,8.7,10.6
"17031",14.1,6.1,8
"17033",10.2,4.2,6
"17035",13.7,6.5,7.1
"17037",15.8,7.1,8.7
"17039",11.1,5.2,5.9
"17041",10.6,4.8,5.9
"17043",6.3,2.7,3.6
"17045",11.8,4.7,7.1
"17047",10.1,4.3,5.7
"17049",10.5,4.5,6
"17051",15.9,8.1,7.8
"17053",13.5,6.3,7.2
"17055",19.1,8.8,10.2
"17057",13.6,6,7.6
"17059",20.7,9.3,11.5
"17061",12.7,5.7,7
"17063",7.5,2.8,4.8
"17065",9.1,3.5,5.7
"17067",13.5,6,7.4
"17069",12.7,4.8,7.9
"17071",7.7,2.8,4.9
"17073",10.6,4.8,5.8
"17075",12.1,5.6,6.5
"17077",24.7,11.5,13.2
"17079",13.4,5.7,7.7
"17081",15.9,6.5,9.4
"17083",9.4,3.8,5.6
"17085",8.4,3.5,5
"17087",8.8,3.4,5.4
"17089",9.3,4.1,5.2
"17091",13.6,6.1,7.5
"17093",4.5,1.8,2.7
"17095",16.7,8,8.7
"17097",7.7,3.4,4.3
"17099",12.9,5.8,7.1
"17101",13.8,6,7.8
"17103",11.3,5,6.3
"17105",14,6.1,7.9
"17107",8,3.5,4.5
"17109",19.4,9,10.5
"17111",6.9,3.3,3.7
"17113",14.2,6.6,7.7
"17115",16.4,7,9.4
"17117",13.6,5.5,8.1
"17119",12.9,5.7,7.2
"17121",17.2,7.6,9.6
"17123",10.2,3.8,6.4
"17125",14,6.4,7.6
"17127",16.4,6.7,9.7
"17129",9.2,4,5.1
"17131",9.5,4.1,5.4
"17133",4.1,1.7,2.4
"17135",14.9,6.4,8.5
"17137",12.8,5.7,7.1
"17139",7.1,3.3,3.8
"17141",9.4,4,5.4
"17143",15.2,6.8,8.4
"17145",14,4.9,9.1
"17147",5.2,2.6,2.5
"17149",13.4,5.7,7.7
"17151",14.8,7,7.8
"17153",20.3,8.2,12
"17155",8.4,4.6,3.8
"17157",11.2,5.3,5.8
"17159",14.4,6.1,8.4
"17161",13.5,5.7,7.7
"17163",14.5,6.1,8.4
"17165",20.6,9.9,10.7
"17167",14.2,6.4,7.8
"17169",18.6,13.9,4.7
"17171",12.8,5.7,7.1
"17173",10.7,5.1,5.6
"17175",15.2,5.5,9.6
"17177",13.3,6.3,7
"17179",8.1,3.6,4.5
"17181",17.7,9,8.8
"17183",18.2,8.5,9.7
"17185",11.9,5.2,6.6
"17187",12,4.7,7.3
"17189",7,2.9,4.1
"17191",13.2,6,7.2
"17193",13.6,5.6,8
"17195",10.4,4.7,5.7
"17197",6.6,2.9,3.8
"17199",13.4,6.1,7.3
"17201",15.3,6.7,8.5
"17203",6.9,3.1,3.7
"18001",16.5,7.7,8.8
"18003",13,5.7,7.4
"18005",13.2,5.7,7.4
"18007",13.3,4.9,8.5
"18009",12.6,5.7,6.9
"18011",5.9,2.5,3.4
"18013",8.9,3.4,5.5
"18015",9.5,4.4,5.1
"18017",14.1,6.8,7.3
"18019",9.9,4.4,5.5
"18021",12.3,5.2,7.1
"18023",12.1,5.1,7
"18025",17.6,8.4,9.1
"18027",11.7,5.8,5.9
"18029",9,4.3,4.7
"18031",11.2,4.4,6.8
"18033",11.2,4.5,6.8
"18035",20.5,9.1,11.4
"18037",8.9,3.5,5.3
"18039",12.2,5.3,6.9
"18041",18.7,7.4,11.3
"18043",9.6,3.9,5.7
"18045",11,4.9,6
"18047",9,3.8,5.2
"18049",12.2,5,7.1
"18051",9.1,4.2,4.9
"18053",16.5,7.4,9.1
"18055",14.1,5.7,8.4
"18057",4.5,1.9,2.6
"18059",6.6,2.7,3.9
"18061",10.8,4.5,6.3
"18063",4.9,2.1,2.8
"18065",14,6.2,7.8
"18067",14.6,6.7,7.9
"18069",10.5,4.5,6
"18071",14.2,5.5,8.8
"18073",7.9,3.2,4.8
"18075",13.9,5.7,8.1
"18077",12.4,4.9,7.6
"18079",10.8,5.1,5.7
"18081",7.3,3.3,3.9
"18083",14.5,6.4,8.1
"18085",9.6,3.7,5.9
"18087",6.4,3.3,3
"18089",15.4,6.6,8.8
"18091",14.1,6.2,7.9
"18093",12.2,5.1,7.1
"18095",15.7,6.9,8.8
"18097",17.4,7.7,9.7
"18099",12.7,5.3,7.5
"18101",11.3,5.5,5.9
"18103",14.3,6.9,7.4
"18105",21,10.5,10.5
"18107",11,5,6
"18109",10.3,4.1,6.2
"18111",12.6,5.3,7.3
"18113",7.3,3.4,3.9
"18115",7,2.8,4.2
"18117",14.6,6.2,8.4
"18119",15.1,6.3,8.8
"18121",13.2,5.1,8.1
"18123",10.8,4.4,6.4
"18125",11.5,5.2,6.3
"18127",9.6,4,5.6
"18129",8.8,3.8,5.1
"18131",12.1,4.9,7.2
"18133",9.7,4.3,5.3
"18135",14.5,6,8.5
"18137",11.7,5.4,6.3
"18139",14.2,5.7,8.5
"18141",14.8,6.6,8.2
"18143",14.6,6.1,8.5
"18145",11,4.6,6.5
"18147",9.2,3.2,5.9
"18149",14.7,5.6,9.2
"18151",8.9,3.9,5
"18153",10.7,3.7,6.9
"18155",18.8,9.4,9.3
"18157",17.1,8.7,8.3
"18159",8.4,3.2,5.2
"18161",7.2,2.8,4.4
"18163",16.1,6.8,9.3
"18165",14.7,6.7,7.9
"18167",17.5,8.3,9.3
"18169",10.8,4.3,6.5
"18171",11.5,5.1,6.4
"18173",6.8,2.7,4.1
"18175",11.8,5.5,6.3
"18177",15.7,6.5,9.1
"18179",8.2,3.3,4.9
"18181",9.1,3.4,5.7
"18183",9.5,4.4,5.1
"19001",10.6,4.2,6.4
"19003",13.8,5.9,7.9
"19005",10.7,4.5,6.2
"19007",17.4,8.8,8.7
"19009",11.3,4.3,7.1
"19011",8.6,3.4,5.2
"19013",15.2,6.4,8.8
"19015",7.5,3.3,4.2
"19017",6.9,3.1,3.8
"19019",8.6,3.7,4.9
"19021",12.3,5.7,6.6
"19023",10.1,5,5.1
"19025",11.6,4.8,6.8
"19027",8.4,4.1,4.4
"19029",13.6,5.8,7.8
"19031",6.8,2.8,4
"19033",9.9,3.8,6.1
"19035",10.6,4.7,5.9
"19037",6.6,2.9,3.7
"19039",12.6,6,6.6
"19041",10.6,3.8,6.8
"19043",11.3,5.7,5.6
"19045",12.8,5.5,7.3
"19047",17.5,7.9,9.6
"19049",5.2,2.4,2.8
"19051",9.7,3.8,6
"19053",16.7,8.6,8.1
"19055",9.1,4.2,4.8
"19057",15.8,6.4,9.4
"19059",8.1,3.2,4.9
"19061",11,4.4,6.6
"19063",11.2,4.3,6.9
"19065",11,5.1,5.8
"19067",14.3,4.8,9.5
"19069",13.4,6.6,6.8
"19071",10.3,4.3,5.9
"19073",8.2,2.8,5.3
"19075",5.5,2.1,3.4
"19077",8.6,3.9,4.7
"19079",9.7,4.2,5.5
"19081",9.8,4.2,5.6
"19083",9.2,3.5,5.7
"19085",9.6,3.6,6
"19087",9.9,4.4,5.5
"19089",8.8,3,5.8
"19091",12.8,5.5,7.3
"19093",9.4,4.4,5
"19095",8.6,3.9,4.7
"19097",12.9,5.5,7.4
"19099",8.6,4,4.6
"19101",11.5,4.9,6.6
"19103",17.1,8.4,8.8
"19105",8.5,3.4,5.2
"19107",9.8,4.2,5.5
"19109",10.7,4.1,6.6
"19111",13.6,5.7,7.9
"19113",9.9,4.4,5.6
"19115",10,4.2,5.8
"19117",11.5,5.3,6.3
"19119",4.6,2,2.6
"19121",5,1.8,3.2
"19123",13.3,6,7.3
"19125",7.4,2.8,4.6
"19127",11.6,5.3,6.3
"19129",8.2,3,5.2
"19131",6.7,2.9,3.8
"19133",14.2,5.8,8.4
"19135",10.4,4.7,5.7
"19137",11.7,4.5,7.3
"19139",9.5,4,5.5
"19141",10.4,4.6,5.9
"19143",12.3,5.2,7.1
"19145",10.6,4.6,6
"19147",6.2,3.1,3.1
"19149",8.9,4,5
"19151",10.5,3.9,6.6
"19153",10.2,4.6,5.6
"19155",10.5,4.6,5.9
"19157",9,3.5,5.5
"19159",8.3,3.3,5
"19161",9.7,4.6,5.1
"19163",11.8,5.5,6.3
"19165",7.8,3.2,4.6
"19167",5.9,2.4,3.5
"19169",18.6,10,8.6
"19171",11.6,4.6,7
"19173",9.8,4.6,5.2
"19175",13.9,5.7,8.2
"19177",12.7,6.4,6.3
"19179",14.6,6.6,8
"19181",7.9,3.1,4.7
"19183",9.7,4.2,5.5
"19185",16.9,7.8,9.1
"19187",12.7,5.3,7.4
"19189",8.4,3.4,5
"19191",7.3,2.4,4.9
"19193",12.3,5.5,6.8
"19195",8.4,4,4.4
"19197",11.5,5.1,6.3
"20001",17,7.1,10
"20003",14.7,7.2,7.4
"20005",13.9,5.1,8.9
"20007",16.1,8.7,7.5
"20009",15,6.2,8.8
"20011",15.5,7.6,7.9
"20013",13.1,5.3,7.8
"20015",9,4.2,4.9
"20017",11.4,5.7,5.7
"20019",18.2,9.4,8.8
"20021",12.9,5.8,7.1
"20023",9.3,4.2,5.1
"20025",10.5,3.3,7.2
"20027",7.9,4.6,3.3
"20029",10.8,4.9,5.9
"20031",12.2,5.1,7.1
"20033",10.1,4.8,5.2
"20035",13.2,5.3,8
"20037",19.3,9.4,9.9
"20039",15.1,4.5,10.6
"20041",11.6,5.3,6.3
"20043",12.1,5,7.1
"20045",16.8,8.7,8.1
"20047",9.7,3.8,5.9
"20049",17.8,7.5,10.3
"20051",14.8,7,7.8
"20053",7.9,3.7,4.3
"20055",12.1,5.4,6.8
"20057",14.2,6.3,7.9
"20059",9.6,3.6,6
"20061",12.6,5.3,7.4
"20063",9.8,4.8,5
"20065",9.6,4,5.6
"20067",11.4,3.9,7.5
"20069",5.6,2.2,3.4
"20071",7.3,3,4.2
"20073",13.1,5.8,7.3
"20075",10.5,4.7,5.8
"20077",15.6,7.5,8.1
"20079",9.2,3.9,5.3
"20081",10.4,3.8,6.6
"20083",10.9,4.5,6.4
"20085",11.5,4.3,7.2
"20087",7.4,3.7,3.7
"20089",17.4,8.5,8.8
"20091",5.3,2.2,3.1
"20093",19.2,6.9,12.3
"20095",7.5,3.6,3.9
"20097",6.2,3,3.2
"20099",18,7.5,10.5
"20101",12,6.7,5.2
"20103",7.9,3.3,4.6
"20105",8.9,4.2,4.7
"20107",16.2,7.1,9.1
"20109",8,4.3,3.6
"20111",16.1,7.2,8.9
"20113",8.3,3.9,4.5
"20115",8.1,3.9,4.3
"20117",8.8,4.3,4.5
"20119",6.3,1.9,4.4
"20121",6.7,2.9,3.9
"20123",14.2,7.4,6.8
"20125",18.2,8.7,9.5
"20127",8.9,3.9,5
"20129",9.9,3.4,6.5
"20131",8.5,3.3,5.2
"20133",18.2,8,10.1
"20135",10,4.2,5.8
"20137",10.4,3.2,7.2
"20139",14,6.9,7.1
"20141",14.3,6.3,8
"20143",9.7,4.4,5.4
"20145",5.3,1.3,4
"20147",9.6,4,5.6
"20149",8,3.5,4.5
"20151",11.1,3.3,7.8
"20153",10.7,4.8,6
"20155",12.3,5.3,7
"20157",10.6,4.7,5.8
"20159",13.2,6.9,6.3
"20161",19.4,9.4,10.1
"20163",7.5,2.9,4.6
"20165",10.1,5.6,4.5
"20167",11,6.5,4.4
"20169",11.2,4.6,6.6
"20171",5.9,2.2,3.7
"20173",13.5,6.1,7.4
"20175",16.4,7.3,9.1
"20177",11.1,5.1,6
"20179",5.2,1.8,3.4
"20181",11.1,5.9,5.3
"20183",11,4.2,6.8
"20185",12.1,6.2,6
"20187",18,9.2,8.8
"20189",19.6,5.8,13.8
"20191",11.5,5.1,6.4
"20193",11.3,5.2,6.1
"20195",6.7,4.2,2.5
"20197",4.8,1.9,2.9
"20199",9.3,4.4,4.9
"20201",10.6,4.9,5.7
"20203",3.2,1.1,2.1
"20205",13.8,6.4,7.4
"20207",19.1,8.1,11
"20209",19,8.4,10.6
"21001",19,9.1,9.9
"21003",18.5,8,10.4
"21005",15.5,7.1,8.4
"21007",15.1,5.8,9.3
"21009",23.6,10.2,13.4
"21011",20.2,8.2,12
"21013",34.4,15.4,19
"21015",7.1,3,4.1
"21017",15,6.1,8.9
"21019",18.1,8.3,9.8
"21021",12.7,5.9,6.8
"21023",17.6,7.4,10.2
"21025",33.7,16,17.7
"21027",18.2,8.3,9.9
"21029",8.9,3.8,5.1
"21031",18.9,7.9,10.9
"21033",16.6,6.8,9.8
"21035",19.4,9,10.4
"21037",13,5.4,7.6
"21039",16.6,8.1,8.5
"21041",23.2,10.9,12.3
"21043",24.6,11.4,13.2
"21045",24.8,11.4,13.4
"21047",17.7,7.4,10.3
"21049",14.5,6.1,8.3
"21051",34.1,16.6,17.5
"21053",23.8,11,12.8
"21055",14,6.4,7.5
"21057",21,8.7,12.3
"21059",16.1,7.2,8.9
"21061",18,7.5,10.5
"21063",24.1,12,12.1
"21065",30.5,13.2,17.3
"21067",16.1,7.3,8.8
"21069",19.8,10.1,9.7
"21071",30.1,13.6,16.5
"21073",11.9,5,6.9
"21075",26.2,11.5,14.6
"21077",14.4,7.7,6.7
"21079",15.5,7,8.6
"21081",16.1,6.4,9.7
"21083",19.2,8.8,10.4
"21085",25.1,12.2,12.9
"21087",17.8,8.5,9.2
"21089",16.6,7,9.7
"21091",11.6,5.1,6.5
"21093",12.8,5,7.9
"21095",35,15.8,19.2
"21097",17.2,7.5,9.7
"21099",21.1,9.4,11.6
"21101",18.1,7.8,10.2
"21103",18.2,7.7,10.5
"21105",14.3,4.9,9.5
"21107",18.8,7.8,11
"21109",31.7,15.4,16.3
"21111",13.9,6.1,7.9
"21113",16.3,7,9.3
"21115",22.1,9.6,12.5
"21117",11.3,5.2,6.1
"21119",29.7,14.1,15.6
"21121",32.2,14.3,18
"21123",14.2,5.5,8.7
"21125",22.8,10.2,12.6
"21127",26.3,12.7,13.5
"21129",32.5,15.6,16.9
"21131",35.8,15.3,20.5
"21133",33.2,15.7,17.5
"21135",24,11.2,12.8
"21137",20.8,10.1,10.7
"21139",14.4,5.6,8.8
"21141",16.8,6.8,9.9
"21143",13.3,5,8.3
"21145",15.4,6.8,8.6
"21147",30.5,14.7,15.9
"21149",15.8,7.6,8.2
"21151",17.5,8,9.5
"21153",27.9,14.2,13.7
"21155",22,9.4,12.6
"21157",10.2,4.9,5.2
"21159",17.7,8.9,8.8
"21161",17.4,7.5,9.9
"21163",12,5.2,6.8
"21165",23.4,11.8,11.6
"21167",14,5.3,8.8
"21169",23,10.1,12.8
"21171",23.5,11,12.5
"21173",18,7.4,10.5
"21175",19.8,9.4,10.4
"21177",14.8,6.5,8.3
"21179",9.1,3.8,5.3
"21181",27.5,12.3,15.2
"21183",18.4,7.5,10.9
"21185",5.6,2.6,3
"21187",18.7,8.7,10
"21189",29.4,13.6,15.8
"21191",17.5,7.3,10.2
"21193",25.2,11.9,13.3
"21195",24.4,10.8,13.6
"21197",20.7,7.1,13.6
"21199",22.3,9.7,12.6
"21201",24.6,10.4,14.2
"21203",19.5,7.4,12.1
"21205",24.4,10.6,13.9
"21207",22.8,10,12.8
"21209",11.2,4.8,6.4
"21211",10.9,4.8,6.1
"21213",15.2,5.1,10.1
"21215",9.6,4.1,5.5
"21217",17.1,6.5,10.6
"21219",18.3,8,10.3
"21221",11.6,4.4,7.2
"21223",17.1,7.9,9.1
"21225",19.8,11.1,8.8
"21227",15.8,6.9,8.9
"21229",14.8,7,7.8
"21231",24.7,12.1,12.6
"21233",22.2,10.4,11.8
"21235",22.2,9.3,13
"21237",28.6,12.1,16.4
"21239",12.8,5.9,7
"22001",23.7,9.1,14.6
"22003",11.9,4.8,7.2
"22005",10.5,4.2,6.3
"22007",19,7.4,11.6
"22009",22.1,8.6,13.5
"22011",15.3,6.7,8.6
"22013",27.7,12.9,14.8
"22015",16.8,7,9.8
"22017",22.9,10,12.8
"22019",17,7.2,9.8
"22021",23.9,12.7,11.2
"22023",9.9,4.4,5.4
"22025",19.2,7.1,12.1
"22027",28.9,15.6,13.3
"22029",22.4,10,12.5
"22031",21.8,9.3,12.5
"22033",17.7,7.7,10
"22035",27.8,8.4,19.4
"22037",14.3,6.6,7.7
"22039",27.1,11.8,15.3
"22041",27.2,11.6,15.6
"22043",16.1,7.1,9
"22045",21.8,8.9,12.9
"22047",16.4,7,9.4
"22049",21,8.5,12.5
"22051",15.3,6.6,8.7
"22053",18.8,8.1,10.7
"22055",16.9,7.4,9.6
"22057",15.2,6.2,9
"22059",18.1,8.4,9.7
"22061",28.3,12.7,15.6
"22063",12.3,5.4,6.9
"22065",30.1,11,19.2
"22067",27.4,11.4,16
"22069",31.6,13.6,17.9
"22071",22.9,10.1,12.7
"22073",23.6,10,13.6
"22075",17.9,6.8,11.1
"22077",20.6,9.8,10.8
"22079",19,8.7,10.3
"22081",24.6,11.5,13.1
"22083",29.1,13.8,15.3
"22085",18.3,7.6,10.6
"22087",20.9,9.5,11.5
"22089",11.1,5,6
"22091",18.1,6.6,11.5
"22093",16.9,6,10.9
"22095",17.1,6.8,10.4
"22097",25.7,11,14.7
"22099",18.6,8.1,10.5
"22101",19.4,9,10.4
"22103",11.3,4.7,6.6
"22105",20.8,8.9,12
"22107",34.6,17.3,17.3
"22109",20.3,9,11.3
"22111",16.8,7.7,9.2
"22113",17.4,7.1,10.2
"22115",16.4,7.3,9.1
"22117",23.3,9.3,14
"22119",29.1,13,16.1
"22121",12,5.2,6.9
"22123",21,8.1,13
"22125",9.4,5.2,4.2
"22127",16.2,6.9,9.3
"23001",11.4,5.1,6.3
"23003",15.6,6.9,8.6
"23005",8.8,4.1,4.7
"23007",11,4.5,6.5
"23009",10.5,4.4,6.1
"23011",12.4,5.4,7
"23013",9.5,3.8,5.7
"23015",12.1,5.1,7
"23017",14.9,6.5,8.4
"23019",14.2,6.4,7.7
"23021",18.1,7.7,10.4
"23023",9.6,4,5.5
"23025",20,9.2,10.8
"23027",13.2,5.4,7.7
"23029",18.3,7.5,10.8
"23031",7.3,3.2,4.1
"24001",14.7,6.6,8.1
"24003",5.6,2.3,3.3
"24005",8.8,3.8,5
"24009",4.6,2.1,2.5
"24011",13.7,5.6,8
"24013",5.1,2.2,2.9
"24015",9.7,4.8,4.8
"24017",6.2,2.8,3.4
"24019",15.6,7.5,8.1
"24021",6.7,2.9,3.8
"24023",10.1,4.5,5.7
"24025",7.1,3,4.1
"24027",5,2.1,2.8
"24029",10.5,5.6,4.9
"24031",6.8,2.8,4
"24033",8.3,3.5,4.8
"24035",5.7,2.5,3.1
"24037",7.9,3.3,4.6
"24039",16.5,7.1,9.3
"24041",8.6,3.4,5.2
"24043",11.5,5,6.5
"24045",14.8,6.4,8.4
"24047",8.9,4.1,4.8
"24510",20.4,8.9,11.6
"25001",6.3,2.5,3.8
"25003",10.3,4.8,5.5
"25005",11,4.8,6.2
"25007",7.5,3.6,3.9
"25009",10.1,4.2,5.9
"25011",9.5,4.3,5.2
"25013",15.9,6.9,9
"25015",10.4,5,5.4
"25017",7.2,3.2,4
"25019",8.6,4.2,4.4
"25021",6.2,2.6,3.6
"25023",7.2,2.9,4.3
"25025",17.2,7.4,9.8
"25027",9.8,4.2,5.5
"26001",16.8,7.3,9.4
"26003",9.9,5.2,4.7
"26005",10.2,4.3,5.9
"26007",14,6.8,7.2
"26009",10.9,4.9,6
"26011",16.9,8.1,8.8
"26013",12.7,5.2,7.4
"26015",7.6,3,4.6
"26017",15.6,7.2,8.5
"26019",9.4,4.6,4.7
"26021",15.8,6.8,8.9
"26023",14.9,6.6,8.3
"26025",16,7.4,8.6
"26027",12,5.5,6.5
"26029",10,4.3,5.7
"26031",14.7,6.9,7.8
"26033",16.6,7.5,9.2
"26035",22.4,10.2,12.3
"26037",8.7,3.8,5
"26039",16,7.5,8.4
"26041",12.7,5.9,6.8
"26043",11.5,4.8,6.8
"26045",10,4.4,5.6
"26047",9,3.8,5.3
"26049",18.7,8.4,10.3
"26051",16.7,7,9.7
"26053",15.6,7.5,8.2
"26055",9.4,4.6,4.8
"26057",14.4,6.5,7.9
"26059",15.6,7.4,8.2
"26061",18.7,11,7.7
"26063",12.9,5.5,7.4
"26065",18.3,8.5,9.8
"26067",11.1,4.9,6.2
"26069",15,7,7.9
"26071",12.7,5.2,7.5
"26073",23.6,10.9,12.8
"26075",12.9,5.5,7.4
"26077",14.5,6.8,7.7
"26079",16.5,8,8.6
"26081",11.5,5.2,6.4
"26083",10.6,4.1,6.5
"26085",20.4,9.8,10.6
"26087",9.9,4.2,5.7
"26089",6.1,3.3,2.7
"26091",10.8,4.5,6.2
"26093",5.2,2.2,2.9
"26095",14.1,7.2,6.9
"26097",16.2,7.3,8.9
"26099",10.5,4.6,5.9
"26101",10.8,5,5.8
"26103",14.7,6.6,8.1
"26105",14.8,6.5,8.4
"26107",19.7,9.2,10.6
"26109",12.5,5.8,6.7
"26111",10.3,4.9,5.4
"26113",14,5.8,8.3
"26115",11,4.8,6.2
"26117",13.7,6,7.7
"26119",16.3,7,9.3
"26121",14.8,6.6,8.2
"26123",16.4,7.2,9.2
"26125",8.1,3.5,4.6
"26127",14.8,7.3,7.5
"26129",16.7,7.8,8.9
"26131",13.5,6.5,7
"26133",17.6,8.2,9.4
"26135",16,8,8
"26137",13.5,6.2,7.2
"26139",8.2,3.4,4.8
"26141",12.9,5.8,7.1
"26143",16.5,7.6,8.9
"26145",17.4,7.5,9.9
"26147",12.5,5.1,7.4
"26149",14.6,6.6,8
"26151",14.9,6.3,8.6
"26153",16.4,7.6,8.8
"26155",10.1,4.3,5.8
"26157",13.9,6.2,7.8
"26159",14.7,6.7,8
"26161",13.2,6.4,6.9
"26163",22,10.1,12
"26165",14,6.8,7.2
"27001",12,5.5,6.5
"27003",5.8,2.5,3.4
"27005",10.8,4.9,6
"27007",17.9,8.4,9.5
"27009",10.1,4,6.1
"27011",9.8,3.9,6
"27013",16.7,7.6,9.1
"27015",6.6,3.2,3.5
"27017",10.8,6.2,4.6
"27019",4,1.6,2.4
"27021",13.4,6.2,7.1
"27023",9.2,3.5,5.6
"27025",5.8,2.5,3.3
"27027",11.6,5.3,6.2
"27029",14.3,7.1,7.1
"27031",12.5,5.6,6.8
"27033",10.7,5.3,5.5
"27035",10.6,4.2,6.4
"27037",6,2.7,3.3
"27039",5.1,2.4,2.7
"27041",7.5,3.4,4.1
"27043",11.2,4.9,6.3
"27045",10.5,5,5.5
"27047",10.8,4.5,6.3
"27049",9.1,4.2,5
"27051",9.5,3.3,6.2
"27053",10.3,4.7,5.5
"27055",7.8,2.7,5.1
"27057",11.7,5.1,6.6
"27059",7.2,3.1,4.1
"27061",11.9,5.5,6.4
"27063",7.7,4.2,3.5
"27065",9.8,5,4.8
"27067",10.3,4.9,5.4
"27069",10.8,3.8,7
"27071",13.3,5.8,7.5
"27073",8.1,3.1,5.1
"27075",8.5,4.3,4.2
"27077",10.6,4.1,6.5
"27079",8.5,3.6,4.8
"27081",10.5,4.5,6
"27083",13.5,5.8,7.7
"27085",8.4,3.4,5
"27087",22.8,10.9,11.9
"27089",6.8,3.1,3.7
"27091",13.5,5.6,7.9
"27093",6.6,3.1,3.5
"27095",12.1,5,7.1
"27097",10,4,6
"27099",13.3,6.4,6.8
"27101",7,2.9,4.1
"27103",9.2,4.6,4.6
"27105",13.3,5.3,8
"27107",8.6,3.7,4.9
"27109",8.3,3.6,4.8
"27111",9.2,4.1,5
"27113",10.8,4.5,6.4
"27115",10.4,5.2,5.2
"27117",11.5,4.8,6.7
"27119",11.4,5.3,6.1
"27121",7.1,3.6,3.4
"27123",13.6,6.2,7.4
"27125",10.4,5,5.3
"27127",9.9,5.1,4.8
"27129",9.7,4.4,5.3
"27131",8,3.4,4.6
"27133",8.8,3.7,5
"27135",7.9,4,4
"27137",13.5,6.5,7
"27139",5.4,2.1,3.3
"27141",6.3,2.6,3.7
"27143",7.9,3,4.8
"27145",12.3,5.7,6.7
"27147",8.8,3.8,5
"27149",12,4.9,7.1
"27151",12.3,4.8,7.5
"27153",11.7,5.6,6.1
"27155",9.6,4.3,5.4
"27157",7.7,3.9,3.7
"27159",14,6.9,7.1
"27161",9.2,3.8,5.4
"27163",4.2,1.7,2.5
"27165",13.2,5.5,7.7
"27167",9,3.2,5.7
"27169",12,5.6,6.4
"27171",4.6,2,2.6
"27173",11.5,5.2,6.3
"28001",29,13.4,15.5
"28003",14.7,6.5,8.2
"28005",26.4,11.3,15.1
"28007",26.2,10.2,16
"28009",20.1,8.4,11.6
"28011",33.3,13.6,19.6
"28013",21.1,8.9,12.3
"28015",16.6,6.9,9.8
"28017",20,8.7,11.3
"28019",19.3,9.9,9.4
"28021",37.6,16.1,21.5
"28023",19,7.3,11.7
"28025",25.2,10.4,14.7
"28027",33.9,14.3,19.6
"28029",23.2,9.2,14
"28031",23.8,10,13.8
"28033",9.1,3.9,5.2
"28035",24.7,10.8,14
"28037",14.9,5.5,9.4
"28039",16.8,7.4,9.4
"28041",13.2,6.1,7.1
"28043",20.7,9.4,11.3
"28045",18.4,9,9.4
"28047",19.6,8.3,11.2
"28049",20.5,8.7,11.8
"28051",40.6,18,22.6
"28053",36,15.6,20.4
"28055",28.1,16.3,11.8
"28057",12.9,6.2,6.7
"28059",16,7.4,8.6
"28061",22.2,10.9,11.3
"28063",35,14,21
"28065",24.5,11.4,13.1
"28067",21.2,8.7,12.5
"28069",25.9,9.6,16.4
"28071",20.1,10.6,9.6
"28073",18.1,8.6,9.5
"28075",19.9,7.8,12.1
"28077",18.6,8,10.7
"28079",25.6,12.7,12.9
"28081",14.4,6.1,8.3
"28083",35.1,13.8,21.3
"28085",20.7,8.6,12.1
"28087",19.8,8.1,11.8
"28089",9.5,3.6,5.8
"28091",24.8,10.8,14
"28093",17.6,7.1,10.5
"28095",17.2,7.2,9.9
"28097",26.7,9.1,17.6
"28099",25.2,11.1,14
"28101",24.8,10.3,14.5
"28103",31.8,13.5,18.3
"28105",27.3,12.8,14.5
"28107",20.1,9.8,10.3
"28109",16.6,6.9,9.7
"28111",18.8,7.3,11.5
"28113",32,13.6,18.4
"28115",16,6.6,9.4
"28117",20.9,8.6,12.3
"28119",34.7,14.1,20.6
"28121",8,3.2,4.8
"28123",25.2,12,13.2
"28125",26.7,12.3,14.4
"28127",19,8.3,10.6
"28129",18.8,8.3,10.5
"28131",19,8.8,10.2
"28133",26.5,10.8,15.7
"28135",26.2,11.3,14.9
"28137",16.8,7.1,9.7
"28139",19.6,7.7,11.9
"28141",19.5,8.7,10.8
"28143",23.2,9.4,13.8
"28145",14.9,5.1,9.9
"28147",23.7,9.4,14.3
"28149",20.4,8.2,12.2
"28151",33.4,14.3,19.1
"28153",20.3,9.8,10.5
"28155",21.9,10.6,11.3
"28157",30.1,13.6,16.5
"28159",22.5,8.5,14
"28161",18.1,8,10.1
"28163",26.3,11.6,14.7
"29001",21.4,10,11.4
"29003",7.8,3.2,4.6
"29005",11.9,4.8,7.1
"29007",13.8,6.1,7.7
"29009",20.7,8.9,11.8
"29011",20.1,9,11
"29013",11.7,4.7,7
"29015",17.5,8.7,8.8
"29017",15.1,5.5,9.6
"29019",17,7.9,9.1
"29021",16.4,7.3,9.1
"29023",23.2,10.1,13.1
"29025",15.3,7.2,8.1
"29027",9.7,4,5.6
"29029",14.5,6.6,7.9
"29031",15.7,7,8.7
"29033",14.3,7.9,6.4
"29035",13,5.7,7.3
"29037",8.9,3.7,5.2
"29039",15.5,7.6,8
"29041",13.5,6.7,6.8
"29043",9.8,4.5,5.4
"29045",14.6,7,7.6
"29047",8.1,3.5,4.6
"29049",8.6,3.7,4.9
"29051",9.7,4.2,5.5
"29053",11,5.4,5.5
"29055",18.2,8.1,10.1
"29057",20.9,10.5,10.4
"29059",13.2,5.6,7.6
"29061",14.2,6.2,8
"29063",8.9,3.5,5.5
"29065",22.1,9.4,12.6
"29067",20.1,10,10.1
"29069",25,11.3,13.7
"29071",10.3,4.4,5.9
"29073",8.8,4.3,4.5
"29075",14.5,6.6,7.8
"29077",15.7,7.1,8.7
"29079",16.8,7.2,9.6
"29081",16.2,7.3,8.9
"29083",20.7,9.5,11.2
"29085",17.1,7.4,9.7
"29087",9.8,4.6,5.2
"29089",13.2,7.1,6
"29091",21.9,9.7,12.2
"29093",21.5,11,10.6
"29095",14.4,6.2,8.2
"29097",16.8,7.7,9
"29099",9.5,4.1,5.3
"29101",13.2,6.1,7.1
"29103",18.4,7.1,11.4
"29105",14.8,6.5,8.3
"29107",12.3,5.4,6.9
"29109",16.5,7.2,9.3
"29111",17.2,7.6,9.5
"29113",10.9,4.6,6.3
"29115",15.2,6.3,8.9
"29117",14.9,5.9,8.9
"29119",18.3,9.1,9.2
"29121",12.6,5.9,6.6
"29123",13.9,4.7,9.2
"29125",16.8,8.3,8.5
"29127",16.4,6.8,9.5
"29129",9.9,4,6
"29131",16.6,7.1,9.5
"29133",22,10.4,11.6
"29135",11,5,5.9
"29137",13.2,6,7.2
"29139",15.7,7.1,8.6
"29141",22.8,10,12.8
"29143",21.7,8.9,12.8
"29145",13.3,6.1,7.2
"29147",19.1,9,10.1
"29149",23.4,11.5,11.9
"29151",7.2,4,3.3
"29153",29.2,13.6,15.5
"29155",26.9,11.3,15.6
"29157",7.3,3.5,3.8
"29159",16,7.7,8.4
"29161",19.2,10.2,9
"29163",13.2,5.3,8
"29165",6.1,2.5,3.6
"29167",15.6,7.5,8.2
"29169",12.4,6.7,5.7
"29171",16.6,7.6,9
"29173",13.5,7.3,6.2
"29175",14.9,6.7,8.3
"29177",11.7,5.1,6.6
"29179",18.9,10.1,8.8
"29181",25.1,11.8,13.3
"29183",5.1,2,3
"29185",16.5,7.6,8.9
"29186",11.3,5.3,6
"29187",13.9,7.1,6.8
"29189",9.5,3.9,5.6
"29195",15.3,7.5,7.8
"29197",17.5,8.6,8.9
"29199",13,5.6,7.4
"29201",19.4,8.1,11.3
"29203",27,11.4,15.6
"29205",15.4,7.4,8.1
"29207",17.9,7.3,10.6
"29209",12.7,5.7,7
"29211",16.4,6.7,9.7
"29213",14.2,6.1,8.1
"29215",23.9,11.7,12.2
"29217",14.2,6.8,7.4
"29219",13.3,6,7.3
"29221",19.1,7.9,11.3
"29223",23.6,9.2,14.4
"29225",17.3,8.4,8.8
"29227",13.4,4.9,8.4
"29229",23.8,11.3,12.6
"29510",21.2,9.6,11.6
"30001",16.8,8.1,8.6
"30003",25.2,12.4,12.7
"30005",29.9,14.3,15.6
"30007",8.4,3.8,4.7
"30009",9.5,4.3,5.3
"30011",12.8,5.1,7.7
"30013",12.9,6.1,6.9
"30015",17,7.6,9.4
"30017",11.1,5,6.1
"30019",4.7,2.1,2.7
"30021",10.5,4.8,5.7
"30023",19,9.8,9.1
"30025",8.6,3.9,4.7
"30027",15.5,6.4,9.1
"30029",10.8,4.8,6
"30031",10.9,5.4,5.5
"30033",6,1.8,4.2
"30035",30.3,13.1,17.2
"30037",16.6,8.1,8.5
"30039",7.7,4.9,2.8
"30041",18,8.4,9.6
"30043",7.7,3.7,4
"30045",12.7,7.5,5.2
"30047",19.1,9.5,9.7
"30049",10.1,4.8,5.3
"30051",16,6,10
"30053",17.2,7.5,9.7
"30055",6,3.3,2.7
"30057",8.3,4.1,4.2
"30059",11.7,4.4,7.3
"30061",18.3,8.5,9.8
"30063",13.9,7,6.9
"30065",12.5,6.1,6.4
"30067",12.5,5.4,7.1
"30069",9.1,5.1,4
"30071",12.2,5.7,6.5
"30073",18.9,8.6,10.3
"30075",12.5,6.5,6
"30077",8.9,5.8,3.1
"30079",13,5.8,7.2
"30081",12.2,4.9,7.4
"30083",5.8,1.9,3.9
"30085",27.5,13.5,14
"30087",16.8,8.1,8.7
"30089",15.7,7.5,8.2
"30091",9.9,3.8,6.1
"30093",16.9,8.9,8.1
"30095",7.2,2.7,4.4
"30097",5.7,3.1,2.6
"30099",13.1,5.4,7.7
"30101",10.6,5.5,5.1
"30103",17.2,7.6,9.6
"30105",11,5.1,5.9
"30107",15.1,6.1,9
"30109",11.8,3.5,8.3
"30111",9.6,4.2,5.3
"31001",11.9,5,6.9
"31003",10.9,5.3,5.6
"31005",13.3,4.9,8.4
"31007",5.8,1.7,4.2
"31009",13,7.8,5.2
"31011",5.7,2.9,2.9
"31013",13.8,4.5,9.3
"31015",8.9,2.9,5.9
"31017",12.8,6.8,6
"31019",12.8,5.9,7
"31021",12.1,4.9,7.2
"31023",7,3.4,3.7
"31025",6.7,3.2,3.5
"31027",7,3.1,3.9
"31029",9.5,3.8,5.7
"31031",7.7,3.3,4.4
"31033",9.4,3.9,5.5
"31035",10.3,4.4,5.9
"31037",12,7.6,4.5
"31039",6.8,2.6,4.2
"31041",11.3,4.9,6.4
"31043",16,6.6,9.4
"31045",13,4.4,8.6
"31047",12.5,5.5,7
"31049",8.7,3.6,5.1
"31051",9.3,4.8,4.5
"31053",12.1,5.3,6.8
"31055",11.8,5.2,6.5
"31057",10.4,4.4,6
"31059",8.5,3.1,5.3
"31061",14.2,6.7,7.5
"31063",8.6,3.3,5.2
"31065",10.8,5.5,5.3
"31067",10.4,4,6.5
"31069",7.6,2.3,5.3
"31071",8.9,5.1,3.7
"31073",5.3,1.7,3.6
"31075",15.1,6.4,8.7
"31077",10,3.7,6.3
"31079",11.6,5.1,6.4
"31081",5.1,2.2,2.9
"31083",10.4,3.3,7.1
"31085",11.1,5.3,5.8
"31087",11,5.6,5.4
"31089",7.7,3.7,4
"31091",14.6,6.9,7.6
"31093",7.9,3.5,4.3
"31095",11.1,4.3,6.8
"31097",6.8,2.8,4
"31099",9.8,4.7,5.1
"31101",12.3,5.9,6.4
"31103",7.5,1.8,5.7
"31105",10.7,5.3,5.4
"31107",9.1,3.6,5.5
"31109",12,5.5,6.5
"31111",9.6,3.8,5.8
"31113",11.2,5.4,5.8
"31115",8.6,3.5,5.1
"31117",17.2,9.1,8.1
"31119",14.4,5.7,8.7
"31121",11.7,6.1,5.7
"31123",8.5,3.6,4.9
"31125",11.1,5.2,5.9
"31127",10.7,5.5,5.1
"31129",11,5.1,5.9
"31131",10.8,4.5,6.3
"31133",18.6,6.9,11.7
"31135",5,2,3
"31137",9.2,3.1,6.1
"31139",7.8,3.1,4.7
"31141",8.5,3.9,4.6
"31143",7.5,2.7,4.8
"31145",11.3,5.4,5.9
"31147",12,4.4,7.6
"31149",5,1.6,3.4
"31151",14.2,6.6,7.6
"31153",5.9,2.6,3.3
"31155",8,3.9,4.1
"31157",13.2,5.6,7.6
"31159",5.9,3.2,2.7
"31161",16.9,6.5,10.4
"31163",12.1,5.7,6.5
"31165",8.5,3,5.6
"31167",6.1,2.4,3.7
"31169",9.4,3.9,5.5
"31171",8.4,4,4.3
"31173",25.2,11.6,13.6
"31175",9.2,4.8,4.5
"31177",7.8,3.2,4.6
"31179",10.5,5.5,5
"31181",10.5,4.8,5.7
"31183",13.2,6.1,7
"31185",9,3.4,5.6
"32001",12.9,6.1,6.7
"32003",13.5,6.2,7.3
"32005",8.7,4.1,4.5
"32007",11.5,5.3,6.2
"32009",8.9,2.2,6.7
"32011",8,4.5,3.5
"32013",13.1,4.7,8.4
"32015",9.6,4.1,5.6
"32017",4.9,0.9,4
"32019",11.6,5.4,6.2
"32021",19.5,10.1,9.5
"32023",16.1,7.1,9
"32027",8.6,4.2,4.3
"32029",8.1,5.8,2.4
"32031",11.1,5.3,5.8
"32033",11.4,5.9,5.5
"32510",10.9,4.8,6.1
"33001",8.5,3.9,4.7
"33003",8.9,4,4.9
"33005",8.4,3.7,4.7
"33007",11.6,5.6,6
"33009",8.9,4.2,4.7
"33011",7.6,3.3,4.3
"33013",6.2,2.7,3.5
"33015",4.6,2,2.6
"33017",8.8,3.7,5.1
"33019",11.5,5.4,6.1
"34001",13,5.7,7.3
"34003",6.6,2.8,3.8
"34005",6,2.6,3.4
"34007",12.1,5.2,6.8
"34009",9.5,4.2,5.4
"34011",15.2,6.5,8.6
"34013",15.4,6.5,8.9
"34015",7.3,3.3,4
"34017",15.1,6.6,8.4
"34019",4.4,2,2.4
"34021",11.1,4.8,6.4
"34023",8.2,3.5,4.7
"34025",6.9,3,3.9
"34027",4.7,2.1,2.6
"34029",10,4.5,5.4
"34031",15.5,6.9,8.6
"34033",12.1,5.4,6.8
"34035",5.1,2.3,2.7
"34037",4.9,2.3,2.6
"34039",9.4,4.1,5.3
"34041",7.4,3.2,4.2
"35001",16.5,7.7,8.8
"35003",16.2,5.5,10.7
"35005",18.9,8.5,10.4
"35006",24.8,11.5,13.3
"35007",19,9.1,9.9
"35009",20.5,9.4,11
"35011",15.8,3.6,12.3
"35013",25.7,11.7,14.1
"35015",14.4,6.4,8
"35017",23.3,10.7,12.6
"35019",12.9,6.8,6.1
"35021",14.3,4.8,9.5
"35023",25.1,11,14.1
"35025",15.2,6.8,8.4
"35027",10.4,3.7,6.8
"35028",4.3,2.1,2.3
"35029",27.2,11.3,16
"35031",34.5,16.5,18
"35033",19.9,9.2,10.7
"35035",20.9,9.7,11.2
"35037",19.9,8.9,11
"35039",23.9,10.1,13.8
"35041",23.4,11,12.4
"35043",12.6,5.7,6.9
"35045",20.6,9.8,10.8
"35047",26.6,12.1,14.6
"35049",12.6,5.7,6.9
"35051",25.8,12.8,13
"35053",28.6,15.2,13.4
"35055",18.2,8.8,9.4
"35057",23.1,10.4,12.7
"35059",16.2,6,10.2
"35061",16.5,7.4,9.1
"36001",11.3,5,6.2
"36003",15.1,6.8,8.3
"36005",27.3,11.7,15.6
"36007",16.5,7.5,9
"36009",16,7.5,8.5
"36011",11.4,5,6.4
"36013",17.4,8,9.4
"36015",13.1,5.2,7.9
"36017",13.3,6.5,6.8
"36019",13.5,6,7.5
"36021",11.2,5.1,6.1
"36023",15.2,5.8,9.4
"36025",15.7,6.9,8.9
"36027",8.5,3.8,4.7
"36029",13.8,6,7.8
"36031",9.2,4.3,4.8
"36033",15.8,7.3,8.5
"36035",14.6,6.5,8.1
"36037",10.7,4.7,6
"36039",13,5.8,7.2
"36041",9.8,3.2,6.6
"36043",13.4,6,7.3
"36045",13.2,6,7.2
"36047",19.8,8.7,11.1
"36049",13.3,5.8,7.6
"36051",11.9,5.5,6.4
"36053",9.1,4,5.1
"36055",13.9,6.2,7.7
"36057",19.4,8.4,11
"36059",5.5,2.3,3.2
"36061",15.4,6.5,8.8
"36063",13.2,6,7.2
"36065",14.7,6.8,7.9
"36067",13.5,6.2,7.3
"36069",8.4,3.7,4.7
"36071",11.4,5,6.3
"36073",12.8,5.4,7.4
"36075",16.2,7.5,8.8
"36077",13.6,5.9,7.7
"36079",4.9,2.5,2.4
"36081",12.1,5.3,6.8
"36083",11.3,5,6.3
"36085",11.5,5.1,6.4
"36087",13.7,6.6,7
"36089",15.9,7.8,8.1
"36091",5.8,2.3,3.5
"36093",11.2,4.7,6.5
"36095",11.6,5.1,6.4
"36097",15.2,6.6,8.6
"36099",11.1,5,6.1
"36101",13.5,6.3,7.1
"36103",6.7,2.9,3.8
"36105",14.6,6.5,8.1
"36107",10.1,4.3,5.8
"36109",16.4,7.5,8.9
"36111",13.2,5.8,7.4
"36113",9.3,4.1,5.2
"36115",10.7,4.8,5.9
"36117",11.5,4.9,6.5
"36119",8.6,3.7,5
"36121",9.8,4.5,5.3
"36123",11.3,5.3,6.1
"37001",15.7,6.6,9.1
"37003",13.1,5.5,7.6
"37005",23.2,10.2,13
"37007",18.1,7.6,10.5
"37009",16.1,7.6,8.5
"37011",12.1,6,6.1
"37013",18.4,7.7,10.7
"37015",21.6,8.6,13
"37017",24,10.6,13.3
"37019",11.7,4.7,7
"37021",11.9,5.4,6.5
"37023",17.5,8.3,9.2
"37025",10.1,4.2,6
"37027",14.9,6.9,8
"37029",9.2,4.4,4.8
"37031",10.5,4.3,6.1
"37033",17.3,8.5,8.8
"37035",13,5.5,7.4
"37037",10,4.5,5.5
"37039",16.4,7.6,8.8
"37041",15.7,6.5,9.2
"37043",13.8,6.7,7.1
"37045",19.9,8.6,11.3
"37047",21.6,10,11.6
"37049",14.4,6.4,8
"37051",17.5,7.4,10
"37053",9.4,3.8,5.6
"37055",8.9,4.6,4.3
"37057",15.2,6.6,8.5
"37059",13.8,6.4,7.4
"37061",21,9.3,11.7
"37063",14.5,6.7,7.8
"37065",23.4,10.1,13.3
"37067",16.4,6.9,9.4
"37069",12.8,6,6.9
"37071",14.2,6,8.2
"37073",13.4,5.5,7.9
"37075",16.8,7,9.8
"37077",13.5,6.4,7.1
"37079",20.2,9.4,10.8
"37081",15.3,6.6,8.7
"37083",25.1,11.7,13.4
"37085",15.4,6.6,8.8
"37087",13.2,6.3,6.9
"37089",10.8,4.8,6
"37091",19.9,8.6,11.3
"37093",19.7,8.5,11.2
"37095",21.6,9.5,12.1
"37097",10.8,4.6,6.2
"37099",17,8.1,8.9
"37101",12.4,5.6,6.8
"37103",24.3,12.3,12
"37105",15.8,6.7,9.1
"37107",22.6,9.3,13.3
"37109",12,5.7,6.3
"37111",16.4,7.8,8.6
"37113",15.3,6.9,8.4
"37115",15.5,6.5,9
"37117",19.5,8.6,11
"37119",11.4,5,6.4
"37121",12.6,5.5,7
"37123",17,6.6,10.3
"37125",11.2,4.4,6.8
"37127",14.8,6.4,8.4
"37129",15.5,6.6,8.9
"37131",19.8,8.8,11
"37133",11.8,5,6.8
"37135",12.6,5.4,7.3
"37137",11.9,5.6,6.2
"37139",14.7,6.4,8.3
"37141",13.8,6.1,7.7
"37143",15,7.4,7.5
"37145",15.9,6.7,9.2
"37147",22,9,13
"37149",9.7,3.8,5.9
"37151",15,6.5,8.5
"37153",24.3,11.2,13.1
"37155",26.9,12.2,14.7
"37157",17.9,8.1,9.7
"37159",15.4,7,8.5
"37161",17.6,7.2,10.3
"37163",20.6,8.9,11.7
"37165",25.4,10.8,14.5
"37167",12.4,4.8,7.6
"37169",13.6,5.8,7.8
"37171",16.2,7.3,8.9
"37173",17.2,8.1,9.1
"37175",13.9,6.3,7.5
"37177",18.3,8.6,9.7
"37179",8.1,3.6,4.5
"37181",20.5,9.2,11.3
"37183",8.9,4,4.9
"37185",18.9,8.1,10.7
"37187",21.9,8.2,13.7
"37189",22.6,11.2,11.4
"37191",19.7,8.2,11.5
"37193",17.4,7.4,10
"37195",19.9,8.7,11.2
"37197",15.2,6.8,8.5
"37199",16.2,7.5,8.8
"38001",8.4,3.5,4.9
"38003",10.8,5.4,5.3
"38005",31.6,15.2,16.5
"38007",9.3,5.1,4.2
"38009",9.1,3.8,5.3
"38011",7.6,3.4,4.2
"38013",5.8,2.5,3.3
"38015",7.8,3.4,4.4
"38017",10.4,5.1,5.2
"38019",10.7,5.2,5.4
"38021",5,2.5,2.5
"38023",8.6,4.4,4.2
"38025",7.9,3.7,4.2
"38027",10.4,3.6,6.9
"38029",9.7,4.3,5.4
"38031",7,2.7,4.3
"38033",7.3,1.9,5.4
"38035",15.2,7.9,7.3
"38037",12.6,6.3,6.3
"38039",7.6,4,3.5
"38041",9,3.9,5
"38043",10.6,5.8,4.8
"38045",14.4,6.6,7.8
"38047",6.9,2.6,4.4
"38049",8.2,4.4,3.8
"38051",9.4,4.2,5.2
"38053",11.2,6.8,4.3
"38055",7.8,3.3,4.5
"38057",7,2.5,4.5
"38059",7.3,3.2,4
"38061",10.4,5.3,5.1
"38063",11.2,4.8,6.5
"38065",8,4.1,3.9
"38067",7.2,3.8,3.4
"38069",16.1,7.1,9
"38071",12,5.9,6.1
"38073",6.2,2.8,3.4
"38075",3.6,1.5,2
"38077",10.1,4.3,5.9
"38079",26.6,13.3,13.3
"38081",4.1,1.4,2.7
"38083",12.2,3.8,8.4
"38085",37.5,17.1,20.4
"38087",7.5,3.8,3.8
"38089",8.6,3.3,5.3
"38091",5.7,2.9,2.8
"38093",11.2,5.2,6
"38095",10.2,4.2,6
"38097",6.1,3,3.1
"38099",8.9,4.2,4.7
"38101",9.2,3.6,5.6
"38103",8.5,4,4.5
"38105",6,2.8,3.2
"39001",20.4,8.3,12.1
"39003",13.4,6.1,7.3
"39005",13.2,6.4,6.7
"39007",19.2,9.1,10.2
"39009",25.7,13.3,12.4
"39011",8.3,3.1,5.2
"39013",11.6,5.4,6.2
"39015",15,6,9
"39017",12.1,5.2,6.9
"39019",12.1,4.8,7.3
"39021",9.9,4.2,5.7
"39023",14.5,6.4,8.1
"39025",8.9,4,4.9
"39027",14.3,6,8.3
"39029",13.8,6.2,7.6
"39031",14.2,6.8,7.4
"39033",14.6,6.1,8.5
"39035",17.1,7.6,9.5
"39037",10.3,4.4,5.9
"39039",10,4.4,5.6
"39041",4.7,2,2.7
"39043",11.5,4.8,6.8
"39045",9,4,5
"39047",15.9,7.1,8.8
"39049",15.3,7,8.4
"39051",7.7,3.1,4.7
"39053",20.1,9.7,10.4
"39055",5.7,2.7,3
"39057",11,4.7,6.2
"39059",19.6,9.2,10.4
"39061",15.4,6.8,8.6
"39063",10.5,4.4,6.1
"39065",12.8,5.5,7.3
"39067",15.6,7.1,8.5
"39069",8.3,3.7,4.6
"39071",19.1,8.9,10.2
"39073",13,4.9,8.1
"39075",9.8,4.5,5.3
"39077",13,5.9,7.1
"39079",18.4,7.4,11
"39081",16.9,7.6,9.3
"39083",12.4,5.4,6.9
"39085",8,3.5,4.5
"39087",17.8,8,9.8
"39089",10.2,4.5,5.7
"39091",11.2,4.5,6.7
"39093",13.1,5.5,7.5
"39095",18.3,8.4,9.9
"39097",8,3.1,4.9
"39099",17,7.6,9.5
"39101",13.5,6,7.5
"39103",6,2.4,3.5
"39105",19.4,8.8,10.6
"39107",6.3,2.8,3.6
"39109",9,3.9,5.2
"39111",16.9,7.9,9
"39113",16.1,7.2,8.9
"39115",18.9,8.5,10.5
"39117",9.6,4.3,5.3
"39119",15.6,7.4,8.1
"39121",13,5.8,7.2
"39123",10,3.9,6.1
"39125",9.8,4,5.8
"39127",18.8,8.5,10.3
"39129",11.1,5.1,6
"39131",18.4,8.7,9.7
"39133",12.2,5.5,6.7
"39135",10,4.2,5.8
"39137",7.5,3.1,4.4
"39139",12.7,5.6,7
"39141",16,7.1,8.9
"39143",11.4,5.2,6.1
"39145",21.5,9.8,11.7
"39147",12,5,7
"39149",8.7,3.8,4.9
"39151",13.2,5.7,7.5
"39153",13,5.5,7.4
"39155",16.9,7.4,9.6
"39157",12.6,5.5,7.2
"39159",5.5,2.3,3.3
"39161",10.9,4.5,6.5
"39163",18.7,8.6,10.1
"39165",4.4,1.8,2.6
"39167",13.8,5.9,7.9
"39169",10.9,4.7,6.2
"39171",10.8,4.7,6.1
"39173",12.2,5.4,6.8
"39175",7.3,2.9,4.4
"40001",27.6,13.2,14.4
"40003",7.4,4,3.5
"40005",18.4,7.7,10.6
"40007",11.1,4.5,6.7
"40009",15.1,6.8,8.3
"40011",10.3,3.7,6.5
"40013",16.6,7.8,8.9
"40015",18,8,10
"40017",8.1,3.8,4.3
"40019",15.8,7,8.8
"40021",21.3,9.9,11.4
"40023",27.2,12,15.3
"40025",16.7,7,9.7
"40027",11.5,5.2,6.3
"40029",21.6,10.8,10.8
"40031",14.8,6.8,7.9
"40033",17.7,7.8,9.9
"40035",17.4,9,8.4
"40037",14.8,6.4,8.3
"40039",17.2,6.8,10.4
"40041",18.1,8.1,10
"40043",16.2,7.8,8.5
"40045",15.8,7.1,8.6
"40047",13.4,5.9,7.5
"40049",15,7,8
"40051",11.4,5,6.3
"40053",6.7,2.6,4
"40055",16.6,7.7,9
"40057",14.1,5.2,8.9
"40059",14.7,6.8,8
"40061",18.8,8.3,10.5
"40063",18.4,8.8,9.6
"40065",16.8,7.4,9.4
"40067",20.8,9.5,11.4
"40069",20.2,8.5,11.8
"40071",16.9,7.5,9.5
"40073",11.9,5.8,6.1
"40075",23.3,10.6,12.7
"40077",18,7.5,10.5
"40079",20.2,8.8,11.4
"40081",13.7,6.2,7.5
"40083",13.5,5.6,7.9
"40085",14.8,7.2,7.6
"40087",7.7,3.4,4.2
"40089",22.4,10.1,12.3
"40091",20.4,8.7,11.7
"40093",12.2,5.3,6.9
"40095",16.7,7.1,9.6
"40097",17.8,8.3,9.6
"40099",15,6.6,8.4
"40101",19.8,8.5,11.3
"40103",10.6,3.8,6.8
"40105",15.5,7.3,8.2
"40107",23.9,11.1,12.9
"40109",15.6,6.9,8.7
"40111",18.7,8.2,10.5
"40113",15.1,6.8,8.3
"40115",20,9.4,10.6
"40117",15.6,7.6,8
"40119",24.1,12.2,12
"40121",16,7.3,8.7
"40123",14.1,6.5,7.6
"40125",15.5,7.2,8.3
"40127",20.2,9.7,10.4
"40129",17.1,6.1,11
"40131",9.7,4.2,5.5
"40133",19.8,9.1,10.7
"40135",21.2,10.2,11
"40137",14,6,8
"40139",19.2,9.2,10
"40141",18.9,7.9,11
"40143",14.7,6.5,8.2
"40145",10.3,4.6,5.7
"40147",13,5.6,7.3
"40149",14.1,5.8,8.3
"40151",11.9,5.6,6.4
"40153",10.9,4.1,6.8
"41001",12,5.7,6.3
"41003",17.9,9.3,8.6
"41005",7.9,3.5,4.4
"41007",9.9,4.6,5.2
"41009",11.5,4.9,6.7
"41011",15.9,7.3,8.6
"41013",13.4,6.2,7.2
"41015",12.3,6,6.4
"41017",10.7,4.7,6
"41019",14.5,6.4,8.1
"41021",10.3,3.7,6.6
"41023",17.8,7.8,10.1
"41025",10.3,5.6,4.7
"41027",6.1,3,3.1
"41029",15.3,6.8,8.5
"41031",17,7.5,9.5
"41033",17.8,8.7,9.2
"41035",19.2,8.9,10.3
"41037",17,7.9,9.1
"41039",17.3,7.9,9.3
"41041",16.1,7.3,8.8
"41043",13.1,6.2,6.9
"41045",19.1,8.4,10.7
"41047",13.8,6.5,7.4
"41049",14.4,6.9,7.5
"41051",13.5,6.3,7.2
"41053",12.4,5.6,6.8
"41055",13.4,6.2,7.2
"41057",12.8,6.1,6.6
"41059",16.8,6.9,9.9
"41061",13.6,5.7,7.8
"41063",13.4,7.1,6.4
"41065",11.4,5,6.3
"41067",8.8,4,4.8
"41069",13.8,6.9,6.9
"41071",11.6,4.7,6.9
"42001",7.4,3.2,4.3
"42003",11.3,4.9,6.4
"42005",11,4.8,6.1
"42007",10.9,4.7,6.1
"42009",11.7,5.1,6.6
"42011",11.6,5.2,6.4
"42013",14.3,6.2,8.2
"42015",12.5,5.5,7.1
"42017",5.8,2.4,3.4
"42019",8,3.4,4.6
"42021",14.6,6.8,7.8
"42023",15.1,6.8,8.4
"42025",11.5,5.5,6
"42027",16.1,8.8,7.3
"42029",6.3,2.7,3.6
"42031",15.8,6.6,9.2
"42033",13.5,6.2,7.3
"42035",14.8,6.2,8.6
"42037",13.9,6,7.9
"42039",12.7,5.8,6.8
"42041",6.6,2.8,3.7
"42043",12.1,5.4,6.7
"42045",9.6,4.1,5.5
"42047",9.3,4.5,4.8
"42049",15.3,6.9,8.4
"42051",16.7,6.9,9.8
"42053",8.9,3.6,5.4
"42055",9.1,3.9,5.2
"42057",11.2,5.1,6.1
"42059",12.2,5.4,6.8
"42061",10.8,4.3,6.5
"42063",15.2,6.9,8.3
"42065",14.8,6.1,8.7
"42067",10.7,4.5,6.2
"42069",14.1,5.8,8.3
"42071",9.9,4.3,5.6
"42073",13.5,5.7,7.8
"42075",10.5,4.5,6
"42077",12.2,5.4,6.8
"42079",14.2,6.1,8
"42081",12.8,5.6,7.2
"42083",14.9,6.8,8.1
"42085",13,5.6,7.4
"42087",13.2,5.7,7.6
"42089",11,5.3,5.8
"42091",5.8,2.5,3.3
"42093",10.1,3.5,6.6
"42095",8.3,3.8,4.4
"42097",12.6,5.5,7.1
"42099",9.2,4.5,4.7
"42101",23.7,10.6,13
"42103",9.5,4.4,5.1
"42105",13.3,5.5,7.7
"42107",11.8,5.3,6.5
"42109",9.8,4.4,5.4
"42111",11.5,4.8,6.7
"42113",12.7,6.7,6.1
"42115",11.9,5.2,6.6
"42117",13,6,7.1
"42119",9.4,4.2,5.3
"42121",12.6,5.6,6.9
"42123",12.4,5.7,6.7
"42125",9,4.1,4.9
"42127",10.6,5,5.6
"42129",9.8,4.4,5.5
"42131",10.1,3.9,6.2
"42133",9.4,4,5.4
"44001",6.9,3.1,3.7
"44003",7.5,3.4,4.1
"44005",8.3,3.4,4.9
"44007",14.6,6.5,8.1
"44009",8.2,3.8,4.4
"45001",18.2,8.1,10.1
"45003",14.7,6.4,8.3
"45005",22,10,12
"45007",14.3,6.2,8.2
"45009",22,12,10
"45011",27.5,11.8,15.8
"45013",9.9,4.3,5.6
"45015",11.7,4.9,6.7
"45017",20.4,8.5,11.9
"45019",13.3,5.6,7.7
"45021",19,7.8,11.3
"45023",19.5,9.1,10.4
"45025",20.4,9.9,10.5
"45027",21.9,8.3,13.6
"45029",21.3,9,12.3
"45031",19.6,7.8,11.8
"45033",32.1,15,17.1
"45035",11.9,4.8,7.2
"45037",14.7,6.8,7.9
"45039",20.6,7.9,12.7
"45041",18,7.5,10.5
"45043",17.7,7.8,9.9
"45045",11.2,4.7,6.5
"45047",20,8.2,11.9
"45049",19,7.2,11.9
"45051",14.8,6.4,8.4
"45053",17.3,8,9.3
"45055",14.9,7.1,7.8
"45057",13.1,5.3,7.8
"45059",19.6,8.8,10.8
"45061",22.9,9.3,13.6
"45063",12.4,5.5,6.9
"45065",13.4,6,7.4
"45067",22.3,10,12.2
"45069",23.5,9.7,13.9
"45071",17.1,7.7,9.4
"45073",17.3,7.9,9.4
"45075",22.9,10,12.9
"45077",15.7,7.4,8.3
"45079",15,6.5,8.5
"45081",14.8,5.6,9.2
"45083",13.7,5.9,7.8
"45085",18.3,7.7,10.6
"45087",21.2,9.1,12.2
"45089",25,10.9,14.1
"45091",10.3,4.3,6
"46003",5.1,2.3,2.8
"46005",15.9,7.1,8.7
"46007",34.8,14.8,20.1
"46009",8.3,4.2,4.1
"46011",13.2,6.8,6.3
"46013",10.2,4.3,5.9
"46015",13,5,8
"46017",39.2,19.4,19.8
"46019",11,5.9,5.1
"46021",4,2.1,1.9
"46023",18.4,8.1,10.2
"46025",8.8,4.2,4.6
"46027",18.9,9,9.9
"46029",12.7,5,7.7
"46031",44.4,20.7,23.7
"46033",13.4,5,8.3
"46035",13.5,6.8,6.7
"46037",16.3,8.1,8.2
"46039",8.6,4.4,4.2
"46041",31,14.7,16.3
"46043",6.1,2.6,3.4
"46045",4.5,1.3,3.2
"46047",13.5,5.8,7.8
"46049",14.4,6.7,7.7
"46051",9,4,5
"46053",14.2,6.8,7.4
"46055",11.9,4.8,7.1
"46057",5.5,2.4,3.1
"46059",8,4,4.1
"46061",7.6,4.4,3.2
"46063",7,4.1,2.9
"46065",10.5,5.6,4.9
"46067",9.2,4.7,4.5
"46069",10.2,4.5,5.8
"46071",44,21,23
"46073",7.8,3,4.8
"46075",12.4,5.7,6.7
"46077",8,3.8,4.3
"46079",12,6.4,5.6
"46081",12.2,5.5,6.6
"46083",4.1,1.9,2.2
"46085",20.2,8.5,11.7
"46087",9.4,3.7,5.7
"46089",13.2,5.5,7.7
"46091",8.3,3,5.3
"46093",6.7,2.7,4
"46095",50.8,24.4,26.4
"46097",6.7,3.7,3
"46099",9.7,4.4,5.3
"46101",11.2,5.2,5.9
"46102",45.8,22.5,23.4
"46103",13.4,5.7,7.7
"46105",9,3.6,5.5
"46107",7.2,5.4,1.8
"46109",19.7,8.4,11.3
"46111",8.6,3.7,4.9
"46115",9.7,4.1,5.5
"46117",4.6,2,2.7
"46119",7.9,3,4.9
"46121",54.8,26,28.7
"46123",19,9,10
"46125",10.7,3.8,6.8
"46127",8.5,2.5,6
"46129",9.5,3.1,6.5
"46135",10.4,4.5,5.9
"46137",42.3,21.5,20.8
"47001",16.4,7.2,9.2
"47003",14.1,5.8,8.4
"47005",19.3,8.1,11.2
"47007",21.3,10.7,10.6
"47009",10.9,4.8,6.1
"47011",15.4,6.8,8.7
"47013",20.5,9.2,11.3
"47015",15.6,6.8,8.9
"47017",18,7.9,10.1
"47019",21.4,9.7,11.7
"47021",10.4,4.1,6.3
"47023",14.7,7,7.7
"47025",21.5,9.7,11.8
"47027",25.7,12.9,12.8
"47029",23.2,9.8,13.4
"47031",13.8,5.7,8.1
"47033",17.5,8.1,9.4
"47035",13.5,6,7.5
"47037",14.4,6.5,8
"47039",17.3,7.4,9.9
"47041",18,8.6,9.3
"47043",13.4,5.8,7.6
"47045",18.1,7.2,10.9
"47047",13.3,6.3,7
"47049",20,9,11
"47051",13.7,6.2,7.4
"47053",15.4,6.5,8.9
"47055",14.3,6.1,8.2
"47057",17.9,8.1,9.8
"47059",16.2,7.1,9
"47061",22.3,10.2,12.1
"47063",16.9,7.5,9.4
"47065",12.5,5.6,6.9
"47067",27.5,13,14.5
"47069",15,6.2,8.8
"47071",19.7,8.6,11.1
"47073",18.8,8.1,10.7
"47075",18.5,7.5,11
"47077",18.5,8.3,10.2
"47079",19.8,8.2,11.5
"47081",17.4,8.3,9.1
"47083",16.2,7.2,9
"47085",15.2,6.5,8.7
"47087",18.8,7,11.8
"47089",12.7,5.9,6.8
"47091",21.9,10.4,11.6
"47093",14.2,6.4,7.8
"47095",17.8,6.9,10.8
"47097",18.8,8.3,10.6
"47099",16.7,6.8,9.9
"47101",19.1,8.4,10.7
"47103",14.5,6.4,8.1
"47105",11.2,5,6.2
"47107",18.7,8.5,10.2
"47109",18.5,9.1,9.4
"47111",17,7.9,9.1
"47113",17.8,7.5,10.3
"47115",15.2,5.9,9.3
"47117",13.7,5.8,8
"47119",9.9,3.9,6.1
"47121",16.6,7.6,9
"47123",18.1,8.5,9.6
"47125",13,5.9,7.1
"47127",7.6,2.5,5.1
"47129",19.6,7.6,12
"47131",20.6,9,11.6
"47133",16.9,8.3,8.6
"47135",26.4,10.6,15.8
"47137",19.7,7.2,12.5
"47139",14.7,5.9,8.8
"47141",18.1,8.3,9.8
"47143",18.7,8.4,10.3
"47145",13.6,6.1,7.6
"47147",11.4,5.1,6.2
"47149",10.9,5,5.9
"47151",21.3,9.2,12.1
"47153",19.4,9.2,10.2
"47155",13.5,6.1,7.4
"47157",19,8.4,10.6
"47159",17.6,8.2,9.4
"47161",13.6,5.9,7.7
"47163",15.7,7,8.7
"47165",8.9,3.8,5.1
"47167",12.2,5.5,6.7
"47169",9.3,4.6,4.7
"47171",17.6,7.7,9.9
"47173",21.6,9.8,11.8
"47175",16.4,8.1,8.4
"47177",21.4,10.2,11.2
"47179",14.8,6.4,8.4
"47181",15.8,6.8,9
"47183",18.7,8.5,10.2
"47185",16,6.7,9.2
"47187",4.3,1.7,2.6
"47189",7.6,3.1,4.5
"48001",11.4,4.8,6.6
"48003",9.1,3.5,5.6
"48005",17.2,7.5,9.7
"48007",21,9.9,11.1
"48009",11.9,5.1,6.8
"48011",8.8,4.7,4.1
"48013",14.5,6.3,8.2
"48015",12,4.9,7.2
"48017",8.3,3,5.3
"48019",15.6,8.3,7.3
"48021",10.9,5.3,5.6
"48023",11.4,5.2,6.2
"48025",15.7,6.3,9.4
"48027",13.4,5.7,7.7
"48029",15.5,7.1,8.3
"48031",8.8,3.7,5.2
"48033",2.6,1.5,1.1
"48035",15.4,6.9,8.5
"48037",15.6,6.9,8.7
"48039",8.4,3.6,4.8
"48041",22.6,11.1,11.6
"48043",13.6,6.6,7
"48045",16,9.8,6.2
"48047",38.1,16.7,21.5
"48049",12,5.1,6.9
"48051",11.6,4.4,7.2
"48053",10,4.8,5.3
"48055",17.9,8.6,9.3
"48057",13.5,5.9,7.6
"48059",10.6,3.9,6.6
"48061",28.6,13.2,15.5
"48063",18.4,7.9,10.5
"48065",8.2,2.5,5.7
"48067",18.1,8.5,9.6
"48069",13.5,6.7,6.8
"48071",12,4.6,7.4
"48073",15.4,7,8.4
"48075",11,4.4,6.6
"48077",12.1,6,6.1
"48079",25.3,13.3,12
"48081",12,5.5,6.6
"48083",13.6,5.1,8.5
"48085",6.3,2.8,3.5
"48087",16.6,7.9,8.7
"48089",9.8,3.3,6.5
"48091",7.6,3.4,4.2
"48093",11,5.3,5.6
"48095",8.2,2.7,5.5
"48097",12.5,5.1,7.4
"48099",10.4,4.5,5.9
"48101",30.8,9.9,20.9
"48103",7.9,3.4,4.5
"48105",18.3,8.8,9.5
"48107",20.4,8.3,12.1
"48109",29.5,15.1,14.4
"48111",12,5.8,6.2
"48113",15.2,6.8,8.4
"48115",22.2,9.4,12.7
"48117",16,6.7,9.2
"48119",19.8,8.1,11.7
"48121",7.5,3.4,4.2
"48123",14.5,6.5,8
"48125",18.6,5.5,13.1
"48127",33.3,13.8,19.5
"48129",13.4,5,8.3
"48131",21.5,7.7,13.8
"48133",17.3,9.6,7.8
"48135",11.8,5.2,6.6
"48137",8.6,5.7,2.9
"48139",8.6,3.8,4.8
"48141",19.8,8.7,11.1
"48143",17.5,7.3,10.1
"48145",23.8,12.8,11.1
"48147",11,5.4,5.6
"48149",11.7,5,6.6
"48151",14.9,5.4,9.5
"48153",14.6,6,8.6
"48155",10.1,5,5.1
"48157",7.3,3.3,4
"48159",9.2,4.6,4.6
"48161",16.5,8,8.6
"48163",18.2,9.5,8.7
"48165",15.2,6.5,8.6
"48167",12.2,5.5,6.6
"48169",13.7,7.5,6.1
"48171",9.4,3.9,5.5
"48173",11.7,10.1,1.7
"48175",13,4.8,8.2
"48177",13.9,6.1,7.8
"48179",15.2,6.6,8.6
"48181",12.8,5.6,7.2
"48183",17.4,7.3,10.1
"48185",14.8,5.8,9
"48187",9,4.2,4.8
"48189",14.9,6,8.9
"48191",22.5,11.4,11.1
"48193",16.8,8.3,8.5
"48195",17.2,7.9,9.3
"48197",13.8,5.9,7.9
"48199",11.9,4.7,7.2
"48201",15.6,6.9,8.6
"48203",17,7.2,9.8
"48205",4.4,1.6,2.8
"48207",18.7,6.2,12.5
"48209",13.2,5.6,7.6
"48211",8.2,4,4.2
"48213",16.8,7.7,9.1
"48215",29.3,13.2,16.1
"48217",12.3,5.3,7
"48219",15.9,6.2,9.6
"48221",9.6,3.8,5.8
"48223",13.8,5.8,8
"48225",18.8,8.3,10.5
"48227",15,6.8,8.3
"48229",20.1,6.7,13.3
"48231",15.6,7.3,8.3
"48233",14.4,5.3,9.2
"48235",14.9,8.8,6.1
"48237",14.2,6.6,7.6
"48239",13.1,5.8,7.3
"48241",17.9,6.8,11.1
"48243",3.8,2.1,1.7
"48245",16.5,7.1,9.4
"48247",30.1,13.6,16.5
"48249",22.9,9.2,13.7
"48251",10,4.6,5.5
"48253",8.9,3.8,5.1
"48255",14.1,6,8.1
"48257",11.2,4.8,6.4
"48259",5.5,2.5,3
"48261",5.5,1.1,4.4
"48263",13.4,2.3,11.1
"48265",11.3,4.8,6.6
"48267",22,11.6,10.5
"48269",10.5,2.5,8
"48271",18.2,8.7,9.5
"48273",25.5,11.8,13.8
"48275",14.4,6,8.4
"48277",17.2,7.5,9.7
"48279",18.7,7.3,11.3
"48281",10.9,5.3,5.7
"48283",14.8,7.4,7.4
"48285",10.4,4.4,6
"48287",12,5.4,6.6
"48289",17.6,7.8,9.8
"48291",12.8,5.7,7.1
"48293",18.7,9.4,9.4
"48295",12.6,4.9,7.7
"48297",15.1,6,9.2
"48299",10.5,4.6,5.9
"48301",15.3,6.1,9.2
"48303",18.1,8.5,9.6
"48305",18.1,7.8,10.2
"48307",16.5,6.8,9.6
"48309",18.4,8.1,10.3
"48311",11.8,8,3.7
"48313",9.3,4,5.3
"48315",19,7.4,11.6
"48317",8.4,3.6,4.8
"48319",10.7,4.8,5.8
"48321",18.7,8.1,10.6
"48323",26.8,11.9,14.9
"48325",10.7,4.7,6.1
"48327",13,5,8
"48329",9.4,4,5.4
"48331",15.1,7.5,7.6
"48333",15,5.9,9.1
"48335",8.4,3.1,5.3
"48337",15.4,6.8,8.6
"48339",9.2,3.9,5.3
"48341",12.7,7.1,5.6
"48343",17.5,6.9,10.6
"48345",8.1,5.5,2.6
"48347",22.7,10.1,12.6
"48349",16.6,7.2,9.4
"48351",24.1,11.8,12.3
"48353",15.8,7.3,8.5
"48355",16.2,6.9,9.3
"48357",15,6.3,8.7
"48359",7.3,2.7,4.6
"48361",13.1,5.6,7.5
"48363",17.9,8.5,9.4
"48365",14.4,5.3,9.1
"48367",8,3.2,4.7
"48369",14.8,6.3,8.5
"48371",12.9,5.9,7
"48373",16.8,7.5,9.4
"48375",19.2,8.8,10.4
"48377",39,18,21
"48379",12.8,5.2,7.6
"48381",8.3,3.5,4.8
"48383",9.5,5.5,3.9
"48385",22.9,10,12.9
"48387",19.3,7.5,11.8
"48389",13.1,7,6.1
"48391",16.1,7.6,8.5
"48393",11.6,5.5,6.1
"48395",13.9,6.7,7.2
"48397",4.7,1.9,2.8
"48399",14.8,5.1,9.7
"48401",10.7,4.9,5.9
"48403",19.8,9.1,10.7
"48405",24.1,10.4,13.6
"48407",15,7.3,7.8
"48409",15.7,6.3,9.3
"48411",12.4,6.3,6.1
"48413",15.7,7,8.7
"48415",12.7,6.5,6.3
"48417",13.2,5.4,7.9
"48419",22.4,10.2,12.2
"48421",14.6,6.1,8.5
"48423",15,6.8,8.2
"48425",22.8,10.7,12
"48427",34.4,14.8,19.5
"48429",19.6,7.8,11.8
"48431",2.4,1.8,0.6
"48433",11.4,5.1,6.4
"48435",13.9,6.4,7.5
"48437",23,10.3,12.7
"48439",11.8,5.2,6.6
"48441",14.4,6.2,8.2
"48443",9.4,3.6,5.8
"48445",17.6,6.4,11.2
"48447",16.8,5.2,11.6
"48449",17.5,7.2,10.3
"48451",12.9,5.4,7.5
"48453",11.7,5.4,6.3
"48455",15.3,7.6,7.8
"48457",14.5,7.3,7.2
"48459",15.8,7,8.8
"48461",13.8,7.2,6.6
"48463",17.6,7.6,10
"48465",19.5,9.2,10.3
"48467",13.4,5.5,7.9
"48469",14.8,6.5,8.3
"48471",17,7.2,9.8
"48473",15.1,7,8.1
"48475",12.4,4.2,8.2
"48477",11.3,5.2,6.1
"48479",27.2,12.2,15
"48481",17.3,7.4,9.9
"48483",18.1,7.9,10.2
"48485",15,6.4,8.6
"48487",18.6,8.4,10.2
"48489",25.3,12,13.4
"48491",6.4,2.8,3.5
"48493",9.5,4.1,5.4
"48495",14.8,7.1,7.8
"48497",10.5,4.5,6
"48499",14.1,6.8,7.3
"48501",8.4,4.1,4.4
"48503",12.1,5.6,6.6
"48505",34.2,14.7,19.5
"48507",33.3,16.2,17.1
"49001",9,4.4,4.5
"49003",7.8,3.7,4.1
"49005",15,7.1,7.8
"49007",16.5,6.8,9.7
"49009",2.9,1.8,1.1
"49011",5.4,2.2,3.2
"49013",13.4,6.1,7.3
"49015",11.6,5.3,6.3
"49017",15.8,6.9,8.9
"49019",8.9,4.8,4.1
"49021",16.8,8.2,8.6
"49023",12.4,4.4,8
"49025",12.2,5.5,6.7
"49027",12.4,5.5,6.9
"49029",2.8,1.1,1.7
"49031",16.8,10.4,6.4
"49033",12.4,2.9,9.5
"49035",9.1,4.2,4.9
"49037",24.3,11.3,13
"49039",13.6,5.3,8.3
"49041",14.7,6.5,8.2
"49043",5.6,2.3,3.2
"49045",6.2,2.7,3.4
"49047",12.4,6.1,6.3
"49049",10.4,4.8,5.6
"49051",5.9,3.1,2.8
"49053",11.6,5.3,6.4
"49055",9.5,4,5.5
"49057",10.1,4.7,5.4
"50001",6.6,3.2,3.4
"50003",10.5,5,5.5
"50005",12.1,5.9,6.2
"50007",11.4,5.1,6.2
"50009",13.4,5.1,8.3
"50011",8.6,3.1,5.4
"50013",7.5,3.9,3.6
"50015",13.3,6.7,6.6
"50017",9.5,4,5.5
"50019",12.7,5.3,7.4
"50021",9.7,4.2,5.5
"50023",10.1,4.6,5.5
"50025",13.1,5.5,7.6
"50027",9,4.3,4.8
"51001",18.8,8.7,10.1
"51003",8.5,3.8,4.7
"51005",19.3,8.9,10.4
"51007",10.6,5.4,5.2
"51009",13.6,7,6.6
"51011",13.1,5.5,7.7
"51013",6.7,2.8,3.9
"51015",8.2,2.9,5.2
"51017",10.7,7.5,3.2
"51019",8.8,3.9,5
"51021",8.8,4.1,4.7
"51023",6.4,2.6,3.7
"51025",17.5,6.9,10.5
"51027",27.1,13,14.1
"51029",13.7,5.7,8.1
"51031",10.8,4.3,6.5
"51033",8.1,3.4,4.7
"51035",14.5,7.1,7.4
"51036",13.1,5.7,7.4
"51037",23.2,10.5,12.8
"51041",6.7,2.8,3.9
"51043",7.5,2.9,4.6
"51045",8.8,3.8,5.1
"51047",7.5,3.1,4.5
"51049",17.7,8.5,9.2
"51051",24.8,11,13.8
"51053",11.8,5,6.9
"51057",16.7,6.6,10.1
"51059",6.1,2.7,3.4
"51061",5.8,2.4,3.3
"51063",10.3,5.2,5.1
"51065",5.2,2.6,2.5
"51067",14,6.8,7.2
"51069",6.1,2.7,3.4
"51071",10,4.7,5.3
"51073",8.7,3,5.7
"51075",5,1.7,3.3
"51077",19.5,8.4,11.2
"51079",6.3,2.5,3.8
"51081",10.9,3.9,7.1
"51083",13.6,5.6,8
"51085",5.2,2.4,2.8
"51087",9.1,3.8,5.3
"51089",17.8,7.4,10.4
"51091",10,3.8,6.2
"51093",10.4,3.9,6.5
"51095",7.2,4,3.1
"51097",12.4,6.5,5.9
"51099",5.1,2,3.1
"51101",8.4,3.6,4.8
"51103",9.7,3,6.6
"51105",23.8,11,12.8
"51107",3.4,1.3,2.1
"51109",11.7,4.8,6.9
"51111",15.1,7.4,7.7
"51113",6.5,2.2,4.2
"51115",11.3,6.3,4.9
"51117",18.3,7.8,10.5
"51119",9.7,3.4,6.3
"51121",21.3,11.2,10.1
"51125",12.9,5.4,7.5
"51127",6.7,2.3,4.5
"51131",17.5,7.3,10.2
"51133",14.6,7.4,7.1
"51135",16.3,7.9,8.4
"51137",8,3.4,4.6
"51139",14.9,6.8,8.1
"51141",13.9,6.9,7
"51143",15.8,6.4,9.3
"51145",4.9,2,2.9
"51147",14.2,4.7,9.5
"51149",7.3,3.1,4.1
"51153",6.6,3,3.6
"51155",14.2,6.9,7.3
"51157",8.7,3.1,5.6
"51159",14.1,6.7,7.4
"51161",6.8,2.5,4.3
"51163",14,7.4,6.6
"51165",8.6,3.8,4.8
"51167",20.9,9.7,11.2
"51169",14.9,6.7,8.2
"51171",11.4,4.4,6.9
"51173",18.4,8.4,10
"51175",8.2,2.9,5.3
"51177",6.9,3.1,3.9
"51179",4.3,1.7,2.6
"51181",15.8,6,9.8
"51183",10.4,5.1,5.4
"51185",16.8,6.7,10.1
"51187",9.7,4.6,5.1
"51191",14.1,7,7
"51193",14.8,6.4,8.4
"51195",20.3,9.2,11.1
"51197",14.7,6.4,8.3
"51199",4.8,1.8,3
"51510",10.2,4.6,5.6
"51520",22.2,9.8,12.4
"51530",23.4,8.4,15
"51540",22.6,10.3,12.3
"51550",8.3,3.3,5
"51570",12,5,6.9
"51580",12.9,4.1,8.8
"51590",21.5,9,12.5
"51595",25.9,9.5,16.4
"51600",9,3.6,5.4
"51610",3.1,1.3,1.9
"51620",14.5,6.8,7.7
"51630",14.2,6.4,7.8
"51640",22.9,10.9,12
"51650",14.6,6.8,7.8
"51660",24.4,11.2,13.3
"51670",23.4,10.2,13.2
"51678",16.4,7.7,8.7
"51680",17,7.9,9.1
"51683",7.9,3.5,4.5
"51685",6.3,3.4,2.9
"51690",23,9.2,13.8
"51700",14.5,6.3,8.3
"51710",16.8,7.6,9.2
"51720",27.8,13.3,14.4
"51730",23.6,10.5,13.1
"51735",5.6,2.9,2.7
"51740",16.1,6,10.1
"51750",30.2,13,17.2
"51760",22.2,9.5,12.7
"51770",20.4,9,11.4
"51775",8.1,3.1,5
"51790",10.5,3.7,6.8
"51800",10.3,4.2,6.1
"51810",7.1,3.1,4
"51820",16.5,7,9.5
"51830",14.7,7.2,7.5
"51840",15.6,6.1,9.5
"53001",25.3,11.5,13.7
"53003",12.5,5.2,7.3
"53005",11.8,5.4,6.4
"53007",11.6,5.4,6.2
"53009",14.3,6.9,7.4
"53011",9.2,4,5.1
"53013",11.2,4.6,6.6
"53015",14.2,6.5,7.6
"53017",11.5,5,6.6
"53019",17,8.1,8.9
"53021",14.7,6.6,8.1
"53023",10.2,4.7,5.5
"53025",14.7,6.8,7.9
"53027",13.8,6.6,7.2
"53029",7.6,3.2,4.4
"53031",12.6,5.9,6.7
"53033",8.8,4.1,4.7
"53035",8.4,3.8,4.7
"53037",17,7.6,9.4
"53039",15.5,6.8,8.7
"53041",12.9,6.2,6.7
"53043",12.4,6,6.3
"53045",13.7,6.9,6.8
"53047",19.2,9.8,9.4
"53049",15.8,6.8,9
"53051",12.5,5.9,6.6
"53053",10.2,4.6,5.6
"53055",10.1,4.2,5.9
"53057",11.8,4.9,6.9
"53059",12.7,6,6.7
"53061",7.4,3.3,4.1
"53063",13.3,6.5,6.8
"53065",14.1,6.5,7.5
"53067",10.2,4.6,5.6
"53069",7.2,2.6,4.6
"53071",12.1,5.4,6.7
"53073",13.8,6.4,7.4
"53075",22.8,11.8,10.9
"53077",17.1,7.5,9.7
"54001",19.9,9.6,10.4
"54003",12.1,4.7,7.4
"54005",22.9,10.1,12.8
"54007",21.4,10.1,11.3
"54009",12.6,5.3,7.3
"54011",21.4,9.7,11.7
"54013",21.5,10,11.5
"54015",27,12,15.1
"54017",14.2,7,7.2
"54019",19.8,8.6,11.2
"54021",13.3,6.8,6.5
"54023",10.8,5,5.8
"54025",15.7,7.1,8.6
"54027",17.3,8.7,8.7
"54029",13.8,6,7.8
"54031",13.6,5.9,7.7
"54033",15,6.8,8.2
"54035",17.5,8.1,9.4
"54037",9.4,3.8,5.7
"54039",16.9,7.8,9.1
"54041",20.8,9.4,11.4
"54043",22.7,10.2,12.5
"54045",24.9,11.3,13.6
"54047",30.6,13.9,16.6
"54049",16,7.5,8.4
"54051",14.2,5.8,8.5
"54053",15.4,6.4,9
"54055",19.3,8.3,11.1
"54057",13.4,6.1,7.3
"54059",28.5,12.2,16.3
"54061",19.6,9.6,10
"54063",15.1,6,9.1
"54065",7.8,3.3,4.6
"54067",18.2,8.4,9.8
"54069",11.9,4.9,7
"54071",15,6.4,8.6
"54073",11.4,5.6,5.8
"54075",16,7.2,8.8
"54077",14,6.2,7.8
"54079",9.7,4.2,5.4
"54081",17.9,7.7,10.2
"54083",17,7.3,9.7
"54085",18.1,7.9,10.2
"54087",18.1,8.5,9.7
"54089",20.2,9.2,11
"54091",16.3,7.5,8.8
"54093",12.1,5,7.1
"54095",16.3,7,9.4
"54097",19.5,8.4,11.1
"54099",23.1,10.5,12.6
"54101",25.9,11,14.8
"54103",21.7,9.8,12
"54105",16.1,6.5,9.6
"54107",16.6,6.8,9.8
"54109",22.1,10.7,11.4
"55001",12.1,5.7,6.5
"55003",16.7,7.7,9
"55005",10.5,4.3,6.2
"55007",10.9,4.8,6.1
"55009",9.5,4.2,5.3
"55011",9.4,4,5.4
"55013",12.3,5.8,6.4
"55015",5.8,2.4,3.4
"55017",9.8,4.4,5.5
"55019",11.8,5.4,6.4
"55021",6.9,3,3.9
"55023",11.8,5.4,6.4
"55025",10.6,5,5.6
"55027",7.9,3.3,4.6
"55029",7.5,3.7,3.7
"55031",11.7,5.3,6.4
"55033",10.8,5.3,5.5
"55035",13.3,6.1,7.1
"55037",10.2,4.6,5.5
"55039",8.1,3.5,4.6
"55041",16.8,8,8.9
"55043",14.1,6.8,7.3
"55045",7,3.4,3.5
"55047",11.5,5.2,6.3
"55049",8.7,3.6,5.1
"55051",14.2,6.2,8.1
"55053",10.9,4.4,6.4
"55055",8,3.4,4.6
"55057",14.2,7.1,7
"55059",12,5.4,6.6
"55061",7.7,3.4,4.3
"55063",12.3,5.1,7.3
"55065",11.1,4.9,6.2
"55067",13,6.3,6.7
"55069",8.8,4.2,4.6
"55071",9.8,3.8,6
"55073",9,3.9,5.1
"55075",12.9,5.3,7.5
"55077",10.5,4.9,5.6
"55078",34.9,16.7,18.3
"55079",18.5,8.3,10.2
"55081",11.1,4.7,6.3
"55083",9,4.3,4.7
"55085",7.7,3.8,3.9
"55087",7.6,3.6,4
"55089",5.2,2,3.2
"55091",10.3,4.5,5.8
"55093",8.7,3.9,4.7
"55095",9,3.9,5.2
"55097",11.5,5.3,6.2
"55099",12.9,6.4,6.5
"55101",12.1,5,7.1
"55103",13.8,6.5,7.3
"55105",12.6,5.5,7.1
"55107",11.9,5.6,6.3
"55109",5.2,2,3.1
"55111",9.7,4.3,5.5
"55113",15.9,7,8.9
"55115",10.3,4.5,5.8
"55117",7,3.2,3.8
"55119",9.8,4.1,5.7
"55121",7.7,3.2,4.5
"55123",15.9,6.7,9.1
"55125",12.5,5.9,6.7
"55127",10.3,5,5.3
"55129",13.3,6.1,7.2
"55131",4.6,1.8,2.8
"55133",4.8,2,2.8
"55135",10.1,4.5,5.5
"55137",10.5,4.8,5.7
"55139",10.8,5,5.8
"55141",10.1,4.3,5.9
"56001",19.4,9.8,9.6
"56003",12.4,4.8,7.6
"56005",12,5.5,6.5
"56007",11.8,5,6.7
"56009",9.6,3.4,6.2
"56011",9,3.4,5.6
"56013",12.7,5.6,7.1
"56015",10.8,4.8,6
"56017",14.8,6.2,8.6
"56019",11.9,8,3.9
"56021",9.7,4.3,5.4
"56023",8.2,3.4,4.7
"56025",9.2,4.1,5.1
"56027",17.8,7.5,10.3
"56029",8.3,3.2,5
"56031",13.7,7.1,6.5
"56033",5.7,2.6,3.1
"56035",10.1,5,5.1
"56037",11.3,4.9,6.4
"56039",6.1,2.1,4
"56041",11.2,5.2,6
"56043",10.3,5.2,5.1
"56045",13.8,6.3,7.5
"72001",61.8,28.2,33.7
"72003",49.5,23.8,25.7
"72005",50.4,22.5,28
"72007",46.4,22.4,24
"72009",43.6,20,23.6
"72011",45.7,21.8,23.9
"72013",47,21.3,25.7
"72015",59.2,27.2,32
"72017",48.5,22.8,25.7
"72019",55.4,26.6,28.8
"72021",33.6,14,19.6
"72023",50.9,23.1,27.8
"72025",37.5,16.2,21.3
"72027",49.8,22.8,27.1
"72029",41.8,18,23.9
"72031",30.7,12.5,18.2
"72033",48.6,22.2,26.3
"72035",40.9,18.3,22.5
"72037",41.5,18,23.5
"72039",54.6,25.8,28.8
"72041",44.6,19.9,24.7
"72043",46,22.3,23.6
"72045",58.5,27,31.5
"72047",55.6,26.1,29.5
"72049",35.5,14.4,21.1
"72051",32.7,14.9,17.8
"72053",43.5,19.2,24.3
"72054",50.4,21.8,28.6
"72055",63.3,30.2,33.1
"72057",47.5,21.8,25.7
"72059",54.6,25.5,29.1
"72061",25.2,11.4,13.8
"72063",30.6,13.7,16.9
"72065",45.2,21,24.2
"72067",43.5,19.4,24.1
"72069",42.7,19,23.7
"72071",55.3,27,28.2
"72073",59.8,28.2,31.6
"72075",46.3,20.5,25.8
"72077",47.3,21.2,26.1
"72079",63,29.9,33.1
"72081",55.3,26.1,29.2
"72083",50.1,25.8,24.3
"72085",41.8,19.7,22.2
"72087",48.2,20.3,27.8
"72089",42.2,18.8,23.4
"72091",46.8,20.7,26
"72093",64.5,31.2,33.3
"72095",45.3,21.1,24.2
"72097",53.2,25,28.1
"72099",53.9,25.4,28.5
"72101",44.8,20.6,24.2
"72103",47.2,22.4,24.8
"72105",46.3,22,24.4
"72107",55.9,27.6,28.3
"72109",54,26.9,27.1
"72111",57.2,26.6,30.7
"72113",50.3,23.1,27.2
"72115",49.2,21,28.3
"72117",41.6,20.5,21.1
"72119",39,16.9,22.1
"72121",46.2,19.8,26.5
"72123",49.8,22.4,27.4
"72125",49.5,23.5,26.1
"72127",40.4,17.3,23.1
"72129",43.8,20.7,23.1
"72131",53.3,24,29.2
"72133",45.4,21.3,24.1
"72135",29.3,13.4,15.9
"72137",36.4,16.3,20.2
"72139",29.3,12.5,16.8
"72141",52.5,25.1,27.4
"72143",45.2,21.7,23.5
"72145",45,20.6,24.4
"72147",45.7,21.3,24.3
"72149",47.5,22.2,25.3
"72151",53,25.2,27.9
"72153",48.8,23.2,25.6
