"GEOID","white","black","ai_an","asian","nh_opi","other"
"01001",76.8,19,0.3,1,0,5
"01003",86.2,9.3,0.8,0.9,0,4.4
"01005",46.8,47.6,0.3,0.5,0,6
"01007",76.8,22.3,0.1,0.1,0,1.2
"01009",95.5,1.6,0.1,0.4,0,4.1
"01011",21.9,74.8,0,0.5,0,3.6
"01013",51.8,45.4,0.1,0.3,0,4.5
"01015",73.7,20.8,0.3,0.9,0,6.7
"01017",57.7,39.6,0.3,1.1,0,2.3
"01019",92.9,4.6,1.1,0.2,0,2.2
"01021",83.6,9.2,0.8,0.4,0,8.5
"01023",56.8,42.6,0.1,0.1,0,0.9
"01025",53,45.8,0.1,0.4,0,1.4
"01027",83.2,15.6,0.3,0.2,0,1.5
"01029",93.9,2.7,0.1,0,0,5.3
"01031",75.7,16.9,1.2,1.4,0,8
"01033",79,16.2,0.6,0.5,0.1,5.6
"01035",50.7,47.8,0.2,0.5,0,1.6
"01037",65.8,33.6,0.1,0,0,0.5
"01039",84.6,13.5,0.1,0.5,0.1,2.4
"01041",71.4,23.3,0.7,1.3,0.1,6.4
"01043",95.1,1.3,0.3,0.4,0,4.9
"01045",72.4,20.3,0.8,1.4,0,8.5
"01047",27.9,70.7,0.1,0.6,0.1,1.3
"01049",85.4,1.5,1.2,0.1,0.8,13.4
"01051",75.3,21.5,0.3,0.5,0,4.1
"01053",62.2,32.1,4,0.3,0.1,2.4
"01055",79.8,15.9,0.6,0.7,0,4.7
"01057",85.3,11.8,0,0.5,0,4.8
"01059",83,4.4,1.3,0.4,0,12.2
"01061",86.6,9.6,0.9,0.4,0,4
"01063",17.3,79.5,0.4,0,0,5.5
"01065",39.5,59.4,0.2,0.2,0,1
"01067",70.7,26.6,0.2,0.4,0.1,3.2
"01069",69.1,26.9,0.3,0.9,0.1,5
"01071",91.5,3.5,1.2,0.4,0.1,6
"01073",51.8,42.9,0.2,1.6,0,5.2
"01075",87.5,10.7,0,0.1,0,2.5
"01077",86.9,10.4,0.4,0.6,0.1,3
"01079",78,10.6,5.6,0.2,0.1,10.6
"01081",70.3,22.9,0.2,4.3,0,4.1
"01083",80.2,13.8,0.8,1.4,0.1,5.6
"01085",24.8,74.6,0.1,0,0,1
"01087",16,83.2,0.1,0.2,0,1.1
"01089",67.9,24.3,0.6,2.6,0.1,7.6
"01091",45.8,53.6,0.1,0,0,0.9
"01093",92.9,3.6,0.5,0.2,0,4.6
"01095",93,2.7,0.4,0.6,0.1,5.1
"01097",58.6,35.8,0.8,1.9,0,4.7
"01099",54.5,42.4,1.7,0.3,0,1.9
"01101",35.8,57.9,0.2,2.8,0,5.2
"01103",79.9,12.8,0.5,0.6,0.1,8.3
"01105",29.5,69.8,0,0.1,0,0.6
"01107",56.7,40.2,0.1,0.1,0.1,4.4
"01109",57.9,36.8,0.6,2.2,0,4.9
"01111",77.1,20.4,0.2,0.2,0,4
"01113",49.2,43.7,0.3,1,0,9.4
"01115",87.3,9.6,0.4,0.8,0,3.1
"01117",80.1,12.1,0.3,2.1,0,7.4
"01119",25.2,71.9,0.1,2.1,0,0.8
"01121",63.9,32.6,0.4,0.6,0.1,4
"01123",70,27.4,0.2,0.4,0,3.3
"01125",64.2,32,0.2,1.6,0,3.1
"01127",90.6,6.2,0.2,0.5,0,4.3
"01129",66.3,23.5,7.4,0.3,0,4.9
"01131",27.3,69.4,0.2,0,0,6.2
"01133",96.1,0.7,0.3,0.2,0.1,4.6
"02013",15.1,4.2,46.7,19.7,1,22.5
"02016",29.1,3.4,10.8,40.3,2.7,22.5
"02020",62.6,5.6,7.9,9.6,2.4,21.4
"02050",11.2,0.7,83.1,1.1,0.2,7
"02060",52.7,0.6,34.2,0.2,0.2,22.6
"02068",84.2,1.2,2.2,2.6,0,19.4
"02070",17.5,1.6,71.9,1.4,0.1,14.6
"02090",75.4,4.5,7.9,3.2,0.5,15.7
"02100",81.6,0,8.8,1.3,0.2,15.9
"02105",46.1,3.2,37.6,1.6,0,21.9
"02110",68,1,10.6,6.9,1,23.5
"02122",82.5,0.6,7.8,1.6,0.3,12.9
"02130",66.5,0.8,14.3,8.2,0.2,19.1
"02150",54.7,0.3,12.4,22.7,0.3,17.6
"02158",3.6,0.5,92.1,0.1,0.1,6.7
"02164",21,1.1,69.8,1.7,0.4,11.9
"02170",82.9,1.2,6.2,1.4,0.3,15.7
"02180",15.6,1,75.8,1.7,0.1,11.5
"02185",31.4,1.5,51.2,5.5,1.9,16.1
"02188",11.3,1.2,82.2,1,0.1,7.9
"02195",76.1,1,7.8,4.7,0.6,19.2
"02198",47.7,0.5,39.2,1.4,0.6,20.9
"02220",64.3,0.9,13.1,6.7,0.1,29
"02230",84.9,4,6,0.8,0,8.4
"02240",76.4,0.7,13.9,2.7,0.2,10.4
"02261",71.8,0.4,13.9,4.1,0.6,16.3
"02275",63,0,24.5,0.7,0.4,21.4
"02282",45.1,0.8,38.7,4.9,1.2,17.5
"02290",22.7,0.1,69.4,0.7,0,13.9
"04001",22.8,0.5,73.8,0.3,0,4.2
"04003",85.5,4.1,1.2,1.9,0.4,11.1
"04005",63.9,1.2,26.5,2,0.2,9.8
"04007",76.9,0.7,16.3,0.8,0,8.3
"04009",79.9,2,12.6,0.6,0.1,7.6
"04011",91.5,2.2,3.9,0.5,0,2.3
"04012",77.1,1,15,0.7,0,9
"04013",77.6,5.6,2,4.2,0.2,14
"04015",90.2,1.1,2.3,1.1,0.2,7.7
"04017",47.1,0.9,44.7,0.6,0.1,9.5
"04019",76,3.6,3.9,2.9,0.2,18.4
"04021",79.9,4.4,5,1.6,0.3,12.9
"04023",85.7,0.6,0.8,0.9,0,13.3
"04025",91.3,0.7,1.7,1,0.1,8
"04027",76.3,2.2,1.5,1.3,0.1,21.2
"05001",72.1,25.9,0.2,0,0,3
"05003",72.4,25.4,0.2,0.2,0,2.4
"05005",96.7,0.2,0.4,0.4,0,4
"05007",87.6,1.7,1.4,3.9,0.6,7.9
"05009",96.2,0.3,0.6,0.4,0.1,4.8
"05011",65.9,28.8,1.1,0.1,0,4.3
"05013",76.2,21.7,0.2,0,0.3,3.1
"05015",92.1,1,0.8,1.4,0.9,5.7
"05017",43.5,53.9,0.1,0.6,0,3.1
"05019",70.2,24.3,0.4,0.7,0,5.7
"05021",95.9,0.7,0.3,0,0,4.8
"05023",96.9,0.4,1.2,0.7,0,1.7
"05025",85.8,12.8,0.2,0,0,2.6
"05027",60.5,36.1,0.2,1.1,0,3
"05029",85.1,10.4,0.3,0.3,0,7.6
"05031",78.8,14.5,0.4,1.4,0,7.5
"05033",88.1,1.6,2.3,1.9,0,9.4
"05035",43.5,48,0.3,0.7,0,14.7
"05037",73.6,18.7,0.2,0,0,14.9
"05039",53.4,43.2,0.6,0.1,0.2,4
"05041",48.8,46.6,0.3,0.4,0,5.9
"05043",68.5,28.7,0,0.3,0,3.9
"05045",82.1,11.4,0.4,1.3,0.1,7.4
"05047",94,1,1.6,0.8,0.2,4.2
"05049",96,0.5,0.3,0.1,0.1,5.7
"05051",86.1,8.2,0.9,0.6,0,7
"05053",94.8,2.7,0.2,0,0.1,4.3
"05055",94.7,1.9,0.3,0.4,0,4.5
"05057",57.3,30.1,0.4,0.1,0.3,13.7
"05059",84.6,11.4,0.5,0.4,0,4.7
"05061",67.4,20.9,0.4,0.3,0.1,13.2
"05063",91.1,1.9,0.2,0.7,0,8.7
"05065",94,1.8,1.2,0,0,5.6
"05067",77.7,12.3,0.2,0,0,19.1
"05069",39.7,56.5,0.3,1,0.1,3.7
"05071",91.2,1.6,0.2,2.1,0.1,7.4
"05073",60,36,0.4,0.4,0,4.8
"05075",96.6,1.1,0.3,0.2,0,3.5
"05077",43,55.6,0.4,0.2,0,1.6
"05079",65.9,30.5,0.5,0,0,4
"05081",73.9,21.9,1,0.3,0,4.9
"05083",91.8,1.4,0.8,2.2,0,6.7
"05085",88.7,5.7,0.7,0.9,0.3,6.1
"05087",93.6,0.3,1.3,1.3,0.6,4.9
"05089",96,0.5,0.9,0.9,0,3.3
"05091",69.8,24.8,1.2,0.4,0,5.8
"05093",60.3,33.7,0.1,0.6,0.1,8.4
"05095",54.6,43,0.3,0.4,0,3.4
"05097",92.1,0.3,1.5,0.4,0,8.2
"05099",62.8,34.5,0.2,0,0,4.8
"05101",94.2,0,2.5,0.7,0.8,3.8
"05103",57,41.6,0.1,0.1,0,2.3
"05105",96.2,0.7,0.1,0,0,4.2
"05107",36.1,63.2,0,0,0,1.2
"05109",90.9,4.1,0.5,0.6,0,5.4
"05111",88.4,4.6,0.2,0.1,0,12.9
"05113",91.6,0.5,1.5,0.3,0,9.6
"05115",91.2,3,0.6,1,0,6.6
"05117",85.7,12.4,0.4,0.2,0,1.7
"05119",55.9,36.8,0.3,2.2,0.1,7.3
"05121",95.2,1.1,0.7,0.1,0.3,4.5
"05123",41,53.5,0.4,0.6,0.1,6.1
"05125",88.4,7.1,0.4,1.3,0.1,4.6
"05127",89,0.2,1.9,0.7,0,13.2
"05129",93.2,0.6,2.8,0.7,0,4.9
"05131",73.5,6.8,1.1,4.5,0,18.8
"05133",62.9,4.8,2.3,0.4,0.5,30.7
"05135",95,0.8,0.3,0.1,0,7.2
"05137",96.5,0.1,0.5,0.5,0,4.6
"05139",63.9,32.7,0.9,0.7,0,3.1
"05141",95,0.6,0.6,0.2,0.1,5.7
"05143",77.2,3.7,0.9,2.5,2.3,17
"05145",91.1,4.4,0.6,0.7,0,5.4
"05147",69.8,28.1,0,0.9,0,2.2
"05149",78.6,2.5,0.5,1.1,0,18.5
"06001",40.5,10.6,0.7,30.1,0.8,23.8
"06003",57.7,0.9,34,1,0.6,11.1
"06005",86.7,2.4,0.8,1.3,0.1,13.4
"06007",81.6,1.5,1.2,4.6,0.3,17
"06009",90.5,0.7,0.8,1.5,0,11.7
"06011",88.3,1.5,1,1.4,0.2,10.2
"06013",55.8,8.7,0.5,16.7,0.5,24.5
"06015",74.9,3.4,7.2,3.2,0.2,17.4
"06017",87.6,0.8,0.8,4.5,0.3,9.9
"06019",65,4.8,1.2,10.3,0.2,22.6
"06021",81.1,0.8,2.4,2.9,0,15
"06023",79.9,1.1,5,3.1,0.4,16.9
"06025",65.1,2.5,1.1,1.5,0.2,33.3
"06027",78.8,0.9,11.3,1.9,0.2,11.6
"06029",74.4,5.5,1,4.7,0.2,17.7
"06031",67.7,6.4,1.6,3.9,0.2,24.3
"06033",76.9,2.3,3.6,1.1,0.1,19.7
"06035",82.2,8.7,2.8,1.4,0.8,6.7
"06037",51.3,8.1,0.7,14.6,0.3,29
"06039",69.5,3.2,1.6,2.1,0.1,26.7
"06041",77.8,2.2,0.4,5.9,0.2,18.4
"06043",88.4,1.5,1.9,1.2,0.3,11.1
"06045",83.6,0.7,4.4,2.1,0.2,13.9
"06047",55.1,3.2,0.9,7.5,0.2,37.2
"06049",89.5,1.5,4.2,1.1,0.1,5.8
"06051",83.3,0.8,3.5,2.6,0,13.6
"06053",53.3,2.6,0.7,5.6,0.5,41.5
"06055",73.4,2.1,0.9,8.1,0.2,19.2
"06057",92.4,0.6,0.7,1.1,0.1,8.9
"06059",61,1.8,0.5,20.5,0.3,20.1
"06061",82.2,1.7,0.5,7.5,0.2,12.7
"06063",90.3,0.9,1.5,1.2,0.5,9.6
"06065",59.9,6.5,0.8,6.5,0.3,30.3
"06067",57.3,9.8,0.7,15.7,1.1,22.8
"06069",81.6,0.8,0.7,3,0.1,19.1
"06071",61.2,8.3,0.8,7.2,0.3,27.2
"06073",70.7,5,0.7,11.9,0.4,16.5
"06075",46.4,5.2,0.4,34.4,0.4,18.8
"06077",56.5,7,0.6,15.6,0.6,30.6
"06079",85.5,1.9,0.9,3.6,0.1,11.7
"06081",50.6,2.3,0.4,28.7,1.4,22.4
"06083",77.5,2,1,5.6,0.1,17.8
"06085",44.5,2.5,0.5,36.5,0.4,20.9
"06087",74.8,1.1,0.5,4.8,0.1,23.5
"06089",86.6,1.2,2.7,3.2,0.1,10.4
"06091",97.5,0.1,1.7,0,0,1.6
"06093",84.8,1.6,3.7,1.6,0.4,14.5
"06095",52.6,13.9,0.5,15.4,0.9,24
"06097",74.8,1.7,0.9,4.1,0.3,23.7
"06099",76.6,3,0.8,5.5,0.7,17.5
"06101",69,1.9,0.9,15.7,0.6,19.1
"06103",85.7,0.8,2,1.5,0,14.3
"06105",86,1,5.6,1.8,0.2,7.4
"06107",73.7,1.6,1.3,3.6,0.2,23
"06109",87.8,1.8,1.8,1.4,0.2,11.3
"06111",80.1,1.8,0.8,7.3,0.2,14.2
"06113",69.3,2.7,0.6,14,0.4,19.3
"06115",76,3.4,1.2,6.8,0.5,19.5
"08001",81.6,3.4,1.1,4,0.1,14.3
"08003",86.4,0.9,3.3,1.3,0.5,10.3
"08005",71.5,10.8,0.7,6,0.2,15.2
"08007",84,1.7,1.4,1,0.1,13.2
"08009",94.3,1,1.6,0,0.1,5.4
"08011",91.4,4.1,1,0.2,0,4.7
"08013",89,0.9,0.4,4.7,0.1,7.8
"08014",86.3,1.3,0.4,6.5,0,9.1
"08015",93.7,1.7,0.5,1.5,0,4.6
"08017",93.5,0.1,0.1,2.2,0.2,7.9
"08019",94.2,1.2,0.3,1,0.1,6.4
"08021",88.8,0.5,2.5,0.2,0.3,10.2
"08023",88.4,0.4,2.1,1.3,0,11.8
"08025",88.6,3.5,1.4,0.6,0,10.6
"08027",93,2.9,0.9,0,0,5.6
"08029",94.4,1.2,0.9,1.1,0,3.9
"08031",76.1,9.2,0.9,3.7,0.2,13.7
"08033",96.7,0,1.7,0,0,3.2
"08035",88.9,1.5,0.4,4.8,0.1,7.4
"08037",88.9,1.2,0.2,0.7,0.1,10.7
"08039",93.6,0.4,1,1,0.1,7
"08041",79.6,6.4,0.8,2.8,0.4,16.1
"08043",89.8,4.6,1.4,0.7,0,5.7
"08045",86.1,0.5,0.7,0.9,0.1,13.7
"08047",92.4,0.3,2.7,0,0,9
"08049",94.8,1.1,0,1.4,0.1,3.7
"08051",95.7,0.6,1,0.3,0.2,4
"08053",94.2,0,2.3,0.5,0,5.1
"08055",91.9,0.5,1.8,0,0,9.9
"08057",97.9,0,0,0,0,2.5
"08059",90.6,1.2,0.7,2.8,0.1,7.5
"08061",96.2,0.4,0,0,0,6.5
"08063",92.1,2.5,0.4,0.2,0.3,5.2
"08065",85.3,0.1,1.5,0.8,0,13.7
"08067",88,0.5,6.6,0.7,0,6.5
"08069",91.3,1,0.8,2.2,0.1,7.9
"08071",84.9,0.9,3.8,1,0,14.7
"08073",89,8.2,0.8,0.4,0.2,2.2
"08075",91.4,0.8,0.8,0.8,0.9,9.3
"08077",94,0.7,0.9,0.9,0.1,5.7
"08079",87.4,1.1,1.5,0.5,0,14
"08081",94.4,1.2,0.5,0.1,0,6.3
"08083",81,0.3,12.3,0.8,0.1,7.8
"08085",94.2,0.4,0.9,0.9,0.3,4.9
"08087",88.8,3.6,0.4,0.5,0.2,9.9
"08089",90.1,0.6,1.2,0.9,0.1,10.2
"08091",97.7,0.3,0.3,0.7,0.1,1.7
"08093",94.3,0.3,0.4,0.7,0.1,7.5
"08095",96.6,0.2,0,0.5,0,4.1
"08097",91.1,1,0.1,2.2,0,6.9
"08099",94.4,0.8,1.5,0.6,0,4.4
"08101",80.4,2.1,4,0.9,0.1,16.5
"08103",92.4,0.5,1.1,0.1,0,11.5
"08105",91.5,0.9,2.4,0.1,0.1,7.1
"08107",95.7,0.9,0.4,1.1,0,2.6
"08109",90.2,0.5,2,0,0,11.7
"08111",97.3,0,1,0,0,3.4
"08113",94.7,0,0.6,1.9,0,4.6
"08115",93.7,0.8,0.6,0.9,0,5.3
"08117",91.3,1.1,0.4,0.6,0.3,8.3
"08119",94.7,0.8,0.4,0.8,0,5.9
"08121",95.3,1.3,0.1,0.6,0,4.1
"08123",90.3,1.2,0.8,1.6,0.1,9
"08125",95.8,1.1,0.6,0,0,3.8
"09001",73,11.6,0.2,5.3,0.1,13
"09003",70.7,13.8,0.3,5.3,0,13.5
"09005",92.8,1.7,0.3,1.9,0,5.5
"09007",88,5.6,0.2,3.1,0,5.3
"09009",73.3,13.5,0.2,4,0,12.3
"09011",80.7,5.8,0.6,4.1,0,13.9
"09013",87.9,3.2,0.1,4.9,0,6.4
"09015",89.2,2.3,0.6,1.4,0,10.2
"10001",66.2,25.7,0.7,2,0.1,9.5
"10003",64.2,25.2,0.3,5.5,0,7.3
"10005",82,12,0.3,1.2,0.1,6.6
"11001",41.3,46.3,0.3,4,0.1,11.2
"12001",68.9,20.1,0.4,6.1,0.1,7.9
"12003",82.5,13.6,0.5,0.6,0,4.7
"12005",81.1,11,0.3,2.3,0.1,8.9
"12007",77.2,20.3,0.4,0.6,0,2.6
"12009",82.5,9.6,0.3,2.4,0.1,8.5
"12011",60.7,28.6,0.3,3.6,0.1,10
"12013",80.4,13.3,1.1,0.1,0,8
"12015",89.9,5.6,0.3,1.3,0.1,4.6
"12017",92.8,3,0.3,1.8,0,3.9
"12019",79.2,11,0.1,2.8,0,11.3
"12021",88.8,6.8,0.2,1.3,0,4.1
"12023",76.7,18.1,0.3,1.1,0,6.6
"12027",84.2,12.6,0.1,0.2,0.1,4
"12029",86.4,8.9,0,0.2,0.1,7.1
"12031",59.8,29.6,0.2,4.6,0.1,9.4
"12033",68.1,21.9,0.4,3,0.1,11.8
"12035",82.3,10,0.3,2.6,0.1,6.9
"12037",80.9,14.1,0.1,0.3,0.4,5.7
"12039",39.6,56.1,0.2,0.2,0,4.9
"12041",91.2,5.9,0.1,0.2,0,4.6
"12043",79.8,13.5,4,0.8,0,3.1
"12045",79.5,17.2,0.4,0.5,0,4.2
"12047",61.5,34.5,1.2,0.3,0,4
"12049",80.4,7.6,0.1,0.9,0.1,12
"12051",78.6,11.5,1.8,0.9,0,10.5
"12053",88.7,5.3,0.3,1.2,0,7.1
"12055",80.8,9.7,0.2,1.4,0,10.1
"12057",70.5,16.8,0.3,4.1,0.1,12.1
"12059",88.7,7,1.4,0.7,0.3,3.5
"12061",86.4,8.9,0.3,1.3,0,5.2
"12063",68.9,26.8,0.7,0.3,0.2,5.3
"12065",62.8,34.6,0.5,0.3,0,3
"12067",80.2,16.1,0.2,0,0.3,6.2
"12069",82.5,10.9,0.4,2,0,6.3
"12071",84.4,8.6,0.2,1.6,0.1,7
"12073",61.4,30.9,0.2,3.5,0,6.7
"12075",87.6,8.8,0.2,0.9,0,5.2
"12077",80.1,15.8,1.2,0.2,0,4.3
"12079",58,38.6,0.3,0.9,0,2.6
"12081",85.4,8.7,0.2,2.1,0,5.5
"12083",81.9,12.9,0.3,1.4,0.1,5.7
"12085",88.1,5.7,0.6,1.4,0.1,5.9
"12086",75.1,17.4,0.2,1.6,0,7.4
"12087",88,7.3,0.1,1.4,0.2,4.1
"12089",90.3,6.1,0.5,1,0,3.3
"12091",78.2,9.8,0.4,3,0.1,13.3
"12093",85.4,8.3,0.5,1,0.3,6.6
"12095",63.6,20.9,0.2,5.2,0.1,13.6
"12097",72.8,11.5,0.4,2.7,0.1,16.4
"12099",73.5,18.7,0.2,2.7,0,7.2
"12101",86.9,5.8,0.4,2.6,0.1,7
"12103",81.5,10.3,0.3,3.4,0.1,7.7
"12105",77.1,15.3,0.3,1.8,0,8
"12107",80.3,16.3,0.4,0.6,0,4.3
"12109",88.4,5.4,0.4,2.7,0.1,5.4
"12111",73.1,20.2,0.4,2,0.1,6.7
"12113",85.4,6.2,0.5,2,0.3,9.7
"12115",90.9,4.5,0.2,1.7,0,4.5
"12117",75.8,12,0.3,4.5,0.1,10.5
"12119",89,7.1,0.3,0.9,0.1,4.1
"12121",82.7,12.9,0.1,0.1,0.1,7.2
"12123",76.3,20.1,0.3,0.8,0,3.3
"12125",73.6,21.9,0.8,0.6,0.1,4.6
"12127",81.4,10.9,0.3,1.8,0,7.6
"12129",82.2,15.1,0.2,0.5,0,2.8
"12131",86.8,4.6,0.6,1,0,10.9
"12133",79.7,15.2,1.4,0.7,0.4,4.4
"13001",74.6,19.3,0.5,0.4,0,6.1
"13003",75.2,17.5,1,0,0,6.4
"13005",80,15.2,0,0.2,0.2,7.4
"13007",54.6,39.7,0,3.1,0.7,2.4
"13009",53.7,42.3,0.2,1.8,0,3.5
"13011",93,2.6,0.5,1.1,0,3.9
"13013",78.8,11.8,0.2,3.7,0,8
"13015",83.7,10.4,0.3,0.9,0,7.1
"13017",59.7,36.6,0,0.7,0,4
"13019",83,11.7,0.5,1.1,0,5.3
"13021",40.2,54.4,0.2,2,0,5.2
"13023",69.9,27.5,0.1,0.2,0,3
"13025",93.9,3.5,0.3,1.1,0,2.4
"13027",59.6,35.9,0,0.4,0.1,5.1
"13029",77,14.4,0.4,1.4,0.1,11
"13031",65.1,27.9,0.4,1.3,0.3,8.5
"13033",48.8,48.1,0,0.3,0,4
"13035",68,29,0,0.4,0,3.9
"13037",34,60.5,0,0.6,0,6.5
"13039",73,18.8,0.7,2.2,0.1,8.7
"13043",67,25.4,0,1.7,0,8.2
"13045",74.7,19.3,1,0.8,0.1,5.8
"13047",92.3,2.2,0.4,1.3,0,6
"13049",66.4,26.2,2,0.7,0.1,7.4
"13051",52.7,39.9,0.3,2.6,0.1,7.3
"13053",67.6,21.5,0.3,3.6,0.1,10.4
"13055",85.7,10.5,0.1,0.2,0,4.9
"13057",86.3,7,0.4,1.8,0,6.8
"13059",63.3,27.9,0.1,3.9,0.1,7.5
"13061",35.8,62.4,0,1,0,1
"13063",16.3,69.3,0.2,5.1,0.1,11.9
"13065",65.6,28.4,0,0,0,8.2
"13067",58.6,27.6,0.3,5.4,0.1,11.3
"13069",67.8,28.5,0,0.8,0,4.2
"13071",63.8,23.4,1.1,0.8,0,12.5
"13073",73.9,16.7,0.3,3.9,0,9.5
"13075",68.7,27,0.3,0.7,0,5.3
"13077",76.4,17.9,0.3,2.1,0,5.6
"13079",74.9,22,0.1,0.2,0,4
"13081",52.7,45.5,0,0.2,0.1,2.5
"13083",94.6,0.8,0,1.8,0.1,5.2
"13085",96.3,1.1,0.1,0.6,0,3.6
"13087",52.5,42.1,0.1,0.2,0,5.5
"13089",34.3,54,1,6.1,0,7.3
"13091",67.2,28.7,0,0.3,0,5.9
"13093",45.1,49.1,0,0,0,7.6
"13095",26.4,69.6,0.2,1,0,4.3
"13097",46.2,46.9,0.1,1.6,0,7.6
"13099",45.3,52.5,0.3,0.6,0,2.8
"13101",73.8,2,2.2,0,0,26.5
"13103",81.6,13.3,0.2,0.9,0,6.8
"13105",68.1,29.9,0,0.6,0,2.4
"13107",62.4,33.9,0.3,0.4,0,5
"13109",58,29.7,0.1,0.9,0,12.7
"13111",96.5,0.2,0.1,0.4,0.1,4.4
"13113",66.9,22.7,0.2,4.5,0.2,8.9
"13115",78.3,13.9,0.2,1.4,0,9.1
"13117",79.2,3.5,0.3,12.9,0,6.3
"13119",85.3,9.3,0.1,0.9,0,6.1
"13121",44.6,44.1,0.4,7.1,0,6.1
"13123",91.5,0.5,1.7,0.5,0,7.7
"13125",88.6,10.2,0.3,0,0,1.6
"13127",68.5,26.3,0.4,1.3,0.1,5.8
"13129",87.9,3.8,1.3,1.1,0.2,7.7
"13131",65.5,29.8,0.5,0.6,0,6.9
"13133",59.1,35.2,0,1.1,0,5.4
"13135",48.5,27.8,0.4,11.6,0,14.7
"13137",86.1,3.2,0.1,1.9,0.5,10.5
"13139",85.6,7.2,0.2,1.8,0,7.2
"13141",24.4,73.2,0,0.4,0.1,2.3
"13143",92.3,5.1,0.1,0.4,0,4
"13145",79.2,16.1,0.1,1.1,0,6.4
"13147",77.4,19.4,0,1,0,3.8
"13149",86.9,8.7,0,0.5,0.1,7.1
"13151",47.9,43.9,0.1,3.3,0,8.3
"13153",60.4,31,0.5,3.3,0,8.4
"13155",69.8,28.7,0.1,0.4,0,1.5
"13157",86.5,6.8,0.1,1.8,0.1,7.3
"13159",75.4,20.4,0.1,0.3,0,4.9
"13161",77.2,16.7,0,0.2,0,9.1
"13163",43.5,53.3,0.1,0.3,0,4
"13165",59.2,34.9,1.4,1.1,0,4.2
"13167",64.2,33.2,0,0.2,0,4.7
"13169",72.9,24.6,0.2,0.7,0,3
"13171",66.2,29.4,0.1,0.5,0,6.7
"13173",74,24.4,0.2,0.2,0,1.9
"13175",58.6,37.3,0.1,1.1,0,3.8
"13177",73.4,20.7,0.1,2.5,0.1,5.8
"13179",45.8,41.2,0.5,2.1,0.5,16.5
"13181",67.4,31,0.1,0,0,2.5
"13183",63.9,24.9,0.2,1.1,0.4,14.9
"13185",57,36.5,0.4,1.7,0.1,6.6
"13187",94.3,2.1,0.3,0.8,0.1,3.7
"13189",54,39.9,0,0.4,1.2,6.3
"13191",62.3,35.5,0.1,1.3,0.1,1.2
"13193",34.3,61.5,0,0.4,0,4.8
"13195",84.3,10.6,0.4,0.4,0,5.4
"13197",61.6,30.9,0.2,0.9,0.6,7.2
"13199",57.3,39.9,0.1,0.2,0,3.4
"13201",68.1,30.5,0.6,0,0.3,1.2
"13205",49.1,46.5,0.3,0.2,0.1,6.7
"13207",73.7,23.2,0.2,0.9,0,3
"13209",66.8,26.4,0,0.2,0,7.9
"13211",74,23.5,0.1,0.1,0,4.1
"13213",96.8,1,0.1,0.3,0,2.7
"13215",43.3,46.3,0.4,2.5,0.1,12
"13217",50.4,44.9,0.3,1.1,0.1,5.6
"13219",88.4,5.2,0.1,3.7,0.1,4.7
"13221",79.8,17.6,0,0.2,0,4.4
"13223",75,19.1,0.3,1,0,7.9
"13225",48.9,44.8,0.6,1,0.1,5.6
"13227",89.2,1,0.9,0.4,0.1,16.7
"13229",85.7,9.3,0.4,0,0,6
"13231",88.1,9,0,0.5,0,4.4
"13233",79.3,12,0.5,0.4,0,10.6
"13235",60.1,37.9,0.1,0.3,0,3
"13237",69,26.2,0,0.6,0,5.5
"13239",37.8,51.9,0,7.3,0.2,5.6
"13241",92,2.7,0.3,1.1,0,4.6
"13243",34.7,62.4,0,0,0,4.6
"13245",37.1,56.5,0.3,1.9,0.2,6.6
"13247",38.8,54.7,0.1,2,0.2,6.6
"13249",69.7,25.4,0,0,0,6
"13251",55.6,41.6,0.2,0.7,0,2.9
"13253",62.1,33.2,0,0.8,0,7.2
"13255",62.5,34.1,0.4,1,0,3.6
"13257",84.6,11.9,0.2,0.7,0,4
"13259",23.6,52.9,0.1,3.2,0,21.7
"13261",42.7,52.3,0,1.4,0,5.4
"13263",41.2,57.7,0,0.6,0,0.9
"13265",34,62.1,0,0.7,0,3.4
"13267",58.7,29.3,0.3,0.2,0,12.9
"13269",57.7,38,0,1.8,0,2.9
"13271",52.1,41.3,0.1,0.1,0,7.6
"13273",36.2,59.7,0.1,3.1,0,1.3
"13275",60,36.4,0.1,0.2,0.1,5.6
"13277",64.5,29.6,0.3,1.4,0,5.8
"13279",63.6,25.8,0,0.9,0,11.4
"13281",95.9,1.5,0.4,0.5,0,2.8
"13283",73,26.4,0,0,0,1.1
"13285",58.3,36.2,0.3,2.3,0,4.7
"13287",57.3,40.8,0,0.8,0,1.4
"13289",55.8,42.8,0,0.2,0,2.4
"13291",97,0.7,0.5,0.3,0,2.7
"13293",68.1,27.8,0.6,0.5,0.8,3.9
"13295",92,4.1,0.2,0.8,0,5.1
"13297",77.5,17.7,0.1,1.4,0,4.8
"13299",64.8,30.2,0.6,1.1,0.1,5.3
"13301",37.5,61.1,0,0.6,0,1.5
"13303",43.6,53.1,0.2,0.7,0,4
"13305",74.7,20.6,0.1,0.6,0,6.7
"13307",53.3,37.2,0.3,0,0,11.1
"13309",56.3,43.4,0,0,0,0.6
"13311",93.9,1.5,0.6,0.6,0,5.5
"13313",88.7,3.8,0.8,1.5,0,6.6
"13315",63.1,35.5,0.4,0,0,1.6
"13317",52.6,42.6,0,0.4,0,5.3
"13319",59.2,38.9,0.1,0,0.1,3
"13321",68.6,28,0.4,0.8,0,4
"15001",33.3,0.6,0.5,22.5,12.2,59.7
"15003",20.9,2.4,0.2,42.7,9.5,47.4
"15005",24.2,3,1.5,21.2,27.3,45.4
"15007",32.4,0.4,0.6,33,9.2,48.4
"15009",35.5,0.5,0.3,29.3,10.9,45.5
"16001",90.5,1.4,0.5,2.5,0.2,8.2
"16003",95.5,0.4,1.8,0,0.2,4.2
"16005",89,0.7,3,2,0.2,8.4
"16007",94.3,0.9,1.1,0.7,0,4.1
"16009",86.6,0.1,9.3,0.3,0.8,5.6
"16011",82.2,0.3,6.4,0.6,0.1,13.8
"16013",94.8,0.4,0.7,1.1,0.2,4.4
"16015",95.1,0.3,0.4,1,0.1,6.1
"16017",95,0.3,0.9,0.7,0.1,5.4
"16019",89.5,0.5,0.4,1,0.1,11.3
"16021",94.1,0.5,1.4,1.2,0.5,3.9
"16023",99.5,0.2,0,0,0,0.4
"16025",99.7,0,0,0,0,0.6
"16027",82.7,0.4,1,0.8,0.3,18.6
"16029",95.4,0,0.2,0.1,0,6.6
"16031",93.1,0.2,1.2,0.6,0.1,6.2
"16033",90.4,0.8,4.6,0,0,4.3
"16035",92.7,0.5,2.2,0.4,0.2,6.4
"16037",91.3,0.1,1.1,0,0,13.9
"16039",85.1,2.7,2.1,2.6,0.4,11.1
"16041",94.7,0.3,0.9,0.1,0,5.9
"16043",94.8,0.2,0.1,0.2,0.6,6.4
"16045",90.1,0.1,1.4,0.6,0,10.7
"16047",93,0.1,0.5,0.9,0.2,7.9
"16049",93.3,0.1,4,0.4,0,3.6
"16051",91.3,0,1.2,0.4,0,8.8
"16053",93.4,0.2,0.7,1,0.4,6
"16055",94,0.3,1.4,0.9,0.1,6.1
"16057",92,1.2,1.3,2.3,0.1,5.7
"16059",94.7,0,0.5,0,0.1,8.6
"16061",86.7,0.1,8.4,1.4,0,6.3
"16063",93,0,0.6,0.4,0,8.8
"16065",92.8,0.2,0.1,1.6,0.2,8.1
"16067",93.6,0.2,1.3,0.3,0.1,6
"16069",89.6,0.4,6.1,0.8,0,5.7
"16071",97.9,0.1,0.2,0,0,3.6
"16073",79.1,0.5,3.2,0.1,0,20.5
"16075",87.9,0.1,0.6,1,0.1,14.2
"16077",84.1,0.1,5.9,0,0,10.2
"16079",93.5,0.3,3.1,0.1,0,5.6
"16081",88.9,0,0.7,0,0,12.5
"16083",91.8,0.8,0.7,1.8,0.1,6.6
"16085",98.8,0.1,0.2,0.3,0,1.1
"16087",87.8,0.2,1,0.4,0,13.9
"17001",92.9,4.1,0.4,0.8,0,3.2
"17003",63.2,33.5,0.6,0,0.6,4.2
"17005",90.9,7.6,0.5,0.4,0,0.9
"17007",87.5,2.2,0.3,1.2,0,11.2
"17009",79.4,19.2,0.4,0,0,1.3
"17011",93.4,1.1,0.2,0.9,0,5.8
"17013",97.7,0.3,0.5,0.9,0,1.2
"17015",96,1.2,0.1,0.8,0,3.5
"17017",88.5,5.2,0.2,0.4,0,6.8
"17019",71.8,13.5,0.2,10.8,0.1,6.3
"17021",96.5,1.3,0.3,0.6,0.1,2.2
"17023",96.8,0.7,0.1,0.6,0,3
"17025",96.2,0.8,0.2,0.3,0,4.8
"17027",93.7,3.4,0.3,0.6,0,3.6
"17029",92.9,3.9,0.2,1.2,0,3.2
"17031",56.7,23.4,0.3,7.3,0,14.9
"17033",90.2,6.5,0.1,0.3,0.1,5.2
"17035",97.3,0.1,0,0.4,0.1,3.7
"17037",84,7.9,0.1,2.3,0,8.2
"17039",96.1,0.5,0,0,0.1,5.3
"17041",95.8,0.7,0.7,0.7,0.1,3.4
"17043",76.8,4.8,0.2,11.9,0,9.1
"17045",98.9,0.3,0.1,0.2,0,1
"17047",96.8,0.9,0.6,0.3,0,2.8
"17049",97,0.7,0.1,0.5,0,2.5
"17051",93.9,4.7,0.3,0.5,0.1,0.9
"17053",95,1.1,0.5,0.7,0,3.4
"17055",96.9,0.9,0.2,0.5,0.1,2.4
"17057",94,3.8,0.5,0.1,0.1,2.9
"17059",96.5,0.5,0.5,0.1,0,4.4
"17061",96.9,1.4,0,0.2,0.1,2.5
"17063",93.3,1.4,0.1,0.8,0,6.2
"17065",99.2,0.4,0,0.1,0,0.2
"17067",97.4,0.6,0,0.4,0,3.1
"17069",95.6,2.7,0.2,0.1,0,2.8
"17071",97.6,0.1,0,0.6,0,3.3
"17073",94,1.9,0.1,0.5,0,4.8
"17075",92.6,0.9,0.1,0.4,0,8
"17077",76.3,15,0.3,3.4,0.1,7.9
"17079",97.3,0.5,0,0.1,0,4.1
"17081",87.3,8.4,0.2,1.2,0,5.7
"17083",96.7,0.4,0.1,0.3,0,4.9
"17085",97.2,0.6,0.3,0.6,0,2.3
"17087",87.7,11.3,0.1,0.4,0,0.9
"17089",73,5.5,0.5,4.1,0,19.8
"17091",79.6,15.2,0.2,0.8,0,5.9
"17093",81.4,7.4,0.1,3.2,0,10.6
"17095",85.6,8.9,0.5,1.1,0,5.8
"17097",75.8,6.8,0.3,7.7,0,12.3
"17099",92.6,2.7,0.1,0.7,0,5.8
"17101",87.8,8.3,1,0.5,0,4.2
"17103",90.5,5.5,0.3,0.6,0.1,5.1
"17105",92.6,4.2,0,0.9,0,3.9
"17107",88.5,6.9,0.3,0.8,0,6.3
"17109",89.8,4.7,0.1,2.1,0,5.9
"17111",92.3,1.5,0.1,2.8,0,5.3
"17113",83.3,8.4,0.2,5.1,0,5.5
"17115",77.9,14.8,0.2,1,0,11.6
"17117",96.7,1,0.2,0.5,0,2.9
"17119",87.4,8.7,0.2,1.1,0,4.8
"17121",92.5,3.7,0.2,0.6,0,5.6
"17123",97.1,0.3,0.1,0.4,0,3.8
"17125",97,0.8,0.2,0.2,0,3.4
"17127",91.1,5.8,0,0.2,0,5.6
"17129",97,0.4,0.3,0.3,0,3.7
"17131",97,0.6,0.1,0.4,0,3.3
"17133",97.3,0.2,0,1.3,0,1.9
"17135",94.6,3.7,0.2,0.3,0,2.1
"17137",90,7,0.3,0.7,0,4
"17139",97.7,0.8,0.4,0.2,0,1.7
"17141",94.3,1,0.3,0.5,0,5.4
"17143",72.7,17.8,0.3,4.1,0,8.8
"17145",88.4,9.1,0.1,0.7,0,3.2
"17147",97,0.6,0.1,0.5,0,3.4
"17149",96.9,1.2,0.2,0.4,0,2.4
"17151",92.6,4.2,0,0.6,0,4.1
"17153",65.7,30.3,0.1,0.1,0,7.4
"17155",96.7,0.7,0,0.8,0,2.9
"17157",86.8,10.1,0.2,0.6,0,3.8
"17159",96.3,0.8,0.5,0.5,0,3.4
"17161",80.2,10.4,0.4,2.5,0,10
"17163",64.1,29.9,0.2,1.5,0,7.3
"17165",92.7,2.6,0.2,0.7,0.2,6.5
"17167",81.9,12.9,0.1,2,0.1,5.7
"17169",89.4,9,0.1,0,0,2.8
"17171",97.6,0.1,0.6,0.1,0.3,2.2
"17173",98.3,0.7,0.1,0.3,0,1.2
"17175",97.1,1,0,0.9,0,1.9
"17177",85.8,9.6,0.2,0.8,0,6.7
"17179",95.7,1.2,0.1,1.1,0,3.2
"17181",94.1,1.6,0.1,0.3,0.2,5.8
"17183",82.2,14.1,0.3,1,0,4.2
"17185",95.8,0.7,0,1,0,4.7
"17187",88.1,2.9,0.2,2.5,0,7.3
"17189",96.7,0.9,0.1,0.3,0,3.2
"17191",96.6,1.5,0.2,0.3,0,2.6
"17193",97.5,0.7,0.2,0.8,0.1,1.3
"17195",94.4,1.7,0.2,0.6,0.1,5.1
"17197",73.5,11.3,0.3,5.5,0,12.4
"17199",90.7,4.3,0.2,1.2,0,6.2
"17201",78.8,13,0.3,2.6,0,8.6
"17203",96.8,0.7,0.1,0.5,0,3.7
"18001",96.4,1.1,0.1,0.3,0,2.8
"18003",78.9,11.5,0.2,3.8,0,9.2
"18005",85.2,1.9,0.2,7.4,0.1,7.8
"18007",97.4,0.5,0.1,0.1,0.1,3.6
"18009",97.1,0,0.3,0.7,0,3.6
"18011",92.8,1.7,0.2,3,0,4.1
"18013",96.6,0.7,0,0.8,0,3.6
"18015",96.1,1.2,0.1,0.2,0,3
"18017",84.1,1.2,0.5,1.4,0,15.5
"18019",87.6,6.7,0.2,1.1,0,7.9
"18021",96.5,0.8,0,0.3,0,4.5
"18023",91.6,0.8,0.2,0.4,0.2,7.7
"18025",97.1,0.4,0.4,0,0,4.3
"18027",94.9,2,0,0.3,0,4
"18029",97.2,0.9,0.1,0.6,0,2.1
"18031",96.6,0.7,0.5,1.5,0,1.4
"18033",97.2,0.7,0,0.4,0,3
"18035",88.4,7,0.1,1.4,0.2,5.5
"18037",94.5,1.3,0.3,0.7,0,4.3
"18039",87.3,5.4,0.2,1,0.1,9
"18041",96.4,2.5,0.2,0,0,1.5
"18043",90.4,5.2,0.4,1.1,0,5.5
"18045",97.5,0.2,0.2,0.4,0,3.1
"18047",97.5,0.1,0,0.9,0,2.7
"18049",93.9,0.9,0.3,0.4,0.1,6
"18051",94.7,2.2,0,0.4,0,4.8
"18053",87.8,7.2,0.2,1,0,6.6
"18055",97.7,0.4,0,0.2,0.1,3.1
"18057",86.8,4,0.2,6,0,5.4
"18059",94.3,2.4,0,0.8,0,4.6
"18061",96.6,0.6,0.1,0.4,0,3.5
"18063",87,7,0.2,2.9,0,4.8
"18065",94.6,2.6,0.3,0.4,0,3.7
"18067",87.3,7.8,0.6,1.3,0,5.5
"18069",95.8,1,0.4,0.7,0.1,2.7
"18071",90.9,1.1,0.2,2.2,0,7
"18073",94.3,0.6,0,0.3,0,6.9
"18075",97,0.4,0.1,0.8,0,2.8
"18077",94.5,2.1,0.2,0.9,0,3.4
"18079",96.5,1.4,0.5,0.2,0,1.8
"18081",91,2.5,0.1,3.4,0,4.5
"18083",94.1,2.8,0.1,0.9,0.1,3.3
"18085",93.8,0.7,0.5,1.3,0,5.6
"18087",97.8,0.2,0.1,0.1,0,3.5
"18089",61.9,23.7,0.3,1.4,0,16.1
"18091",82.8,11,0.3,0.6,0,8.5
"18093",96.5,0.4,0.6,0.5,0.1,3.7
"18095",87.7,7.9,0.2,0.5,0,6.3
"18097",61.7,28,0.3,3.3,0,10.1
"18099",93.7,0.8,0,0.5,0,7.3
"18101",98.2,0.8,0.3,0.2,0,1.2
"18103",90.4,5.4,0.8,0.6,0,4.1
"18105",86.1,3.1,0.2,6.7,0,7.3
"18107",95.3,0.7,0.2,0.8,0,5.4
"18109",97.2,0.4,0,0.8,0,2.8
"18111",97.3,0.2,0.1,0,0,3.1
"18113",96.4,0.5,0.1,0.7,0,4.2
"18115",96.9,0.4,0.1,0.4,0,3.5
"18117",95.5,2.6,0.1,0.5,0,2.5
"18119",96.9,0.5,0.4,0.5,0,3.4
"18121",95.3,0.6,0.7,0,0,6.1
"18123",94.7,3,0.2,0.5,0,2.8
"18125",96.8,0.9,0,0.9,0,2.4
"18127",91,3.8,0.2,1.4,0.1,6
"18129",96.2,1.8,0.1,0.3,0,2.8
"18131",95.1,0.2,0.2,0.6,0.2,6
"18133",93.2,2.6,0.1,2.5,0,2.8
"18135",94.9,0.6,0.1,0.1,0,6.7
"18137",97.3,0.4,0.3,1,0,2
"18139",97.2,1.7,0,0.1,0,2
"18141",77.9,12.9,0.5,2.4,0.1,9.8
"18143",97.5,0.2,0.3,0.5,0,2.8
"18145",94.8,1.2,0.1,0.6,0,5
"18147",97.3,0.7,0.2,0.3,0,2.6
"18149",97.2,0.9,0.1,0.3,0,2.6
"18151",96.5,0.3,0.1,0.4,0.1,4.9
"18153",92.9,4,0.1,0.5,0,4.6
"18155",96.5,1,0,0.4,0.7,2.8
"18157",81.5,5.3,0.3,8.1,0,7.1
"18159",96.2,0.1,0,0.3,0,5.7
"18161",97,0.2,0,2,0,1.5
"18163",85,9.5,0.1,1.2,0.2,6.6
"18165",97.2,1.2,0.3,0.2,0,1.7
"18167",87.1,6.7,0.2,1.8,0.1,7.3
"18169",95.6,1.1,0.8,0.4,0,3.1
"18171",97.6,0.6,0,0.3,0,2.9
"18173",93.7,1.7,0.2,2.7,0,3
"18175",98,0.1,0.4,0.3,0,2.2
"18177",89.8,5.1,0.4,1.1,0,6.4
"18179",95.7,0.8,0.2,0.4,0,4.5
"18181",90.9,0.5,0.3,0.2,0,9.7
"18183",96.8,0.4,0.3,0.4,0,3.9
"19001",97.5,0.6,0,0.7,0,2.2
"19003",98.6,0.1,0.1,0.2,0,1.1
"19005",96.5,1.3,0.3,0.6,0,2.4
"19007",97,0.7,0.2,0.5,0,3.1
"19009",96.9,0.2,0,0.3,0,5
"19011",96.9,0.6,0.2,0.3,0,3.3
"19013",83.7,9.5,0.4,2.4,0.3,6.1
"19015",95.7,0.6,0.4,0.3,0.4,4.2
"19017",96.1,0.9,0.4,1.2,0.1,2.5
"19019",97.4,0.2,0.4,0.3,0,3.6
"19021",77,2.5,0,10.1,1.5,10.2
"19023",97.5,1,0.2,0.2,0.1,1.9
"19025",95.6,1.5,0.4,0.4,0,3.8
"19027",97.4,0.1,0.4,0.2,0,2.6
"19029",97,0.2,0.5,0.3,0.1,3
"19031",97.5,1.4,0.3,0.4,0,0.9
"19033",94.1,1.7,0.5,1.1,0.1,4.4
"19035",94.9,2,0.3,0.8,0,3.9
"19037",97.9,1.1,0.2,0.1,0,1.3
"19039",95.6,0.1,0.4,0.7,0,5.1
"19041",95.3,0.7,0,0.6,0,5.9
"19043",97.4,1,0.2,0.4,0,1.6
"19045",93.6,2.8,0.3,0.7,0,4.9
"19047",85.8,2.8,0.6,2.1,0.2,10.7
"19049",90.6,1.9,0.1,4.5,0.1,4.9
"19051",97.6,0,0.4,0.6,0,2.4
"19053",94.6,1.8,0.3,0.7,0.3,4.1
"19055",97.5,0.2,0.3,0.4,0,2.6
"19057",90.1,5.7,0.2,0.8,0,6.1
"19059",97.4,0.4,0.3,0.9,0,1.7
"19061",92.6,3.5,0.3,1.1,0.5,3.5
"19063",94.6,2.1,0.2,0.3,0,4.6
"19065",95.4,2.2,0.2,0.3,0,3.6
"19067",94,1.7,0.6,1.5,0.2,3.8
"19069",95.1,0.2,0.1,0,0,4.8
"19071",95.2,0.8,0.6,0,0,4.5
"19073",95.8,0.5,0.1,0.7,0,4.7
"19075",98.2,0.6,0.1,0.3,0,1.6
"19077",96.7,0.3,0.1,0.2,0,4.3
"19079",93.9,1.3,0.1,3,0.2,1.5
"19081",96.6,1.6,0.2,0.5,0.1,1.7
"19083",95,1.3,1.6,0.1,0,3.3
"19085",97.5,0.2,0.2,0.5,0,2.9
"19087",91.6,2.2,0.2,2.6,0,5.9
"19089",98.1,0.3,0,0.4,0,2.2
"19091",97.3,0.4,0.3,0.3,0,2.8
"19093",97.3,0.7,0.6,0.2,0,2.1
"19095",96.8,0.9,0.1,0.5,0,3.1
"19097",96.8,0.5,0,0.4,0.9,2.7
"19099",95.3,2,0.2,0.5,0,3.7
"19101",83.2,7.2,0,4.4,0,9
"19103",81.7,7.3,0.2,6.2,0.1,6.8
"19105",95.4,2.1,0.1,1,0,2.8
"19107",97.5,0.5,0.2,0.3,0,2.7
"19109",96.7,0.8,0.4,0.6,0,2.7
"19111",93.7,2.8,0.2,0.6,0,4.8
"19113",88,5.5,0.2,2.3,0.1,6.9
"19115",90.3,1.1,0.9,3.4,0,5.2
"19117",99.1,0.1,0,0,0,1.2
"19119",96.7,0.1,0.6,0.3,0.3,3.2
"19121",97,0.2,0.1,1.4,0.1,2.2
"19123",95.3,1.4,0.3,1.5,0.2,2.6
"19125",95.8,1.1,0.2,1.1,0,3.2
"19127",85.8,1.3,0.3,3.7,0,11.2
"19129",96.4,0.7,0.9,0.5,0,2.3
"19131",97.4,0.3,0.5,0.5,0,2.4
"19133",96.5,0.3,1.7,0,0.4,1.9
"19135",97.2,0,0,0.1,0,2.9
"19137",94.6,0.1,0.9,0.2,0,6
"19139",90.4,2.5,0.2,0.9,0,9
"19141",95.8,1.3,0.2,1,0,2.7
"19143",94.5,1.3,0.3,0.1,0,5.5
"19145",93.7,2,0.5,1,0.1,4.8
"19147",95.8,2.4,0.2,0.3,0,2.3
"19149",94.5,1,0.5,0.7,0,4.4
"19151",96,0.6,0.3,1.3,0.7,1.6
"19153",84,6.8,0.3,4.6,0.1,7.1
"19155",93,1.8,0.4,0.8,0,6.1
"19157",93.9,1.9,0,2.1,0,3.6
"19159",95.9,0.1,0.4,1,0,3.3
"19161",97.4,0.7,0,0.5,0,2.2
"19163",85.6,7.5,0.3,2.7,0,6.9
"19165",96.9,0.8,0.3,0.2,0,3.3
"19167",94.6,0.4,0.3,0.7,0,5.7
"19169",86.1,2.3,0.2,8,0,5.9
"19171",87.8,0.9,8.4,0.5,0,3.3
"19173",94.6,0,0.2,1,0,5.7
"19175",96.7,0.5,0,1.5,0.2,2.2
"19177",97.3,0.7,0,0.5,0,2.5
"19179",87.3,3.6,0.1,1.2,0.7,9.1
"19181",96,0.5,0.1,0.7,0.3,3.9
"19183",95.2,0.8,0.3,0.6,0,4.5
"19185",97.2,0.3,0.4,0.1,0,3.7
"19187",90.6,4.7,0.3,1.4,0,4.8
"19189",94.9,1.7,0.3,1.3,0,2.9
"19191",96.7,1.5,0.1,0.7,0,1.6
"19193",85.7,3.6,2,2.8,0.3,9.1
"19195",96.5,1.6,0.1,0.3,0,2.7
"19197",93.4,0.4,0,0.5,0,7.3
"20001",93,1,0.3,0.7,0.2,9.2
"20003",96.7,0.5,2.1,0,0,1.4
"20005",89.6,2.9,0.4,0.5,0,12.5
"20007",94.7,0.8,0.8,1.6,0,4
"20009",93.9,1.2,1.1,0.4,0.3,5
"20011",92.4,2.8,0.3,0.8,0,7.3
"20013",85.3,0.9,8.8,0.6,0,8.5
"20015",93,2.5,0.7,1.3,0.1,4.7
"20017",94.8,1.7,0.6,0.1,0,5
"20019",88.4,0.5,3.9,0.3,0,13.3
"20021",90.1,0.6,1.8,0.4,0.4,12.9
"20023",95.8,0,0,0,0,4.6
"20025",94.6,0.5,1,1.1,0,4.9
"20027",96.5,0.9,0.7,0.6,0,2.6
"20029",95.2,2,0.2,0.1,0,4.2
"20031",95.6,0.8,0.3,0.1,0,6.3
"20033",99.1,0.2,0,0,0,0.9
"20035",88,3.3,1.5,1.6,0.1,9.9
"20037",91.2,2.3,0.4,1.9,0,7.9
"20039",97.8,0.5,0.5,0.4,0,1.3
"20041",94.8,1.4,0.9,0.5,0,4.5
"20043",92.5,6,0.5,0.1,0,1.8
"20045",82.4,4.4,2.5,5.3,0,9.9
"20047",95.1,0.3,0,0.8,0,5.8
"20049",93.8,0.4,1.7,0.5,0,7.2
"20051",93.1,1.1,0.2,1.1,0.4,7.5
"20053",90.6,3.2,0.9,1.3,0,7.1
"20055",81,2.9,0.4,4.1,0,14.5
"20057",89.3,2,0.9,1.4,0,8.5
"20059",93.4,0.9,0.6,0.4,0,8.1
"20061",67.8,18.7,1.2,3,1,13.7
"20063",95.8,0.5,0.3,0.5,0,5.6
"20065",90.3,4.2,0,1.7,0,7.6
"20067",88.3,0,0,0.4,0,11.8
"20069",96.8,0.9,0.2,0.1,0.4,3.2
"20071",87.9,0,0.6,0,0,13.1
"20073",95.1,0.2,0.1,0.2,0,8.6
"20075",90.9,5.3,0,0,0,4.4
"20077",95.7,0.2,1.5,0.4,0.2,3.7
"20079",93.1,1.7,0.3,0.6,0.2,7.2
"20081",86.1,0,1.4,0.1,0,13.4
"20083",95.6,0.1,0.3,1.9,0,4
"20085",86.3,0.2,8.5,0.5,0.1,8.1
"20087",95.8,0.7,0.8,0,0,5.1
"20089",96.4,0.3,0.6,0.2,0.1,3.4
"20091",86,4.7,0.3,5.1,0.1,6.9
"20093",94.5,2.6,0,0.4,0,3.2
"20095",96.6,0.5,0.4,0,0,4.8
"20097",93.9,0.8,0.7,0.8,0,6.8
"20099",88.8,4.8,0.8,0.2,0,10.5
"20101",96.8,0,0.8,1.2,0.3,1
"20103",82.5,8.8,0.7,1.4,0.1,10.9
"20105",98.1,0.2,0,0,0,3.4
"20107",95.7,0.8,0.7,0.5,0,4.3
"20109",94.8,0.1,0.8,0,0.4,6.8
"20111",89.2,2.3,0.7,2.1,0,9.8
"20113",95.5,1.2,0.6,0.7,0,4.1
"20115",95.6,0.8,0.2,0.4,0,5.9
"20117",96.7,0.3,0.1,0.4,0.3,4.3
"20119",84.7,0.6,0.2,0.7,0.2,16.3
"20121",95.5,1.5,0.8,0.6,0,2.9
"20123",97,0.7,0.7,0.3,0,2.3
"20125",84.2,5,3.3,1,0.2,10.8
"20127",96.1,0.2,0.1,0.6,0,5.8
"20129",91.9,0.8,0.2,0.6,0,10.5
"20131",96.8,0.7,0.7,0.1,0,3
"20133",94.9,1.3,0.4,0.1,0,6.6
"20135",93.3,0.5,0.3,0.3,0,6.9
"20137",92.4,2.8,1,0.5,0,5.3
"20139",96,0.6,0.2,0.2,0,6.2
"20141",96.2,0.5,0.4,0.1,0,5
"20143",96.2,1,0.6,0.7,0,3
"20145",89.6,4.6,1,0.1,0,7.5
"20147",96.7,0.7,0.4,0.5,0.1,3.1
"20149",94.3,1.3,0.9,0.8,0,4.9
"20151",94.3,2.5,1.1,0.1,0,3.8
"20153",92.4,0.6,0.8,0.1,0,7.6
"20155",91.3,3,1.2,0.6,0,6.6
"20157",97.4,1.1,0.2,0.2,0,1.8
"20159",91,2,0.7,0.8,0.2,8.5
"20161",82.3,6.2,0.4,5.1,0.2,10
"20163",96.2,1.8,0.2,0.1,0.2,2.8
"20165",95.4,0.2,0,0.6,0,7.4
"20167",94.5,2.3,0.9,0,0.3,3.6
"20169",87.7,2.8,0.5,2.3,0,10.9
"20171",94.2,0,0.1,1.2,0.1,5.7
"20173",77.9,8.8,1,4.3,0,12.2
"20175",59.4,4.6,0.6,2.6,0.2,34.5
"20177",82.4,8.5,0.9,1.5,0.1,10.2
"20179",96.4,1,0.3,0,0,2.8
"20181",90.8,1.9,0.8,0.9,0,7.3
"20183",96.5,0.3,0.5,0.7,0,3.8
"20185",94.8,0.3,1.1,0.1,0,5.8
"20187",97.1,0,0.1,0,0,5.2
"20189",86.4,0.8,0.4,0.3,0,16.2
"20191",94,1,1.4,0.6,0,5.4
"20193",93.8,2.3,0.4,0.9,0,3.7
"20195",96.9,0.1,0.1,1.7,0,2.1
"20197",94.9,0.5,0.6,1.3,0.1,4.7
"20199",94,0.2,0,0.4,0,8.7
"20201",98.1,0.2,0.1,0.1,0,2.2
"20203",89,0.9,0.9,0.7,0,9.9
"20205",94.6,0.5,0.5,0,0,8.7
"20207",92.8,0.4,1.1,0,0,11.1
"20209",58.8,22.3,0.5,4.6,0.2,18.2
"21001",94.9,3.1,0.2,0.6,0,2.1
"21003",96.5,1,0,0.6,0,3.4
"21005",95.2,2.8,0,0.3,0,3.2
"21007",92.8,4.1,0.6,0.2,0,4.4
"21009",92.8,3.5,0.1,0.3,0,6.1
"21011",96.5,1.5,0.1,0.5,0,2.7
"21013",95.3,2.8,0.2,0.2,0,2.9
"21015",90.7,2.9,0.1,2.4,0,6.2
"21017",90.4,7,0,0.8,0,2.2
"21019",94.1,2.3,0.1,0.3,0,5.8
"21021",87.5,8,0.3,0.9,0,5.6
"21023",96.9,0.4,0.3,1.1,0,2.8
"21025",97.1,1.3,0.2,0.3,0,1.6
"21027",95.5,1.8,0.3,0.4,0,3.8
"21029",95.9,1.1,0.2,0.7,0,3.5
"21031",96.9,0.6,0.2,0.3,0,3.2
"21033",93,6.3,0,0,0,1.4
"21035",91.4,3.5,0.3,1.1,0.2,6.4
"21037",93.7,3.2,0.1,1,0,3.4
"21039",95.8,0.8,0.6,0.8,0,3.9
"21041",91.8,3.2,0.3,0.3,0,5.6
"21043",98,0.6,0.5,0.1,0,1.7
"21045",97.1,0.8,0.3,0.2,0,3
"21047",71.2,22,0.8,1.6,0.5,6.9
"21049",92.6,4.7,0.2,0.6,0,3.6
"21051",93.6,3.9,0.1,0,0,4
"21053",97,0.4,0,0.3,0,3.8
"21055",96.9,0.8,0.2,0,0,3.7
"21057",92.8,2.1,0,0.8,0,6.4
"21059",90.2,4.4,0.2,1.8,0.3,5.9
"21061",95.5,1.5,0.4,0.1,0,4.9
"21063",95.9,3.6,0.1,0,0,0.6
"21065",99.1,0.1,0.2,0,0,1.2
"21067",74.9,14.6,0.2,3.8,0,10.4
"21069",96.2,2.2,0.1,0.1,0,2.7
"21071",97.5,1,0,0.3,0,2.3
"21073",82.4,9.4,0.1,1.8,0.1,10.2
"21075",71.9,24,0.7,0.1,0,5.8
"21077",92.9,2,0,0.1,0,6.7
"21079",95.9,1.9,0.2,0.3,0,3.1
"21081",95.5,0.8,0.1,0.1,0,5.2
"21083",89.6,4.5,0.1,0.5,0.3,7.8
"21085",95.9,1.2,0.4,0.1,0,3.9
"21087",95.2,2.6,0.7,0.1,0,2.9
"21089",97,1.1,0,0.5,0,2.7
"21091",96.1,1.6,0.1,0.6,0,3.4
"21093",79.4,11.6,0.2,2.2,0.3,11.5
"21095",95.5,2.3,0,0.3,0,3.5
"21097",95.2,1.7,0,0,0,5.6
"21099",93.3,4.1,0.5,0.5,0,3
"21101",88,7.3,0.2,0.4,0,7
"21103",93.3,3,0,0.6,0.1,4.8
"21105",86.8,8.4,0.4,0.7,0,7.1
"21107",90,6.4,0.2,0.6,0,5.2
"21109",98.1,0.3,0,0,0,3.2
"21111",71.6,21.7,0.2,2.9,0.1,6.1
"21113",91.3,4.6,0.3,1.4,0,4.1
"21115",97.3,0.5,0.1,1.5,0,1.2
"21117",90.1,4.6,0.1,1.3,0,6.3
"21119",97.3,0.5,0.1,0.2,0.1,3.1
"21121",96.4,0.8,0.8,0.4,0.1,2.9
"21123",92.8,3.5,0.1,0.4,0,4.8
"21125",97,0.7,0.4,0.4,0,2.8
"21127",98.8,0.2,0,0.2,0,1.4
"21129",96.1,0.8,0.7,0.2,0,4.6
"21131",97.6,0.1,0,0.4,0,3.4
"21133",97.8,0.4,0.2,0.3,0,2.5
"21135",97.8,0.7,0.2,0.1,0,2.4
"21137",94.6,1.9,0,0.2,0.1,6
"21139",97.2,0.5,0.1,0.1,0,4
"21141",90.7,6.7,0.1,0.3,0,3.9
"21143",91.6,5.7,0.6,0.4,0.1,2.8
"21145",85.1,10.5,0.4,0.9,0.1,5.5
"21147",90.1,5.7,0.7,0.5,0,5.7
"21149",96.8,1.2,0.5,0.2,0,2.3
"21151",91.4,4.1,0.4,0.9,0.3,5.4
"21153",99.8,0,0,0.1,0,0
"21155",90.2,7.3,0.2,0.2,0.1,3.7
"21157",97.4,0.9,0.1,0.2,0,2.5
"21159",93,5.5,0.2,0.1,0.1,1.8
"21161",90.6,6.3,0,0.9,0,3.9
"21163",91.8,3.8,0.7,0.7,0,5.6
"21165",98.3,0.2,0,0.3,0,2.6
"21167",93,4.2,0.1,0.5,0.1,3.8
"21169",95.7,1.6,0.3,0.4,0,4
"21171",95.7,2.5,0.1,0.3,0,2.1
"21173",94.5,2.8,0.3,0.1,0.1,3.7
"21175",93.8,3.4,0.5,0.6,0.3,2.4
"21177",92.7,4.5,0.2,0.8,0.1,3.2
"21179",91.4,5.1,0.1,0.5,0,4.7
"21181",96.1,1.6,0.3,0,0,3.6
"21183",96.6,0.9,0,0.3,0,3.3
"21185",91.4,3.7,0.2,1.6,0,5.7
"21187",98.8,0.6,0.2,0,0.1,0.6
"21189",93.4,5.5,0,0.2,0,0.9
"21191",97,1.1,0,0.6,0.4,1.9
"21193",95.9,1.9,0,0.9,0.3,1.9
"21195",97.5,0.9,0.1,0.6,0,1.5
"21197",96.9,0.4,0.6,0.6,0,2.8
"21199",96.3,0.9,0.3,0.8,0,3
"21201",98.2,1.8,0,0,0,0
"21203",98,0.2,1.2,0.1,0,1
"21205",96,1.5,0.2,0.8,0,2.8
"21207",94.6,0.3,0,0.8,0,5.8
"21209",87.8,4.6,0.2,1.2,0,9.4
"21211",87,6.9,0,0.9,0.1,7.8
"21213",85.7,10.3,0.4,0.7,0,5.1
"21215",96.2,1.9,0.2,0.3,0,2.7
"21217",91.3,4.3,0.1,1.1,0,6.2
"21219",87.5,8.2,0,0.1,0,5.8
"21221",90.4,7.4,0,0.5,0,2.9
"21223",96.4,0.2,0.5,0,0.8,3.5
"21225",83.2,13.3,0,0.5,0,5.5
"21227",81.6,8.9,0.3,4,0.4,7.7
"21229",90.1,5.4,0,0.9,0,6.1
"21231",94.3,2,0,0.2,0,4.8
"21233",91,3.6,0.1,0.1,0.1,8.5
"21235",97,0.9,0.3,0.2,0,2.8
"21237",98.5,0.1,0.3,0.1,0,2
"21239",91.6,4.5,0,0.4,0,6
"22001",79.3,17.4,0.1,0.1,0,5.8
"22003",73.9,18.9,2.1,0.6,0,7.2
"22005",72.2,21.8,0.1,1.1,0,8
"22007",67.4,30.3,0.4,0.1,0,2.9
"22009",66.3,26.9,0.9,0.5,0.2,10
"22011",83.5,12.5,0.5,0.5,0,5.9
"22013",54.8,43.2,0,0,0,2.9
"22015",71.9,22.8,0.5,1.9,0.1,4.7
"22017",46.2,49.2,0.4,1.3,0.1,4.9
"22019",70,24.9,0.3,1.4,0,5.8
"22021",81.7,16.4,0.3,0.3,0,1.9
"22023",92.8,3.4,0.5,0.5,0,4.1
"22025",66.7,32.3,0.1,0.2,0,0.9
"22027",45.5,52,0.3,0.1,0,3.3
"22029",57.8,41.1,0,0.1,0,1.1
"22031",61.5,35.4,0.9,0.1,0,4
"22033",46.8,46.1,0.2,3.2,0,5.6
"22035",29.4,69.7,0,0,0,1.8
"22037",54.5,43.6,0.5,0.3,0,2
"22039",67.9,27.6,0.3,0.5,0.1,5.2
"22041",65.4,33.9,0.1,0,0,1.1
"22043",78.6,16.2,0.3,0.1,0,7.2
"22045",60.7,31.7,0.1,2.7,0,7.7
"22047",49.6,48.2,0.1,0,0,3.5
"22049",67.8,29.7,0.1,0.6,0,2.1
"22051",62.4,27,0.4,4.2,0,8.2
"22053",80.1,16.5,0.8,0.5,0,4
"22055",69.4,25.9,0.3,1.9,0,4.2
"22057",79,13.6,2.2,0.6,0,7.3
"22059",84.2,11.3,1,1.2,0.1,3.2
"22061",54.2,40.9,0.2,1.7,0,4.1
"22063",90.3,6,0.4,0.6,0,4.4
"22065",35.3,63.7,0.2,0,0,1.1
"22067",49.4,49.1,0.1,0.5,0,1.3
"22069",53.3,41.3,0.8,0.7,0,5.7
"22071",33.9,59.5,0.2,2.9,0,5.3
"22073",59.1,37.4,0.2,1,0,3.4
"22075",67.9,20.3,1.1,3.9,0,11.8
"22077",61.9,35.8,0,0.3,0,2.9
"22079",63.5,31.6,0.8,1.3,0,5.2
"22081",57.7,39.1,0,0,0,6.1
"22083",61.9,36.1,0,0.4,0,2.9
"22085",69.3,16,6.6,0.4,0,14.8
"22087",69.4,23.3,0.4,2.5,0.1,6.8
"22089",69.2,26.6,0.4,1,0,3.7
"22091",45.7,52.5,1.1,0.3,0,0.6
"22093",48.6,49.6,0,0.2,0.2,1.9
"22095",38.2,56.5,0,1.1,0,5.7
"22097",56,41.5,0.2,0.1,0,3.7
"22099",66.8,29.1,0.6,1,0,4.7
"22101",58.9,30.5,1.6,1.4,0,11.8
"22103",82.8,12.1,0.6,1.6,0,4.8
"22105",67.1,29.5,0.3,0.7,0,4.5
"22107",43.4,55.4,0,0.1,0,1.1
"22109",70.2,19,5.7,1,0.1,6.8
"22111",71.5,24.8,0.3,0.1,0,5
"22113",81.4,14.5,0.5,2,0.1,2.6
"22115",75.8,14.7,1.3,2.1,0.4,8.9
"22117",66.9,30.2,0.2,0.1,0,4.1
"22119",63.7,34,0.4,0.3,0.1,2.9
"22121",58.3,40.1,0.1,0.1,0,2.7
"22123",80.1,16.1,0.2,0,0.1,4.9
"22125",53.5,44.5,0.2,0.6,0,2.3
"22127",66.2,31.7,0.5,0,0,2.4
"23001",91.4,2.4,0.2,0.8,0,10.2
"23003",94.9,1,1.9,0.5,0,3.3
"23005",91.7,3,0.2,2.2,0,5.3
"23007",96.5,0.2,0.1,0.4,0.2,5
"23009",95.9,0.9,0.5,1.1,0.1,2.9
"23011",95.7,0.9,0.5,0.9,0.1,3.6
"23013",96.1,0.5,0.5,0.5,0,4.5
"23015",96.9,0.4,0.4,1,0,2.3
"23017",96.2,0.4,0.3,0.4,0,5.2
"23019",94.5,0.9,1.3,1,0,4.4
"23021",95.8,0.6,0.8,0.8,0,3.3
"23023",95.7,0.8,0.4,0.8,0,4.6
"23025",96.5,0.6,0.5,0.4,0,3.9
"23027",96.2,0.6,0.4,0.5,0,4.2
"23029",90.8,0.8,5.3,0.5,0,4.8
"23031",95.5,0.9,0.4,1.3,0,3.6
"24001",88.2,8.1,0.1,0.9,0,5
"24003",72.7,16.8,0.2,3.8,0.1,10.6
"24005",60.6,28.9,0.3,6,0.1,6.9
"24009",81.2,11.7,0.1,1.9,0.1,9.4
"24011",79.9,14.1,0.4,0.7,0,7.6
"24013",91.6,3.5,0.3,1.9,0,4.8
"24015",87.8,6.8,0.1,1.4,0,6.7
"24017",44,46,0.6,3.2,0,11.7
"24019",65.5,26.6,0.1,1.1,0,12.1
"24021",80.6,9.7,0.3,4.5,0.1,8.1
"24023",96.9,0.9,0.2,0.4,0,3.2
"24025",78.6,13.8,0.2,2.6,0,8.1
"24027",57,18.9,0.3,18.1,0,10.2
"24029",80.7,14.3,0.1,1.2,0,6
"24031",53.1,18.5,0.3,14.8,0,17.7
"24033",16.6,62.7,0.4,4.1,0.1,19.1
"24035",89.3,6.7,0.1,1,0.1,4.5
"24037",78,14.6,0.1,2.6,0,8.3
"24039",52.7,42.4,0.4,1,0,5.9
"24041",82.9,10.5,0.2,1.4,0,9.5
"24043",82.1,10.6,0.1,1.8,0.1,9.3
"24045",66.5,25.9,0.3,3.1,0,6.8
"24047",83,12.9,0.1,1.2,0.1,5.2
"24510",30.5,62.4,0.3,2.6,0,6.8
"25001",91.6,2.9,0.6,1.5,0.1,5.3
"25003",90.6,2.8,0.3,1.8,0.1,7.3
"25005",84.1,4.3,0.1,2.3,0.1,12.3
"25007",88.1,4.7,0.8,0.3,0,10.1
"25009",79.9,4.3,0.2,3.4,0,15.2
"25011",92.8,1.5,0.3,1.3,0.2,6.6
"25013",81.4,8.9,0.2,2.4,0,10
"25015",87.6,2.6,0.2,5.3,0.1,7.5
"25017",76.7,5.3,0.2,11.9,0,8.8
"25019",87.3,7.8,0.3,0.6,0.1,7.1
"25021",77.6,7.1,0.1,11.1,0,6.5
"25023",82.9,10,0.2,1.4,0,7.8
"25025",55.2,22.4,0.3,8.9,0.1,19.8
"25027",83.7,5,0.3,4.9,0,8.9
"26001",96.9,0.4,0.6,0.2,0.1,3.3
"26003",84.9,7.7,3.6,0.1,0,7.2
"26005",93.5,1.4,0.3,0.7,0,6.7
"26007",96.8,0.6,0.4,0.6,0.1,3
"26009",96.1,0.4,0.8,0.4,0,3.8
"26011",96.2,0.4,1.3,0.4,0,3.2
"26013",73.4,9.3,10,0.4,0.1,13.3
"26015",96.3,0.7,0.4,0.6,0,3.4
"26017",94.7,1.7,0.3,0.6,0,5
"26019",95.7,0.2,1.7,0.4,0.1,3.7
"26021",78.7,14.6,0.4,1.9,0,7.5
"26023",93.9,2.4,0.4,0.8,0,4.1
"26025",81.3,10.5,0.6,2.4,0,9.7
"26027",88.9,5.2,1.1,0.8,0,7
"26029",95.3,0.5,1.6,0.5,0.1,4.2
"26031",93.2,0.8,2.1,0.4,0,6.8
"26033",70.7,6,14.2,1,0.1,15.9
"26035",96.2,0.6,0.7,0.1,0,4.5
"26037",93.6,1.8,0.2,1.5,0,5.3
"26039",96,0.7,0.3,0.9,0,3.6
"26041",93.7,0.3,2,0.4,0,7
"26043",95.7,0.6,0.9,0.7,0,3.8
"26045",86.4,6.8,0.6,2.3,0,6.6
"26047",92.4,0.7,2.9,0.6,0.1,6.4
"26049",74.8,19.9,0.3,1,0,7.4
"26051",97,0.3,0.5,0.5,0,3.2
"26053",91,3.9,2.6,0.5,0.1,3.7
"26055",94.8,0.9,1,0.6,0,5
"26057",91,5.7,0.6,0.4,0.1,4
"26059",96.6,0.7,0.4,0.4,0,3.5
"26061",93.2,0.8,0.4,2.8,0.1,4.9
"26063",97,0.5,0.2,0.6,0,3
"26065",74.3,11.7,0.4,6.8,0,12.1
"26067",91.7,4.6,0.2,0.4,0,5.4
"26069",95.6,0.7,1,0.8,0,3.5
"26071",95.8,0.5,1.7,0.6,0,2.6
"26073",88,2.7,3.2,1.8,0,7.8
"26075",87.3,7.8,0.4,0.8,0,6.8
"26077",80.8,11.1,0.2,2.4,0,10.3
"26079",95.9,1,0.9,0.5,0,3.2
"26081",79.6,9.6,0.4,3,0,11.6
"26083",97,0.9,0.4,0.2,0,3
"26085",86.9,7.9,0.9,0.2,0.1,7.4
"26087",95.6,1.3,0.3,0.6,0,3.8
"26089",92.9,0.5,3.1,0.6,0.1,4.6
"26091",93.1,2.5,0.5,0.3,0,6.4
"26093",96.3,0.6,0.3,0.9,0.1,3.3
"26095",79.6,6.8,6.5,0.5,0.1,12.7
"26097",74.4,3.4,16.1,0.7,0.2,10.4
"26099",81,11.7,0.3,4,0.1,5.4
"26101",91.2,2.9,1.8,0.4,0.1,7
"26103",93.2,1.7,0.8,0.9,0,6.4
"26105",94.8,0.9,1,0.6,0,4.9
"26107",92.9,3,0.6,0.9,0,4.9
"26109",94.3,0.3,2.3,0.4,0,5.3
"26111",93.2,1.4,0.4,2.3,0.1,4.7
"26113",96.2,0.6,0.5,0.2,0,4.4
"26115",94.2,2.4,0.2,0.6,0,4.6
"26117",94.6,2.2,0.5,0.4,0.1,4
"26119",96.6,0.2,1.2,0.2,0,3.4
"26121",80.8,13.6,0.8,0.6,0,7.8
"26123",93,1.2,0.9,0.4,0,6.3
"26125",75,13.6,0.3,7.5,0,6.4
"26127",94.6,1.1,1,0.2,0,4.9
"26129",96.5,0.3,1.1,0.7,0,2.8
"26131",96,0.5,0.8,0.4,0.1,4.3
"26133",96.1,1.1,0.7,0.3,0,3.3
"26135",96.8,0.5,0.7,0.1,0,3.4
"26137",95.7,0.7,0.3,0.6,0,5.3
"26139",89.6,1.5,0.3,2.7,0,8.6
"26141",96.6,0.6,0.5,0.6,0,3.3
"26143",96.5,0.2,0.7,0.3,0,4.5
"26145",75.2,18.6,0.3,1.2,0,7.9
"26147",93.5,2.2,0.2,0.6,0,6.2
"26149",92,2.2,0.3,0.5,0.1,8.1
"26151",96.6,0.5,0.3,0.3,0,3.8
"26153",86.5,0.4,7,0.4,0,11.3
"26155",96.6,0.7,0.3,0.3,0,4
"26157",96.1,1,0.3,0.3,0,4.3
"26159",86.2,3.3,1,0.7,0,12.9
"26161",73.6,11.9,0.4,9.1,0,9.2
"26163",53.1,38.7,0.3,3.4,0,6.9
"26165",95.7,0.7,0.5,0.5,0.1,4.7
"27001",94.8,0.5,2.1,0.3,0.1,4.3
"27003",83.6,6.2,0.7,4.5,0,8.3
"27005",87.6,0.5,7.4,0.6,0,7.3
"27007",72.9,1.6,20.2,0.7,0.1,9
"27009",91.3,4,0.2,1,0,6.2
"27011",97.6,0.1,0.3,0.1,0,3.7
"27013",90.7,3.9,0.3,2.2,0,5.4
"27015",95.5,0.7,0.3,0.7,0,3.6
"27017",89.4,1.9,5.1,0.6,0,6.1
"27019",92,1.8,0.2,2.8,0,5.6
"27021",84.5,0.4,11.8,0.6,0,5.1
"27023",90.1,0.9,2,0.9,1.1,5.8
"27025",95.3,1.3,0.5,1.1,0,3.3
"27027",90.6,3.7,1.8,1.3,0.1,4.6
"27029",85.8,0.2,8.3,0.5,0,10.2
"27031",86.2,0.1,8.8,0.9,0,6.5
"27033",89.4,0.9,0.1,4,0.2,6.8
"27035",95.8,0.8,0.9,0.4,0,3.9
"27037",82.1,6.3,0.3,4.8,0.1,10.2
"27039",94.7,0.3,0.4,0.9,0,5.1
"27041",96.9,0.4,0.3,0.3,0,3.6
"27043",96.7,0.3,0.3,0.4,0,3.7
"27045",97.6,0.5,0,0.5,0,2.4
"27047",91.6,1.1,0.5,2.6,0,6.2
"27049",94,1.3,0.8,0.8,0,5.1
"27051",96.8,0.3,0.3,0,0,4.8
"27053",72.1,13.3,0.7,7.1,0,10.5
"27055",96.9,1.3,0.2,0.4,0,2.1
"27057",93.4,0.6,2.2,0.7,0,5.1
"27059",95.1,0.5,0.3,1.5,0,4.5
"27061",92.8,0.5,3.7,0.4,0,5
"27063",94.5,0.4,0,2.1,0,4.7
"27065",95.9,0.2,0.5,0.6,0,5.4
"27067",88.3,5.3,0.3,1,0,6.8
"27069",96.3,1.5,0.5,0.7,0,2.1
"27071",93.6,0.6,3.1,0.4,0,3.7
"27073",96,0.9,0.2,0.8,0,3.1
"27075",96.9,0.6,0.9,0.1,0.2,2.5
"27077",93,0.1,1.3,0.1,0,11
"27079",95.5,0.8,0.2,0.4,0,4.5
"27081",97.5,0.4,0.6,0.2,0,2.5
"27083",86.2,3.5,0.4,4.3,0,7.5
"27085",95,0.6,0.2,0.6,0,4.9
"27087",46.8,0.5,39.9,0.3,0.2,24.4
"27089",96.8,0.4,0.4,0.4,0.1,3.3
"27091",96.3,0.5,0.2,0.5,0.1,3.9
"27093",97,0.4,0.1,0.3,0,3.4
"27095",90.2,0.5,5,0.7,0.1,6.8
"27097",96.3,0.6,0.2,0.4,0,3.8
"27099",86.8,3.9,0.1,3.7,0.6,6.9
"27101",96.5,0.4,0.3,1.6,0,2.4
"27103",92,2.8,0,1.7,0,6
"27105",77.8,4.3,0.7,6.9,0,12.9
"27107",93.3,1,2.2,0.4,0,5.6
"27109",83.7,6.2,0.4,5.8,0.1,6.6
"27111",94.9,1.5,0.5,0.6,0,4
"27113",94,1.1,1.6,1.2,0,4
"27115",91.4,2.3,2.4,0.6,0,6.2
"27117",92,1.3,1.9,0.2,0,7.5
"27119",91.7,2.2,1.7,1,0.1,5.6
"27121",96.5,0.4,0.3,0.6,0,3.5
"27123",66.3,12.1,0.6,14.4,0,10.7
"27125",95.2,0.5,1.7,0,0,4.8
"27127",88,0.8,5,2.7,0,5.3
"27129",89.4,0.4,1.5,0.7,0,9.5
"27131",85.6,5.7,0.4,2.1,0.1,8.4
"27133",96.4,0.9,0.3,1.1,0,2.2
"27135",92.5,1,1.8,2.7,0.1,3.6
"27137",92.1,1.6,1.8,1,0,6.5
"27139",84,4.3,0.5,6.1,0,8
"27141",92.4,2.5,0.6,1.3,0,5.3
"27143",95.3,1.1,0.3,0.7,0,3.4
"27145",87.8,6.4,0.2,2.1,0,5.5
"27147",90.5,3.2,0.4,1.5,0.1,5.5
"27149",90.4,2,1.7,2.4,0.2,4.5
"27151",94.5,2.2,0,0.3,0.6,3.1
"27153",94.3,0.7,0.5,0.6,0,5.3
"27155",90.7,0.5,5,0.2,0,6.3
"27157",96.5,0.6,0.3,0.5,0,3.3
"27159",95.1,0.6,1.1,0.4,0,5
"27161",92.9,2.4,0.7,0.6,0,5.1
"27163",85.4,4.6,0.4,5.8,0.1,6.8
"27165",85.8,0.9,0.1,1.2,0,13.1
"27167",98.3,0.4,0.3,0,0,1.9
"27169",93.6,1.3,0.4,2.6,0,3.8
"27171",94.1,1.4,0.3,1.1,0,4.9
"27173",92.6,0.7,2.5,0.6,0,5.6
"28001",40.9,56.3,0.3,0.6,0,3
"28003",84.4,12.1,0.2,0.3,0,4.7
"28005",57.4,41.9,0,0.2,0,0.8
"28007",53.8,42.3,0.1,0.2,0,5.5
"28009",61.4,34.2,0,0,0.2,7.4
"28011",33,64.2,0.1,0.9,0,2.3
"28013",65.2,27.4,0,0.2,0,9
"28015",64.5,34.7,0,0,0,1.4
"28017",50.3,44.3,0.1,0.2,0,6.6
"28019",67.8,31,0.4,0,0.1,1.2
"28021",11.3,87.2,0.1,1.1,0,0.5
"28023",63.6,35.5,0.1,0,0,1.5
"28025",38.8,60,0.5,0.3,0,0.8
"28027",20.9,77.6,0.2,0.5,0,1.6
"28029",45.1,51.6,0,0.4,0,4.3
"28031",62.6,36.6,0.2,0,0,1.2
"28033",66.7,27.3,0.2,1.4,0,6.5
"28035",59.4,37.2,0.2,0.8,0,4.6
"28037",63.4,36,0.2,0.1,0,0.8
"28039",88.9,8,0.5,0.4,0,3.4
"28041",73.4,25.9,0.2,0,0,0.8
"28043",54.9,43.4,0.7,0.2,0,1.5
"28045",87.5,8,0.6,0.6,0,6
"28047",67.9,24.9,0.6,2.8,0,6.6
"28049",25.3,72.6,0.1,0.8,0,1.6
"28051",15.5,84,0,0.1,0,0.5
"28053",20.8,76,0.3,0.1,0,2.8
"28055",37.8,61.6,0,0,0,0.6
"28057",91.1,7.3,0.4,0,0,2.1
"28059",70.8,21.3,0.4,2.4,0.1,7.5
"28061",44.7,54.3,0,0,0,1.4
"28063",13.3,85.8,0.2,0.6,0,0.3
"28065",37.9,61.3,0,0.1,0,1.1
"28067",68.6,29.4,0.2,0.3,0.1,2.4
"28069",34.5,61.7,3.7,0.1,0,0.2
"28071",71.4,23.6,0.2,2.1,0,3.7
"28073",76.4,20.1,0.1,1.3,0,3.8
"28075",54.2,43.7,0.2,0.7,0,1.9
"28077",65,32.5,0.2,0.2,0,3.1
"28079",51.2,41.9,5.7,0.5,0,1.2
"28081",66.9,29.5,0.3,1,0,3.5
"28083",24,74.2,0,0.6,0,1.5
"28085",67.5,31.9,0,0.5,0,0.2
"28087",53.4,43.8,0.1,1,0,2.9
"28089",57.2,38,0.2,2.6,0,2.8
"28091",65.3,32.6,0,0.5,0.1,1.7
"28093",49.5,47.8,0.1,0,0,3.6
"28095",68.1,31.2,0,0.1,0,1.1
"28097",52.9,44.2,0,0.3,0,4.7
"28099",60,20.9,16.7,0.5,0,3.4
"28101",61.4,30.5,5.3,0.5,0,3.4
"28103",27.3,72.2,0,0,0,1
"28105",57.4,37,0.1,3.3,0.1,3.8
"28107",48.7,48.6,0.2,0,0.1,4.7
"28109",83.8,12.8,0.6,0.2,0,4.8
"28111",79,19.8,0,0.1,0,2
"28113",43.8,54.3,0.5,0.3,0,1.8
"28115",77.7,16,0,0.1,0,7.5
"28117",83.6,10,0.1,2.2,0,7.8
"28119",27,72,0,0.2,0,1.4
"28121",75.6,20.8,0.2,1.2,0,3.6
"28123",57.2,38.1,0.4,0.3,0,4.7
"28125",25.1,74.6,0.1,0,0,0.2
"28127",61.8,36.6,0,0.6,0,2
"28129",75.8,23,0,0.5,0.2,0.9
"28131",78.2,18.3,0.2,0,0.1,6.2
"28133",25.2,73.9,0.1,0.1,0,1
"28135",35.4,53.7,0.2,1.4,0.1,9.7
"28137",66.5,29.9,0.1,0.1,0.1,5.8
"28139",77.4,16.7,0.1,0.3,0,7.2
"28141",96.1,2.7,0.2,0,0,2
"28143",19.1,78.5,0,1.4,0,1.7
"28145",79.1,15.5,0,0.4,0,6.7
"28147",52.9,46.3,0,0.1,0,0.8
"28149",48.3,49.4,0.3,0.7,0,2.3
"28151",25.6,72.2,0.1,0.6,0,2.1
"28153",57.4,41,0.1,0.1,0,2.2
"28155",78.8,20.4,0.2,0.3,0,0.3
"28157",27.9,71.1,0,0.1,0,1.6
"28159",50.5,46.9,1.3,0,0,2.3
"28161",59,39.7,0.1,0.2,0,1.7
"28163",36.9,59.6,0.3,0.4,0,4
"29001",91.6,2.7,0.1,2.5,0.2,5.3
"29003",95.3,1.4,0.3,0.3,0.7,3.8
"29005",97.6,0.5,0.8,0.5,0,1
"29007",88.9,5.7,0.4,0.1,0.1,9
"29009",92.1,0.2,0.7,1.4,0,8.9
"29011",92.9,0.3,2.5,0,0.1,8.2
"29013",95.4,1.5,0.6,0.3,0.2,3.3
"29015",96.1,0.3,1.5,0.1,0,4
"29017",97.1,0.4,0.9,0.4,0,2.6
"29019",81.2,9,0.3,4.4,0.1,8.9
"29021",87.3,5.2,0.5,1.1,0.5,9.4
"29023",90.4,5.5,0.6,0.8,0.1,5.2
"29025",95.7,0.6,0.7,0.4,0,4.9
"29027",92,4.4,0.5,0.8,0.3,3.7
"29029",96.3,0.8,0.6,0.3,0,3.4
"29031",87.8,7.4,0.1,1.7,0,5.6
"29033",95.6,1.9,0.2,0.5,0,3.4
"29035",97,0.1,1.6,0,0,2.6
"29037",91.2,4.1,0.6,0.8,0.1,5.7
"29039",96.2,0,0.3,0.2,0,5.9
"29041",95.4,2.6,0,0,0,4
"29043",95.3,0.8,0.5,0.6,0,5.2
"29045",97.3,0.3,0.3,1,0,2.2
"29047",85.1,6.1,0.5,2.2,0.2,9.8
"29049",95.7,1.5,0.4,0.7,0,3.5
"29051",84,11.7,0.4,1.6,0,4.4
"29053",88.8,5.8,0.5,0.5,0.2,8
"29055",96.7,0.4,0,0.2,0,4.8
"29057",95.5,0.4,0.9,0.8,0,4.5
"29059",96.2,0.1,1.4,0.5,0,3.2
"29061",97.1,0.6,0.6,0.2,0.1,2.7
"29063",85.9,9,0.8,0.6,0.3,6.8
"29065",95.2,0.5,0.7,0.3,0,6.1
"29067",98.3,0.2,0.5,0.1,0,1.2
"29069",84.6,10.2,0.2,0.6,0,6.5
"29071",96,0.7,0.2,0.5,0,4.6
"29073",97.2,0.5,0.5,0.3,0,2.7
"29075",97.4,0.6,0.3,0.5,0.1,2.2
"29077",89.9,3.3,0.5,2,0.1,7.3
"29079",96,0.3,0.6,0.6,0.1,4.7
"29081",96.3,0.5,0.7,0.2,0,3.6
"29083",95.4,1.3,0.4,0.5,0,4.6
"29085",96.2,0,1.6,0.3,0,3.6
"29087",96.8,1.1,1,0.7,0,1
"29089",91.6,5.9,0.9,0.4,0,2.2
"29091",96.2,0.2,1.2,0.7,0,3.3
"29093",95.6,1.1,0.7,0.3,0.1,4.6
"29095",67,23.3,0.4,1.8,0.3,10.5
"29097",90.4,1.9,1.5,1.1,0.1,8.6
"29099",96.1,0.9,0.3,0.8,0,3.7
"29101",89,4.3,0.4,1.7,0.3,8
"29103",96.4,0.5,0,0.6,0.1,4.5
"29105",95,0.6,1,0.4,0,5.8
"29107",93.8,2.2,0.3,0.5,0.2,4.9
"29109",94.8,0.5,0.8,0,0.2,5.6
"29111",93,4.2,0.8,0,0.2,3.7
"29113",94.9,1.9,0.3,0.3,0,4.6
"29115",96.9,0.5,0.3,0.4,0.1,3.7
"29117",93.5,2.6,0.6,0.6,0.1,4.7
"29119",87.1,1.8,2.9,1.5,2.2,7.2
"29121",94.4,2,0.7,0.6,0,4.5
"29123",96.9,0.8,0.2,0.6,0,3.1
"29125",96.7,0.3,1,1,0,1.9
"29127",91.6,3.7,0.4,0.6,0.1,6.7
"29129",97.4,0.5,0,0.5,0,2.6
"29131",96.7,0.2,1.2,0.5,0,2.6
"29133",73,24.9,0.9,0.1,0,2
"29135",96,2.7,0.4,0.1,0,1.4
"29137",94.5,3.4,0.6,0.5,0,1.9
"29139",94.8,1.5,0,0.3,0.1,5.7
"29141",95.9,0.9,0.4,0.9,0,3.7
"29143",81.5,15.4,0.4,0,0,5.5
"29145",90.3,0.9,2.4,1.4,1,7.1
"29147",93.7,2.8,0.2,1.4,0.1,3.3
"29149",95.4,0.2,1.6,0.5,0.1,4.2
"29151",99.1,0.2,0.1,0,0,0.9
"29153",96,0.1,1,0.5,0,4.9
"29155",69.5,27.5,0,0,0,4.7
"29157",97.1,0.6,0.5,1.2,0,1.2
"29159",91.4,3.5,0.1,0.7,0,6.4
"29161",90.5,2.4,0.8,3.6,0,5.1
"29163",89,7.3,0.3,0.3,0.1,5.2
"29165",85.3,6.8,0.3,2.7,0.5,8.1
"29167",95.6,0.9,1.3,0.2,0.1,3.7
"29169",75.7,11.2,0.9,2.5,0.7,14.9
"29171",96.4,0.1,0.2,0.1,0,6.2
"29173",96.3,1.3,0.6,0.6,0,2.1
"29175",90,5.9,0.7,0.6,0,5.1
"29177",95.8,1.3,0.5,0.2,0,4.1
"29179",94.4,2,0.4,0.3,0.2,5.3
"29181",96.5,0.7,0.6,0.4,0.2,3.1
"29183",89.6,4.4,0.2,2.6,0,5.8
"29185",95.6,0.7,0.9,0.4,0,4.7
"29186",96.7,2,0,0.6,0,1.4
"29187",92.9,4.4,0.4,0.5,0,3.2
"29189",67.9,24.2,0.2,4.3,0,5.8
"29195",86.4,5,0.2,0.8,1.1,9.3
"29197",97,0.5,0,0.3,0,4.5
"29199",99.3,0,0.1,0,0,1.2
"29201",85.2,11.6,0.4,0.4,0,4.1
"29203",95.7,0.2,0.2,0,0,8
"29205",95.9,1.6,0.2,0.3,0,3.4
"29207",96.9,1.5,0,0,0,2.9
"29209",96.3,0.2,0.7,0.2,0.1,4.2
"29211",90.6,2.3,1.4,0.1,0.1,7.4
"29213",91.7,1.5,1,1,0,7
"29215",92.8,2.2,1.7,0.7,0,4.7
"29217",95.6,0.5,0.6,0.7,0,4.9
"29219",92.7,2,0.9,0.6,0,5.8
"29221",95.3,2.1,0.3,0.2,0.3,3.7
"29223",96.6,0.6,0.2,0.3,0,4.7
"29225",95.5,1,0.5,0.4,0.2,4.2
"29227",97.8,0.5,0,0.1,0,3
"29229",96.6,0.5,0.3,0.2,0.2,3.7
"29510",46.5,46.4,0.3,3.4,0.1,5.8
"30001",94.8,0.1,1.4,0.6,0.1,5.8
"30003",29.9,0,65.4,0.1,0,8.7
"30005",45,0.4,51.3,0.1,0,5.1
"30007",96.5,0.1,0.4,0,0,5.7
"30009",96.6,0.4,1.3,0.3,0,2.6
"30011",96.9,0,0.8,0,0,4.6
"30013",87.7,1.3,4.6,0.7,0.1,10
"30015",77.7,0.2,18.7,0.6,0,4.8
"30017",93.7,0.6,1,0.1,0.2,7.9
"30019",95.7,0,3.2,0.8,0,0.6
"30021",94.5,0.8,2.4,0.2,0,3.7
"30023",92.9,0.7,1.9,0.8,0.1,6.9
"30025",95.3,0,1,1.7,0,3.6
"30027",94.5,0.1,1.4,0.6,1.9,2.7
"30029",94.1,0.4,1.5,0.7,0,5.5
"30031",93.8,0.4,0.9,1.4,0,6
"30033",99.3,0.7,0,0,0,0
"30035",31.9,0.3,65,0,0.1,4.5
"30037",94.5,1.4,0.4,0,0,7.4
"30039",96.3,0.1,0.4,0.1,0,6.4
"30041",70.2,0.4,23.7,0.4,0,9.5
"30043",94.2,0.4,1,0.1,0,7.7
"30045",95,0,2.3,0,0,5.6
"30047",67,0.3,24.3,0.3,0.2,15.4
"30049",93.8,0.3,1.7,0.7,0.1,6.5
"30051",99.5,0,0,0,0,1
"30053",94.7,0.2,1.3,0.4,0.2,5.4
"30055",92.3,0,6,1.6,0,0
"30057",95,0.2,0.2,0,0,7.5
"30059",92.6,0.1,1.4,0.2,0,6.9
"30061",92.7,0.8,2.7,0.8,0,5.7
"30063",91.6,0.6,2,1.9,0.1,7.4
"30065",94.1,0,2.6,0.9,0,4.7
"30067",95.6,0.4,0.8,0.3,0.1,5.2
"30069",94.5,0,0,5.5,0,0
"30071",84.4,0,9.4,0.3,0,11.3
"30073",81.4,0.1,15.4,0.1,0,4.6
"30075",94.3,0,1.7,0,0,7.9
"30077",90.3,0.9,4.9,0.4,0,6.9
"30079",97.8,0,1.2,0.8,0,0.2
"30081",95.8,0.1,0.9,0.5,0,4.9
"30083",93.3,0,2,0,0.2,8.2
"30085",36.1,0.2,57.8,0.6,0,10.5
"30087",57,0.2,37.4,1,0,6.7
"30089",92.5,0.3,3.5,0.4,0,6.4
"30091",94.5,0,1,0.3,0,8.2
"30093",94.4,0.5,2.3,0.8,0,4
"30095",95.9,0.1,1,0.3,0,4.7
"30097",96.3,0,1,0.3,0,5
"30099",94.4,0.5,1,0.3,0,6.8
"30101",89.5,0.5,7.6,0.7,0,3.4
"30103",94.6,0,0,4.2,0,2.1
"30105",86.1,0.4,8.9,0.2,0.3,7.6
"30107",94.5,0,3.4,0.3,0,3.6
"30109",98.1,0,1.2,0.7,0,0
"30111",90.2,0.7,4.4,0.7,0.1,7.1
"31001",93,0.6,0.4,1.3,0,6.7
"31003",97.3,1,0.1,0.2,0,1.7
"31005",96.3,0,0.2,0,0,6.5
"31007",96,0,0,1.4,0,4.8
"31009",100,0,0,0,0,0
"31011",98.4,0.3,0.1,0.5,0.1,1
"31013",92.5,1.4,2.3,1.1,0,5
"31015",95.8,0.6,1,1,0,3.2
"31017",97.3,0,0.4,0.5,0,3.6
"31019",91.8,1,0.2,1.3,0,7.6
"31021",94.9,0.5,2.3,0.8,0,2.7
"31023",96.4,0.1,0.4,0.7,0,3.8
"31025",95.9,0.3,0.5,0.3,0.2,4.7
"31027",97.4,0.2,0.8,0.1,0,2.2
"31029",99.3,0.1,0,0.3,0,0.6
"31031",89.4,0,3.6,0.5,0.1,12.6
"31033",94.9,0.8,0.6,0.7,0,5.6
"31035",96.6,0.2,0.3,0.1,0,4.4
"31037",88.8,3.7,1.3,0.7,0.2,7.2
"31039",94.2,0.1,0.4,0.3,0.1,6.3
"31041",96.7,0.2,0.2,0.8,0,3.4
"31043",68.8,5.4,2.2,3.4,0.1,23.1
"31045",90,4.4,3.5,0.7,0,2.8
"31047",87.5,6.3,0.5,0.6,0.2,5.8
"31049",95.4,0.2,1.5,0.6,0,4.4
"31051",93.2,0.4,0.4,0.4,0,6.6
"31053",94.7,1,1,0.4,0.2,4.7
"31055",79.2,11.1,0.6,3.8,0.1,8.5
"31057",99.4,0.2,0,0,0,0.8
"31059",96.9,0.4,0.6,0.6,0,2.8
"31061",97.7,0.5,0,0.2,0.1,2.7
"31063",97.3,0.6,0.3,0.1,0,3.4
"31065",96.7,0.1,0.2,0.3,0,4.8
"31067",96.5,0.6,0.7,0.7,0,2.7
"31069",98.5,0.2,0.5,0.2,0,1
"31071",97.9,0.3,0,0.2,0,1.6
"31073",97.6,0.2,0.2,0.3,0.3,2.6
"31075",97,0.8,0,0,0,3.6
"31077",97.5,0.4,0.3,0.2,0,2.3
"31079",84,2.8,0.6,1.1,0.3,13.1
"31081",96.1,0.2,0.2,0.4,0.1,4.6
"31083",96.3,0.5,0.3,0.2,0,4.3
"31085",98.3,0,0,0,0,1.7
"31087",99.5,0.1,0.1,0,0,0.4
"31089",97.6,0.1,0.6,0.6,0,1.9
"31091",97.7,1,0.6,0,0,0.7
"31093",96.6,0.2,0,0.2,0,4.6
"31095",96.9,0.6,0.2,0.2,0,3.6
"31097",86.4,6.1,0.7,1.6,0,6.5
"31099",96.7,0.1,0.8,0.5,0,3.4
"31101",96,1.2,0.9,0.8,0.2,1.6
"31103",98.6,0,0,0,0,2.7
"31105",94.2,0.1,1.2,0.3,0,8.3
"31107",86.8,0.4,9.5,0.3,0,5.3
"31109",86.1,4,0.7,4.2,0.1,8.6
"31111",94.8,1.5,0.4,0.9,0,4
"31113",98.7,0,1.1,0,0,0.4
"31115",99.7,0,0.3,0,0,0
"31117",98.5,0,0,0,0,1.5
"31119",91.6,1.3,1.6,1.7,0,5.1
"31121",95,0.5,0,0.5,0,6.3
"31123",95.3,0.8,0.5,0.5,0,4.9
"31125",98.9,0.4,0.5,0,0,0.3
"31127",95.9,1.5,0.5,0.8,0,2
"31129",97.2,0.1,0.1,1.8,0.1,1.2
"31131",94.1,0.4,0.1,0.3,0,8.1
"31133",96.6,0.2,0,0,0,6.6
"31135",98.6,0.1,0.1,0,0,1.6
"31137",96.4,0.4,0.2,0.2,0,5
"31139",97.1,0.2,0.1,0.6,0.2,3.6
"31141",94.8,0.5,0.4,0.8,0,4.5
"31143",97.3,0.2,0.2,0,0,3.5
"31145",95.7,0.6,0.3,0.1,0,5.7
"31147",93.7,0.2,2.9,0.1,0,6
"31149",97,1.5,0.8,0,0,0.8
"31151",88.8,2.5,0.2,2,0,9.3
"31153",87.4,3.9,0.5,2.6,0.1,9
"31155",97.3,0.5,0.4,0.4,0,2.5
"31157",91.6,0.9,1.9,0.7,0.1,7.2
"31159",96.4,0.6,0.1,0.5,0,4.4
"31161",82.6,2.1,8.5,0.9,0,11
"31163",97.8,0.2,0,0.3,0,2.6
"31165",92.7,0.4,0.5,0,0,9.5
"31167",96.7,1.5,0,0.5,0,2
"31169",96.7,0.5,0.3,0,0,4.3
"31171",95,0,0.9,0,0,8
"31173",38.3,0.2,58.6,0.8,0,4
"31175",97.9,0.5,0.5,0,0,2.1
"31177",96.6,1.1,0.1,0.3,0.1,3.6
"31179",95.3,1.4,0.2,0.5,0,4.5
"31181",95.4,0.3,0.9,0,0.4,5.5
"31183",99.1,0,0,0.3,0,1
"31185",94.7,1.6,0.5,0.4,0,4.4
"32001",81.6,2.5,4.6,2.8,0.1,13.1
"32003",60.2,11.7,0.9,9.7,0.8,22.3
"32005",89.1,0.8,2,1.8,0.3,8.8
"32007",85.6,0.5,6.6,1.1,0.2,7.2
"32009",95.7,2.6,1.7,0,0,0.2
"32011",93.8,0.1,5.1,0.7,0,0.4
"32013",86.4,0.6,5.7,0.6,0,8.6
"32015",93.3,0.9,3.4,0.1,0,3.9
"32017",88.6,4.5,1.1,0.9,0,5.7
"32019",85.1,0.8,2.7,1.3,0.2,13.9
"32021",68.2,5.1,20.6,1.3,0,7.8
"32023",83.1,1.9,1.8,1.7,0.5,14.6
"32027",80.2,3.8,3.4,1.1,0.3,16
"32029",87.6,1.7,0.4,0.9,0,18.6
"32031",77.6,2.3,1.6,5.3,0.7,16.8
"32033",85.1,5.9,5.6,0.9,0.1,3.5
"32510",82,2.1,2.3,2.7,0.1,13.6
"33001",96.3,0.7,0.4,0.9,0,3.2
"33003",97.2,0.5,0.1,0.7,0,3.1
"33005",95.1,0.9,0.2,1.3,0.1,4.6
"33007",94,2.6,0.3,0.5,0.1,4.7
"33009",92.2,1.2,0.3,3.7,0,4.7
"33011",89.4,2.9,0.1,4,0.1,6
"33013",94.1,1.4,0.3,2.1,0,3.9
"33015",94.7,0.8,0,2.1,0,4
"33017",92.6,1,0.1,3.4,0,5.5
"33019",96.3,0.8,0.3,0.8,0,3.4
"34001",65.8,14.6,0.4,7.9,0.1,14.8
"34003",71.6,6,0.2,16.3,0,8.5
"34005",72,16.9,0.1,5.1,0.1,9.7
"34007",63.6,19.3,0.2,5.7,0,14.4
"34009",91.4,4.5,0,0.9,0,5.1
"34011",68.1,19.5,0.8,1.4,0,14.3
"34013",42.9,39.7,0.2,5.3,0,14.5
"34015",81.4,10.2,0.1,3.1,0,8.4
"34017",54.8,12.1,0.4,15.2,0.1,21.2
"34019",90.5,2.6,0.1,4.1,0,4.2
"34021",62.9,20.7,0.2,11.1,0,7.2
"34023",57.9,10.3,0.2,24,0,10.4
"34025",82.4,7.2,0.2,5.4,0,6.8
"34027",81.5,3.5,0.1,10.3,0,6.7
"34029",90.9,3.1,0.1,1.9,0,5.8
"34031",64,11.2,0.3,5.2,0,22
"34033",80,13.2,0.3,1.1,0,8.5
"34035",66.3,9.7,0.3,17.7,0,8.3
"34037",92.8,2.3,0,2.1,0,4.6
"34039",54.9,21.2,0.3,5.1,0,21.3
"34041",88.5,4.5,0.2,2.7,0,6.6
"35001",74.3,3,4.9,2.6,0.1,19.3
"35003",97.9,0,0.1,0,0,2.1
"35005",87.6,1.6,1.7,1,0,10.7
"35006",48.1,1.1,41.5,0.1,0,12.3
"35007",85.4,0.7,2,0.4,0,15.6
"35009",66.4,5.1,1,1.3,0.4,31.3
"35011",66.9,1.6,0.2,0.3,0,39.6
"35013",87.1,1.8,1.1,1.1,0,10.7
"35015",90.1,1.6,1.7,0.5,0,7.7
"35017",92.6,1,2.1,0.6,0,5.2
"35019",78,0.8,5.8,0.2,0,18.2
"35021",82.3,0,0,0,0.7,20.6
"35023",93.8,1.3,1.5,0,0,4.7
"35025",88.4,3.8,1,0.6,0,7.8
"35027",96.8,0.5,0.6,0.1,0,3.1
"35028",85.5,0.6,1.1,5,0,12.9
"35029",92.3,1.6,0.9,0.8,0,5.7
"35031",14.4,0.7,75.9,1.1,0,11.6
"35033",65.9,0,0.3,0,0,34.5
"35035",79.1,3.5,6.8,1.3,0.2,12.5
"35037",88.6,1.7,1.9,0.9,0.2,8.1
"35039",53.1,0.6,16.3,0.5,0,31.5
"35041",75.5,2.8,1,0.6,0.1,25
"35043",72.1,2.3,12.8,1.4,0.2,15.2
"35045",52.3,0.8,39.6,0.8,0.1,9.4
"35047",60.9,1.3,1.4,1.2,0.1,38.5
"35049",83.8,1.1,3.2,1.3,0.1,13.3
"35051",89.8,0.4,4.4,0.8,0,7.3
"35053",79.7,0.6,12.2,3.3,0,6.5
"35055",84.4,0.5,6.5,0.9,0,10.1
"35057",91,0.8,0.3,0.1,0,9.1
"35059",86.7,1.6,2.1,0,0,13.8
"35061",83,1.4,4.3,0.9,0,13.6
"36001",75.3,12.4,0.2,6.6,0,9.6
"36003",95.5,1.5,0.2,1.2,0,2.8
"36005",22,35.2,0.7,3.7,0.1,42.2
"36007",85.5,5.7,0.2,4.3,0,7.7
"36009",91.9,1.4,3.2,0.8,0,4.8
"36011",91.8,4.3,0.1,0.6,0,5.8
"36013",92.2,2.6,0.3,0.6,0.1,6.2
"36015",88.1,6.3,0.3,1.3,0,7.3
"36017",96.1,1,0.4,0.5,0,3.8
"36019",90.9,4.3,0.3,1.4,0,4.5
"36021",89,4.5,0.1,1.8,0,7.3
"36023",94.6,1.9,0.2,0.8,0,4.3
"36025",94.7,1.8,0.1,0.8,0,4.4
"36027",78.2,10.5,0.3,3.5,0.1,10.8
"36029",77.8,13.5,0.5,3.6,0,7
"36031",92.9,3.2,0.2,0.3,0,5.5
"36033",82.7,5.7,7.1,0.6,0.2,5.3
"36035",94.4,2.1,0.4,0.8,0,3.8
"36037",91.9,2.1,0.8,0.8,0,7.1
"36039",89.6,5.8,0.6,1,0,4.8
"36041",97.3,0.8,0.1,0.1,0,3.1
"36043",95.7,1.3,0.2,0.6,0.2,3.6
"36045",86.4,6.1,0.5,1.8,0.2,8.8
"36047",43.7,32.2,0.3,11.9,0,15
"36049",96.8,0.7,0.3,0.5,0.1,2.4
"36051",92.6,2.9,0.2,1.3,0,4.5
"36053",94.6,1.8,0.5,0.9,0.1,3.8
"36055",76,15.3,0.4,3.6,0,7.5
"36057",87.2,2.2,0.1,0.7,0,12.5
"36059",68,11.7,0.3,9.7,0,13.3
"36061",56.5,14.8,0.4,12.2,0.1,20.7
"36063",87.2,7,1,1.1,0,6.4
"36065",85.3,6,0.2,4,0,7.4
"36067",79.6,11.4,0.6,3.7,0,8.3
"36069",92.6,2.5,0.4,1.4,0,4.8
"36071",74.1,11,0.4,2.7,0.1,15.2
"36073",88.9,5.8,0.3,0.6,0,6.7
"36075",95.6,1.1,0.2,0.7,0,4.1
"36077",93.4,2.2,0.2,1.4,0,5
"36079",86.9,3.1,0.2,2.1,0,9.9
"36081",38.3,18.3,0.5,25.5,0,21.1
"36083",86.1,6.5,0.1,2.7,0,8.3
"36085",74.1,10.3,0.2,9.3,0,8.2
"36087",70.7,12.3,0.2,5.9,0,13.7
"36089",92.8,2.4,0.8,1,0.1,4.8
"36091",92.7,1.7,0.2,2.9,0,4.3
"36093",76.3,10.1,0.2,4.7,0.1,13.4
"36095",95.4,1.6,0.2,0.9,0,3.2
"36097",96.5,1,0.1,0.7,0,3.2
"36099",91.2,5.1,0.4,0.8,0,4.1
"36101",94.7,1.7,0.1,1.5,0,3.5
"36103",80.7,7.8,0.3,3.9,0,9.5
"36105",79.8,8,0.3,1.7,0,14.8
"36107",96.3,0.7,0.2,0.8,0,3.6
"36109",80.2,3.8,0.2,9.7,0.1,10.4
"36111",84.5,6,0.2,1.9,0.1,11.5
"36113",95.6,1.3,0.3,1,0.1,3.3
"36115",93.6,3.2,0.3,0.6,0,3.6
"36117",92.9,2.8,0.2,0.8,0.1,5.3
"36119",64.3,14.9,0.4,6,0,17.6
"36121",91.5,4.1,0.5,0.4,0,5.4
"36123",96.4,1,0.2,0.7,0,2.8
"37001",69.8,19.5,0.4,1.6,0,11
"37003",87.7,5.8,0.4,1,0,6.4
"37005",95.4,2.4,0.4,0.5,0,1.8
"37007",47.8,48.6,0.3,1.3,0.1,3.6
"37009",95.4,0.7,0.4,0.4,0.1,4.4
"37011",92,4,1.3,0.4,0,3.2
"37013",72,25,0.3,0.1,0,4.4
"37015",35.2,61.6,0.7,0.8,0,2.6
"37017",57.7,34.7,2.5,0.1,0,6
"37019",84.2,9.8,0.7,0.6,0,7.2
"37021",88.8,6.3,0.4,1.3,0.1,5.1
"37023",84.3,6.1,0.9,3.6,0.2,6.7
"37025",70.5,18,0.3,3.7,0.1,10
"37027",88.9,4.6,0.4,0.5,0,7.6
"37029",82.6,13.8,0.1,1.8,0.1,2.7
"37031",89.9,5.3,0.3,1.2,0.1,5.9
"37033",63.1,32.7,0.2,0.7,0.1,4.5
"37035",79.1,8.2,0.3,4.3,0,10.2
"37037",80.9,11.3,0.1,1.5,0.1,9.1
"37039",93.3,1.2,1.5,0.7,0,5.4
"37041",61.1,35.2,0.4,0.3,0,3.9
"37043",96.7,2.1,0.4,0.2,0.2,0.9
"37045",74.6,21,0.3,1,0,4.5
"37047",62,30.5,3.7,0.4,0,4.9
"37049",70.4,21.6,0.9,2.8,0.1,6.6
"37051",50,37,1.5,2.5,0.3,14.6
"37053",90.4,5.5,0.3,0.4,0,5.7
"37055",92.7,3,0.4,0.8,0,4.8
"37057",85.8,9.2,0.3,1.6,0,4.9
"37059",89.3,5,0.3,0.7,0,7.6
"37061",71.2,23.8,0.5,0.4,0.1,5.9
"37063",51.9,36.5,0.2,4.9,0,9.6
"37065",39.4,57.6,0.1,0.2,0.1,4
"37067",66.1,26.2,0.4,2.4,0.1,7.3
"37069",67.3,25,1.2,0.5,0.2,8.5
"37071",77.1,16.3,0.3,1.5,0.1,7.3
"37073",63.3,33.4,0.9,0.5,0,3.6
"37075",87.4,0.2,10.1,0,0,3.3
"37077",61,30.1,0.4,0.5,0.1,12.3
"37079",59.5,34.9,0.5,0.1,0,8.2
"37081",55.2,33.9,0.5,4.9,0.1,8.1
"37083",40.5,52.8,3.8,0.7,0.1,4.2
"37085",67.1,20.8,1,1.1,0.3,13.4
"37087",95.5,0.9,0.5,0.7,0,3.9
"37089",91.2,3.5,0.4,1.3,0,5.3
"37091",35.1,59.4,1.2,0.8,0.2,5.9
"37093",44.4,33.8,8.1,1.5,0.1,16.9
"37095",66.5,29.7,0.1,0,0,4.6
"37097",81.2,12.2,0.3,2.5,0.1,6
"37099",83.1,2.2,8,0.7,0,9.5
"37101",77.2,16,0.7,0.6,0,8.1
"37103",65.7,30.5,1,0.1,0,4.4
"37105",73.7,20.3,0.8,1.3,0.1,5.4
"37107",55,39.1,0.2,0.5,0,9
"37109",89.4,5,0.2,0.7,0.1,6.8
"37111",91.6,3.6,0.3,0.9,0,4.9
"37113",93.5,1.7,0.7,0.9,0,4
"37115",95.4,1.6,0.4,0.6,0,3.7
"37117",54.5,42.1,0.2,0.6,0.3,3.2
"37119",53.8,31.6,0.4,5.9,0.1,11.1
"37121",96.5,0.4,0.1,0.2,0,5.2
"37123",75.6,17.6,0.3,1.4,0,7.5
"37125",82.2,12.4,0.8,1.3,0.1,5
"37127",52.1,39.3,0.6,0.9,0.1,10
"37129",81.1,13.7,0.3,1.3,0.1,5.7
"37131",39.6,56.4,0.7,0.3,0,5.4
"37133",74.7,14,0.5,2.2,0.1,15.5
"37135",75.4,11.4,0.6,7.8,0,7.5
"37137",76.1,18.4,0.2,0.6,0,7.9
"37139",58.4,36.6,0.1,1.2,0,6.9
"37141",77.7,14.3,0.5,0.4,0.1,9.7
"37143",73.7,24,0.3,0.4,0.1,2.5
"37145",67.6,26.3,0.7,0.4,0.1,7.9
"37147",57.2,34.7,0.3,1.7,0.1,8.5
"37149",90.3,4.9,0.3,0.7,0,4.6
"37151",83.8,6,0.5,1.2,0.1,10.6
"37153",61.7,31.9,2.4,1,0.1,4.9
"37155",28,23.8,39.9,0.6,0,9.8
"37157",75.4,18.4,0.5,0.6,0,7.4
"37159",76.7,16.2,0.4,0.9,0,8.3
"37161",86.8,9.5,0.4,0.4,0,4.7
"37163",62.8,25.4,1.8,0.6,0,12.2
"37165",43.7,38.9,11.9,0.8,0,7
"37167",83.6,11.4,0.5,1.8,0,4.6
"37169",93,4.2,0.4,0.4,0,3.4
"37171",90.8,3.7,0.3,0.6,0.2,5.6
"37173",64.1,0.5,29.9,0.4,0,9.3
"37175",91.6,4.8,0.3,0.1,0.1,4.5
"37177",55.4,37.1,0.9,0.4,0,8.1
"37179",81.3,11.4,0.2,3,0,6.3
"37181",42.6,49.8,1.5,0.7,0.1,7.7
"37183",65.4,20.4,0.4,6.9,0,9.8
"37185",39.7,50.3,5.6,0.5,0.2,6
"37187",45.7,47.5,0.3,0.2,0,10.7
"37189",93.8,1.8,0.7,1.2,0.1,3.8
"37191",63.7,30.5,0.3,1.2,0,7.5
"37193",91.1,4,0.3,0.6,0.3,5.6
"37195",50.7,39.6,0.6,0.8,0,10.7
"37197",92.1,3.5,0.4,0.1,0.1,5.6
"37199",96.2,0.7,0.5,0.3,0,3.7
"38001",94,2.1,1,2.5,0,0.8
"38003",93.8,2.2,1.7,1,0.1,2.1
"38005",40.6,0,55.3,0.1,0.1,7.5
"38007",97.1,0,0,0,0,4.1
"38009",93,0.6,4.1,0.1,0,3.7
"38011",96.1,0,1.2,0,0.1,3.9
"38013",96.2,0.2,0.7,0.5,0,3.9
"38015",90.6,2.3,4.2,0.8,0.1,3.9
"38017",87,5.6,1,2.9,0,6.4
"38019",94.9,0.1,1.4,0,0,5.4
"38021",96.6,1.3,1.3,0.2,0,1.3
"38023",92.9,3.2,1.3,1.2,0,2.8
"38025",84.9,1.7,9.6,0.8,0.2,4.4
"38027",91.1,0,5.3,0,0,7.2
"38029",96.1,0,0.1,1.1,0,5.2
"38031",95.9,0,1.8,0,0.3,3.8
"38033",92.7,0,2.5,0,0,9.6
"38035",86.1,3.8,2.7,2.8,0.6,6.6
"38037",96.5,0.1,0.8,1.2,0,2.8
"38039",95.3,0,1.8,0,0,5
"38041",92,0.4,2.8,0,0,7.9
"38043",96.1,0.2,1.5,0.2,0,2.3
"38045",96.5,1,0.3,0.2,0,3.3
"38047",97.9,0,0.2,0.1,0,3.5
"38049",97,0.4,1.1,0.4,0,2.1
"38051",96,0.5,0.6,0.5,0,3.1
"38053",83.3,1.6,11,0.4,0,6.1
"38055",89.9,0.7,7.2,0.1,0.2,3.2
"38057",93,0.9,2.9,0.4,0,3.1
"38059",91.2,1,3.3,0.7,0,6
"38061",64.4,1.4,28.6,0.5,0,7.6
"38063",96.5,0.1,0.3,0,0,4
"38065",90.7,0,1,1.7,0.5,11.9
"38067",94.3,0.3,2.8,0.5,0,3.9
"38069",93.8,0.6,3.7,0.4,0,3.1
"38071",84.3,0.6,10.6,0.9,0,7.2
"38073",95.4,0.8,0.6,1.1,0,3.9
"38075",96.8,0.2,0.1,0.2,0,4.7
"38077",93,0.7,2.2,0.4,0,6.4
"38079",18.2,0.6,78.3,0.1,0,5.3
"38081",94.2,2.5,0.5,0.3,0,4.7
"38083",98.9,0,0.7,0,0,0.8
"38085",13.3,0.2,83.3,0,0.1,5.5
"38087",96.4,1.8,0.7,0,0,2.4
"38089",91.2,2,1.3,1.2,0.3,6.7
"38091",97.9,0.7,0,0,0,2.3
"38093",92.9,1.5,1.6,0.5,0,6.1
"38095",92.3,0.8,4.2,0.2,0,5.1
"38097",93.3,1.1,1,0.4,0.3,5.7
"38099",94.2,0.4,2.2,0.5,0,4.1
"38101",86.6,3.9,2.1,1.7,0.1,9.7
"38103",97.9,0,0.2,0.2,0,3.2
"38105",81.7,4.5,3.1,1,0.1,14.3
"39001",98.8,0.5,0,0,0,1.2
"39003",82.5,11.9,0.2,0.8,0,8
"39005",96.7,0.7,0,0.7,0,3.5
"39007",92.8,3.6,0.1,0.5,0,5.2
"39009",91.1,3,0.2,2.6,0.1,5.8
"39011",96.5,0.6,0.2,0.5,0,3.5
"39013",93.2,3.9,0.2,0.5,0,4.1
"39015",97,0.8,0.2,0.3,0,3
"39017",84.4,8,0.3,3.3,0.1,6.8
"39019",99.2,0.3,0,0,0,0.7
"39021",94.5,1.8,0.4,0.5,0,5.3
"39023",86.8,8.1,0.2,0.6,0,8
"39025",95.1,1.4,0.1,1.2,0,3.8
"39027",94.3,2.1,0.1,0.5,0,5.8
"39029",94.7,2,0.1,0.2,0,5
"39031",96.9,1.1,0.2,0.3,0,2.9
"39033",96.6,1,0.1,0.5,0.1,3.1
"39035",62.4,29.6,0.3,3,0,7.8
"39037",97.3,0.7,0.3,0.5,0,2.1
"39039",90.7,1.8,0.5,0.4,0,9.9
"39041",87,3.4,0.1,6.3,0,5.6
"39043",85.5,9.1,0.4,0.6,0,7.6
"39045",87.1,7.4,0.1,1.6,0,6.7
"39047",93.6,2.5,0,1,0,5
"39049",66.3,22.6,0.2,5.3,0,9.4
"39051",93,0.4,0.4,0.4,0,8.1
"39053",93.8,2.2,0.4,0.8,0.1,4.8
"39055",96.7,1.4,0.1,0.7,0,2.1
"39057",85.8,6.9,0.1,2.9,0.1,7.6
"39059",95,1.1,0.3,0.4,0,5.6
"39061",67.4,25.5,0.1,2.6,0.1,7.6
"39063",92.1,1.7,0.1,1.9,0,6.9
"39065",96,0.7,0,0.8,0,4.5
"39067",95.2,2.9,0.1,0.5,0,2.5
"39069",93.5,0.9,0.2,0.3,0,7.2
"39071",95.7,1.5,0.3,0.4,0,4.1
"39073",97,0.8,0,0.2,0,3.7
"39075",98.4,0.1,0,0.3,0,2.3
"39077",95.6,1.4,0.2,0.2,0,4.4
"39079",96.8,0.7,0,0.1,0.1,4.6
"39081",91.3,5.5,0.1,0.5,0,5
"39083",96.4,1,0.2,0.5,0,3.5
"39085",91,4.3,0.1,1.2,0,5.6
"39087",95.5,2,0,0.5,0,3.7
"39089",91.4,3.8,0.1,1.3,0,6.2
"39091",94.6,1.8,0.1,0.8,0.1,4.9
"39093",85,8.5,0.4,1.2,0,8.5
"39095",72.1,19,0.3,1.7,0,11.5
"39097",90.2,5.9,0.1,0.7,0,5.9
"39099",79.7,15.1,0.3,0.9,0,7.2
"39101",89.6,5.7,0.3,0.6,0,7
"39103",95.3,1.5,0.1,1.1,0,3.4
"39105",97.1,1.1,0.1,0,0,3.2
"39107",97,0.8,0,0.6,0.6,1.7
"39109",93.7,2,0.1,1.2,0,5.6
"39111",98.2,0.4,0,0.5,0,1.9
"39113",72.7,20.4,0.2,2.2,0,8
"39115",92.5,4.9,0.1,0.2,0,4.6
"39117",96.4,0.9,0.1,0.1,0,4.6
"39119",91.8,3.2,0.3,0.4,0,8
"39121",92.6,5.6,0.2,0.1,0,2.3
"39123",95.4,1.2,0.3,0.2,0,4.3
"39125",95.4,0.8,0.1,0.2,0.1,5.4
"39127",97.2,0.4,0.3,0.1,0.1,3.6
"39129",93.2,3.6,0.3,0.6,0,4.2
"39131",95.5,1.7,0.5,0.1,0,4.3
"39133",90.6,4.1,0.1,1.8,0,5.9
"39135",96.9,0.5,0.1,0.4,0,3.8
"39137",94.3,0.4,0,0.2,0,6.4
"39139",86.7,8.9,0.1,0.8,0,6.5
"39141",90.4,5.3,0,0.5,0,7.1
"39143",91.2,3,0.3,0.4,0,8
"39145",94.1,2.9,0.3,0.4,0,4.1
"39147",93.7,3.1,0.2,0.6,0,4
"39149",94.1,2.6,0.3,1.2,0,3.5
"39151",87.7,7.5,0.1,0.9,0,6.8
"39153",78.6,14.5,0.2,3.4,0,6.3
"39155",88.5,8.2,0.1,0.5,0,5.1
"39157",96.6,0.7,0.2,0.4,0,4.1
"39159",91,2.6,0.3,4,0.1,3.4
"39161",96.3,1.3,0.2,0.3,0,3.2
"39163",97.2,0.3,0.1,0.2,0,4.6
"39165",88.4,3.4,0.1,5.8,0,4.2
"39167",95.8,1.3,0.5,0.6,0,3.3
"39169",94.5,1.4,0.2,1,0,4.6
"39171",94.9,1.1,0.3,0.6,0,5
"39173",91.9,2.6,0.2,1.7,0.1,6
"39175",97.1,0.2,0,0.8,0,3
"40001",42.1,0.2,44.1,0.8,0.2,22.6
"40003",85.3,3.1,1.9,0,0,16.5
"40005",72.7,3.6,10.4,0.7,0.1,24.6
"40007",80.6,0.6,1.4,0,0,19.7
"40009",84.5,4.2,2.3,0.3,0.1,12.8
"40011",79.6,4.2,7.5,0,0,14.3
"40013",73.9,1.8,14.5,0.6,0.1,16
"40015",63.7,2.3,22.8,0.3,0.2,18.5
"40017",81,2.8,4.1,3,0,15.3
"40019",74.6,6.5,7.8,1.2,0,18.5
"40021",50.9,1.4,33.5,0.7,0.3,24.2
"40023",62.8,11,15.6,0.1,0.2,19.5
"40025",98.2,0.2,0.4,0.3,0,1.2
"40027",77.7,4.7,4.2,4.5,0.1,16.2
"40029",70,0.2,10,0.4,0,36.9
"40031",62.6,16.8,5.2,2.6,0.4,22.3
"40033",80.1,2.3,9.7,0,0,14.6
"40035",65.5,3.1,21.8,0.8,0.1,16.5
"40037",79.1,2.1,11.6,0.4,0,12.7
"40039",80.2,3.1,3.7,1.2,0,19.6
"40041",65.3,0.5,22.2,1.2,0.1,20.3
"40043",89.1,0.2,4.8,0.1,0,11.7
"40045",92,0.2,2.3,0.7,0,8.8
"40047",82,2.4,2,0.9,3.5,14.6
"40049",83.2,2.3,5.5,0.3,0,16.8
"40051",85.8,2.4,4.9,0.5,0,12
"40053",90.5,0.9,1.7,0.2,0.1,11.3
"40055",78.7,6.5,3.4,0,0,18.9
"40057",64.8,9.4,0.4,0.7,0,31.9
"40059",92.4,0,0.4,0,0,9.1
"40061",72.3,0.9,9.6,0.7,0,31.9
"40063",67,5.7,21.6,0.1,0,10.8
"40065",71.8,6.8,1.7,1.3,0.1,25.3
"40067",84.8,1.4,5.8,0,0,12.7
"40069",71.8,1.9,7.1,0.1,0.2,36.8
"40071",77.9,2.1,9.1,0.4,0,17.9
"40073",85.2,1.3,3.1,0.4,0,13.6
"40075",79.7,3.4,4.8,0.6,0.1,18.3
"40077",66.4,1.1,21.2,0.9,0,20.7
"40079",75.5,1.9,11.3,0.7,0,19.2
"40081",84.9,1.9,7.3,0.3,0.1,10.7
"40083",83,8.2,3.6,0.4,0,9.3
"40085",83.5,2.6,5.5,0.8,0,12.9
"40087",84.6,1.2,6,0.3,0.1,14
"40089",63.7,7.9,13,0.8,1.1,24.5
"40091",69.8,2.7,16.1,0.1,0.1,22.2
"40093",89.2,0.4,3,0.9,0.1,9.7
"40095",70.2,1.7,7,0.2,0,30.2
"40097",66.5,0.5,17.9,0.4,0.4,28.1
"40099",75.9,1.6,10.8,0.6,0,21.3
"40101",57.8,10.6,18,0.7,0,22.6
"40103",82.9,0.3,7.7,0.1,0,17.5
"40105",67.9,2.5,15,0.1,0.2,27.2
"40107",63.5,7.4,14.7,0,0,28.4
"40109",68.5,15,2.9,3.4,0.1,16.6
"40111",64.7,8.2,14.2,0.4,0,24.3
"40113",64.8,11.2,12.8,0.4,0,20.5
"40115",67.6,1.1,18.1,0.7,0.7,21.5
"40117",78.5,1,11.4,0.4,0,17
"40119",80.6,4,4.2,4.3,0.1,13.1
"40121",72.9,2.9,6,0.3,0.2,34.7
"40123",68.7,2.5,12.7,0.8,0.1,29.1
"40125",75.9,3.5,14.7,0.7,0.1,9.9
"40127",73.4,0.8,14.3,0.4,0.1,21.8
"40129",88.1,0.2,6,0,0,9.1
"40131",74.6,1,12.7,1.4,0.1,19.2
"40133",68,4.8,20.3,0.6,0,12.1
"40135",64.2,1.9,19.9,0.8,0.1,24.8
"40137",82.4,1.8,5.3,0.5,0.1,15.1
"40139",63.4,2.5,1.3,3.3,0,33.7
"40141",65.4,7.6,2.7,0.2,0,31.7
"40143",70,10.1,5,3.4,0.1,19.3
"40145",75.3,3.5,8.8,1.5,0.1,20.1
"40147",76.9,2.7,10.5,2.2,0,14
"40149",89.4,1.3,1.6,0.1,0,12.7
"40151",88.5,3.1,1.6,1.2,0,10.8
"40153",89.5,1.3,1.7,0.3,0,11.5
"41001",92.7,0.9,1.2,0.7,0.4,6.2
"41003",84.7,1.1,0.7,7.2,0.2,10.5
"41005",87.5,0.9,0.8,4.3,0.3,10.3
"41007",91.9,0.8,0.4,1,0.3,10.2
"41009",92.7,0.5,0.9,1,0.2,8.8
"41011",88.4,0.5,2.1,1,0.1,13.7
"41013",93,0.5,1,0.3,0.4,7.6
"41015",90.9,0.4,1.5,0.5,0.1,12.9
"41017",93.2,0.6,0.6,1.1,0.2,7.3
"41019",92.4,0.4,1.1,1,0.1,9.4
"41021",91.9,0,3.9,0.8,0.7,4.8
"41023",94.7,0.1,1.3,0.8,0.2,5.1
"41025",91.6,0.5,1.5,0,0,12.7
"41027",89.1,0.6,0.7,1.7,0,11.7
"41029",91.3,0.7,1.3,1.3,0.3,8.7
"41031",70.8,0.8,17.4,0.6,0.1,14.4
"41033",92.4,0.5,1.2,1,0.1,8.5
"41035",87,0.7,4.3,1,0.1,11.3
"41037",91.8,0.3,2.5,1.1,0,7.8
"41039",86.5,1.1,1.1,2.7,0.3,13.7
"41041",88.2,0.6,2.8,1.2,0.2,11.6
"41043",89.6,0.5,1,1.1,0.1,12.4
"41045",89.7,1.1,1.3,1.4,0.1,9.3
"41047",81.3,1.2,0.9,2.1,0.9,20.3
"41049",89.6,0.3,1.4,0.6,0.5,10.6
"41051",77.9,5.5,0.9,7.4,0.6,13
"41053",88.1,0.8,2,1.9,0.5,10.4
"41055",91.6,0.2,0.7,0.1,1.4,11.1
"41057",93.1,0.4,0.9,0.7,0.5,8
"41059",85.8,1,3.2,1,0.3,12.8
"41061",91.7,0.8,1.2,1.1,1.5,6.7
"41063",94.9,0.2,1.1,0.3,0.1,5.9
"41065",88.1,0.3,3.1,0.9,0.6,10.1
"41067",75.9,2,0.6,10.6,0.4,15.9
"41069",93.2,0,0.8,0.3,0.1,9.2
"41071",87.5,0.8,1.2,1.5,0.3,12.8
"42001",92.7,1.4,0.1,0.7,0,7.3
"42003",79.9,12.9,0.1,3.7,0,6.3
"42005",97.7,0.8,0,0.3,0,2.4
"42007",90.4,5.8,0.1,0.5,0.1,6
"42009",97.6,0.6,0.1,0.4,0,2.2
"42011",82.4,5.4,0.6,1.4,0,14.8
"42013",95.5,1.7,0.1,0.6,0,3.7
"42015",96.7,0.6,0,0.7,0.2,3.1
"42017",87.6,4,0.2,4.8,0,5.3
"42019",95.8,1,0,1.2,0,3.6
"42021",93.5,3.5,0,0.4,0,4.6
"42023",96.5,0.1,0,0.8,0,4.8
"42025",95.7,2.3,0.2,0.6,0,2
"42027",87.6,3.8,0.1,6.1,0,4.2
"42029",84.8,5.9,0.1,5.5,0,6.1
"42031",96.4,1.4,0.1,0.6,0.1,2.9
"42033",94.7,2.9,0.2,0.5,0,3.2
"42035",96.2,1.8,0.3,0.8,0,1.6
"42037",95.1,1.8,0.1,1.1,0,2.9
"42039",95.5,1.6,0,0.6,0,4.2
"42041",87.7,4,0.1,4.3,0,6.6
"42043",70.1,19.5,0.3,4.4,0,8.8
"42045",68.7,21.6,0.2,5.7,0,6.4
"42047",97.8,0.9,0.1,0.5,0.1,1.1
"42049",86.5,7.2,0.3,1.7,0,7.6
"42051",92.5,4.2,0,0.4,0.1,5.3
"42053",69.7,25.9,0.1,0.1,0,6.9
"42055",92.4,3.7,0.3,0.8,0,4.8
"42057",96.6,1.5,0.3,0.3,0,2.4
"42059",94,3.1,0,0.4,0,4.6
"42061",91.5,5.6,0.2,0.6,0,3.7
"42063",94.7,2.3,0.1,1,0,3.6
"42065",97.8,0.5,0.1,0.3,0,2.3
"42067",97,1.1,0,0.4,0,2.3
"42069",91.1,2.8,0.1,2.8,0,5.4
"42071",88.5,4.2,0.2,2.2,0,7.5
"42073",93.1,3.6,0.1,0.5,0,5.1
"42075",86.6,2.5,0.1,1.4,0,11.5
"42077",79.3,7.4,0.3,3.3,0,13.2
"42079",87.6,5.1,0.2,1.2,0.1,7.9
"42081",92.1,5,0.2,0.7,0,3.8
"42083",94.5,2.5,0.2,0.5,0.1,3.7
"42085",91.3,5.7,0.1,0.7,0,4.1
"42087",96.9,0.5,0.2,0.3,0.1,3.5
"42089",76.3,14.7,0.3,2.4,0,9.3
"42091",79.1,9.2,0.1,7.6,0,6.6
"42093",93.9,1.8,0.1,3.5,0,1.5
"42095",85.6,5.7,0.2,2.8,0,9.2
"42097",94.6,2.7,0.4,0.4,0,3.2
"42099",96.9,1,0.2,0.4,0,2.8
"42101",40.7,42.1,0.4,7.2,0,12.6
"42103",88.5,6.4,0.1,1.2,0.1,6.2
"42105",97.3,0.4,0.2,0.4,0,3.3
"42107",93.7,3.2,0.2,0.5,0,3.8
"42109",96.4,1,0.1,0.7,0,3
"42111",95.2,2.6,0.1,0.3,0,3.2
"42113",95.6,2.4,0.1,0.1,0,2.5
"42115",97.5,0.7,0,0.4,0,2.5
"42117",96.9,0.7,0.1,0.6,0,3.1
"42119",86.9,6.4,0.5,1.7,0,6.7
"42121",96.6,0.8,0,0.4,0,4.1
"42123",97.7,0.5,0.1,0.5,0,2.3
"42125",93.6,3.1,0.1,1,0,4.2
"42127",93.7,3.2,0.2,0.6,0,4.1
"42129",94.7,2.4,0.1,0.9,0,3.7
"42131",97.1,1.1,0.1,0.2,0,2.9
"42133",88.4,5.9,0.2,1.5,0.1,6.4
"44001",94.2,1.3,0.1,2.1,0,4.2
"44003",91.3,1.9,0.3,2.7,0,6
"44005",89.9,4,0.5,2,0.2,5.9
"44007",72.9,9.9,0.5,4.2,0.1,16.6
"44009",92.9,1.4,0.7,1.9,0.1,5
"45001",69.9,27.6,0.1,0.3,0,4
"45003",70.7,25,0.3,0.9,0,5.5
"45005",23.4,73.8,0.3,0.2,0,2.9
"45007",79.8,15.7,0.2,0.9,0,5.7
"45009",36.4,61.1,0.4,0.3,0,2.2
"45011",50.9,45.8,0.2,0.2,0.1,3.8
"45013",74.7,17.7,0.3,1.3,0.1,8.2
"45015",66.6,24,0.4,2.2,0.1,10.1
"45017",55.7,40.9,0.8,0,0.4,2.7
"45019",68.3,26.7,0.2,1.5,0.1,5.4
"45021",75.5,20.1,0.2,0.6,0,6
"45023",60.4,37.1,0.5,0.2,0,3.7
"45025",63,32,0.3,0.5,0.1,6.9
"45027",49.3,47.5,0.1,0.6,0,3.8
"45029",57.3,38.3,0.8,0.1,0,4.4
"45031",56.6,41.1,0.2,0.4,0,3.2
"45033",46.7,48.9,2.1,0.1,0,4.4
"45035",67.5,25.1,0.4,1.8,0.1,8.4
"45037",60,35.3,0.4,0.3,0,5.7
"45039",39.1,58.6,0.2,0.2,0,3.8
"45041",53.6,42.7,0.3,1.3,0.1,3.4
"45043",64.8,30.9,0.1,0.5,0,5.1
"45045",73.5,17.7,0.5,2.5,0.3,8.1
"45047",64.3,31.7,0.1,1,0,4.8
"45049",42.1,53.4,0.1,0.3,0,5.3
"45051",81.1,13.3,0.5,1.4,0,5.3
"45053",52.4,41.6,0.2,0.4,0,7.5
"45055",71.2,23.6,0.2,0.2,0.1,7.6
"45057",74.3,21,0.1,1.3,0,5.8
"45059",70.1,24.1,0.1,0.5,0.1,8.1
"45061",32.9,64.3,0,0,0,3.9
"45063",79.1,14.8,0.3,1.9,0.1,6.2
"45065",51.5,44.8,0.2,0.2,0,6
"45067",39.7,56.7,0.6,0.7,0,3.3
"45069",41.5,50.5,3,0.4,0,8.7
"45071",63.2,31.1,0.3,0.2,0,6
"45073",87.8,6.9,0.6,0.7,0,6.6
"45075",34.8,61.7,0.4,0.7,0.1,4.5
"45077",88.3,6.8,0.2,2,0,4.3
"45079",44.9,46.9,0.2,2.9,0.1,8.1
"45081",65.9,25.1,0.3,0,0,10
"45083",73.2,20.4,0.1,2.4,0,6.1
"45085",47.2,46.7,0.3,1.4,0.1,7.4
"45087",65.5,30.7,0.1,0,0,7
"45089",31.8,64.5,0.5,0.7,0,3.3
"45091",74.2,19.2,0.8,2.1,0,5.6
"46003",92.2,1.7,2.3,0,0,5.2
"46005",80.7,1.2,1.4,9.1,0.4,8.2
"46007",33.6,0.1,60.3,0.4,0,10.9
"46009",88.5,1.5,7.2,0.4,0,4.3
"46011",92.4,1.4,1.1,3.1,0,3.4
"46013",89.3,2.4,3.5,3.1,0,3.1
"46015",86.4,0.5,10.9,0.3,0,3.9
"46017",13.9,0.1,84.9,0,0,2
"46019",93.7,0.7,3.3,0.1,0,4.1
"46021",98.3,0,1.1,0.1,0,1
"46023",63.2,0.1,31.3,0.1,0.1,10.2
"46025",95.1,0.2,0.2,0.5,0,6.4
"46027",88.5,1.9,3,2.9,0,5.9
"46029",94.3,0.8,2.5,0.5,0,3.8
"46031",29,0.3,69.1,0,0,3.1
"46033",93.3,0.3,4,0.3,0,4
"46035",92.6,1.4,2,0.7,0,5.3
"46037",86.9,0.1,10.5,0.1,0,4.4
"46039",99.2,0,0.2,0,0,1.1
"46041",19.9,0.1,78.9,0.1,0.2,1.6
"46043",95,0,2.1,0,0,5.8
"46045",97.7,0.2,0.9,0.1,0,1.7
"46047",87,0,6.5,1.6,0,9
"46049",96.4,0,3,0,0,1
"46051",93.6,0.5,1,0.1,0,6
"46053",88.1,0,6.7,1.8,0,6.3
"46055",89.8,0,7.5,0,0,5.2
"46057",96.7,0.4,0,0.4,0,3.9
"46059",98.1,0.1,0,0.6,0,2.4
"46061",99.5,0,0,0,0,1
"46063",93.3,2.1,2.5,0,0,3.5
"46065",84.1,0.1,12.3,0,0,6.1
"46067",96.5,0,1.5,0.3,0,3.3
"46069",88.4,2.4,6.4,0,0,5.2
"46071",39,0.3,57.9,0.4,0,4.7
"46073",96,0,2,0,0,2.5
"46075",92.9,1.1,5.9,0,0,0
"46077",97.9,0,0.2,0.2,0,2.4
"46079",93.8,0.4,1.4,1.6,0.1,5.1
"46081",93.1,0.9,2.3,1,0.1,4.8
"46083",94.5,1.3,0.4,1.1,0,4.9
"46085",56.3,0.1,41.6,0.6,0.1,2.4
"46087",96,0.7,0.6,0,0,4.1
"46089",96.3,2.1,0.3,0.8,0,0.8
"46091",87.1,0.6,7.6,0,0,6.1
"46093",90.7,1.9,2.7,1.2,0.1,6.1
"46095",38.7,0.1,58.9,0,0,4.4
"46097",96.3,0.3,0.6,0.4,0,4.2
"46099",85.8,5.7,2.1,2.1,0,7.4
"46101",79.6,0.5,12.2,2.1,0,10.8
"46102",5.1,0.1,93.3,0,0,2.7
"46103",82.9,1.2,8.9,1.3,0.2,10.6
"46105",95,0,3.7,0,0,2.3
"46107",91.5,0,2.5,1.8,0,7.7
"46109",57.7,0.6,38.5,0.1,0,5.3
"46111",96.3,0,0.8,0.5,0,3.4
"46115",96.6,0.2,1.7,0,0.2,2.3
"46117",91,0,5.4,0,1.2,4.8
"46119",96,0,1.4,0,0,5.2
"46121",8.3,0.1,87.8,1.9,0,3.8
"46123",81.1,0,10.9,0.8,0,14.4
"46125",97.5,0.5,0.5,0.3,0,2.4
"46127",93.7,0.8,1.3,1.3,0,5
"46129",80.1,5,10.9,0,0,7.3
"46135",92.4,1.6,3.3,0.2,0.1,4.7
"46137",23.5,0,75.1,0.6,0,1.3
"47001",90.9,3.5,0.6,1.3,0.1,6.3
"47003",85.2,8.1,0.2,0.2,0,8.4
"47005",94.9,3,0.4,0.2,0,3
"47007",89.9,3.3,2.1,0.1,0,8.6
"47009",93.9,2.7,0.2,0.8,0.1,4.3
"47011",89.8,5.1,0.1,1.2,0,5.6
"47013",97.3,0.3,0.2,0.4,0,3.2
"47015",95.9,1.9,0.3,0,0,3.5
"47017",86.8,10.3,0.2,0.4,0.1,4.1
"47019",96.3,1.7,0.4,0.5,0,1.8
"47021",94.6,1.6,0.4,0.5,0,4.7
"47023",86.1,8.9,0,0.5,0,7
"47025",96.4,1,0.2,0.8,0.2,2.9
"47027",94.8,2.4,0,0.1,0,3.6
"47029",94.8,1.9,0.9,0.2,0.1,4.3
"47031",90.4,3.9,0,1.1,0,6.6
"47033",79.5,13,0.1,0.3,0,9.3
"47035",96.5,1,0.6,0.4,0,2.7
"47037",64,27.1,0.2,3.6,0.1,7.5
"47039",92.2,4.4,0,0,0,6.4
"47041",93.6,1.8,0.3,0.3,0.1,5.5
"47043",92.6,4.2,0.5,0.5,0,4.1
"47045",81.8,12.9,0.6,0.8,0.1,6.6
"47047",69.5,27.4,0.9,0.7,0,2.4
"47049",97.3,0.3,0.4,0.5,0,2.5
"47051",90.4,4.8,0,0.4,0.1,7.6
"47053",78.2,17.1,0.4,0.3,0.1,7.1
"47055",86.1,9.8,0.3,0.2,0,6.2
"47057",97.3,0.5,0.3,0.3,0,3.4
"47059",94.6,2.2,0.3,0.4,0.1,4.3
"47061",88.1,0.7,1,0.2,0,19.9
"47063",88.4,4.6,0.3,0.9,0.3,7.8
"47065",75.3,19.1,0.2,2.1,0,5.4
"47067",98.3,0.5,0,0.6,0,1.1
"47069",55.1,41.9,0.3,0.7,0,3.3
"47071",94.3,3.9,0.2,0.5,0,2.2
"47073",96,1.3,0.2,0.5,0.1,3.4
"47075",46.8,50.8,0,0,0,3.4
"47077",89.7,7.8,0,0.1,0.1,4.5
"47079",89.1,8.2,0.3,0.4,0,3.6
"47081",92.3,5.2,0.6,0.4,0,3
"47083",92.4,5.4,0.7,0.2,0.2,2.2
"47085",93.7,2.3,0.8,0.7,0,4.8
"47087",95.7,0.3,0.2,0,0,5.9
"47089",95.4,1.7,0.1,0.6,0,3.9
"47091",94,3.5,0.5,0.5,0,2.8
"47093",85.5,8.7,0.3,2.2,0,5.5
"47095",67.5,28.5,0.1,0.2,0,5.7
"47097",62.9,33.7,0.8,0.3,0,4.2
"47099",95.2,1.7,0.3,0.5,0.2,3.7
"47101",95.1,1.8,0,1.4,0,2.9
"47103",89.7,7.2,0.2,0.6,0,4.6
"47105",93.9,1,0.2,0.7,0,6.1
"47107",92.5,3.7,0.4,0.8,0.1,4.6
"47109",91.5,5.5,0.2,0.2,0,4.8
"47111",95.6,0.2,0.4,0.5,0.2,5.2
"47113",57.9,37.2,0.1,1.1,0,5.6
"47115",93,2.6,0.1,0.5,0,7.2
"47117",89.6,7.6,0.1,0.3,0,3.8
"47119",83.9,11.5,0.2,0.9,0,6.2
"47121",96.1,1.9,0.3,0.2,0,3
"47123",94.2,2.1,0.6,0.4,0,4.4
"47125",70.5,20.1,0.6,2.2,0.4,11.1
"47127",92.8,2.2,1.6,2.4,0,1.9
"47129",92.9,5.8,0.4,0.1,0,1.5
"47131",85.2,10.3,0.3,0.4,0,6
"47133",97.5,0.7,0.1,0.4,0.4,1.8
"47135",92.6,2.7,0.2,2.2,0,4.2
"47137",99.5,0.2,0,0,0,0.6
"47139",96.1,0.3,0.3,0.1,0,5.3
"47141",93.3,2.2,0.3,1.3,0,4.8
"47143",94.4,2.3,0.3,0.5,0,4.5
"47145",93.7,2.3,0.4,0.8,0,4.9
"47147",87.5,7.3,0.3,0.6,0.1,6.7
"47149",76.8,14.8,0.3,3.4,0,8
"47151",97.8,0.6,0.3,0,0,2.5
"47153",97.1,0.2,0.1,0,0,5.1
"47155",94.7,0.9,0.4,0.8,0,5.2
"47157",39.1,53.7,0.2,2.6,0,6
"47159",93.4,2.8,0.5,0.4,0,4.7
"47161",93.6,1,0.2,0.7,0.4,7.3
"47163",94.4,2,0.1,0.6,0.1,5
"47165",87.2,7.3,0.3,1.4,0.1,5.9
"47167",77.7,18.4,0.3,0.8,0,4.8
"47169",84.9,10.2,0.5,0.2,0,7.9
"47171",96.4,0.3,0.1,0.3,0,4.4
"47173",97.6,0.5,0,0.3,0.3,2.4
"47175",96.3,0.3,0,0,0,6.8
"47177",91.4,2.1,0.3,0.7,0.2,7.9
"47179",91.1,4.2,0.4,1.7,0,4.8
"47181",91.4,6.8,0.1,0.8,0,1.3
"47183",88.5,8.4,0.4,0.3,0.1,3.8
"47185",95.9,2.1,0,0.2,0,3.4
"47187",88.8,4.1,0.1,4.2,0,5
"47189",87.8,7.1,0.3,1.7,0,4.8
"48001",73,21,0.5,0.6,0,6.3
"48003",89.3,0.7,0,0.4,0.2,12.9
"48005",79.8,14.8,0.6,1.1,0,5.4
"48007",90.4,1.4,0.2,2,0,9.9
"48009",95.4,1,1.1,0.2,0,4.3
"48011",92.9,0.3,1.1,0,0,9.3
"48013",92.4,0.3,0.2,0.3,0,11.4
"48015",77.8,9,0.2,0.4,0,15.4
"48017",83.8,0.6,1.1,0.8,0,13.6
"48019",90,0.7,1.2,0.3,0,14.5
"48021",68,7.5,0.5,0.9,0,25.9
"48023",92,3.4,0.3,0,1.1,3.8
"48025",86.4,7.4,0.5,0.5,0,8.7
"48027",63.4,24.2,0.6,2.9,0.7,13.6
"48029",79.4,7.7,0.7,2.9,0.1,12.7
"48031",89.4,0,1.7,1.4,0.4,10.7
"48033",97.6,0,0,0,0,4.8
"48035",94.7,1.6,0.6,0.5,0,4.3
"48037",69.2,24.5,0.9,1.1,0,7.1
"48039",72.4,14,0.7,6.7,0,8.4
"48041",76.8,10.7,0.4,6.1,0.1,9
"48043",90.5,0.2,2.4,1.8,0,7.8
"48045",86.2,0.8,0,0,1.5,21.2
"48047",90.3,0.7,1,0,0,9.9
"48049",91.3,3.8,0.5,0.7,0,6.1
"48051",79.9,13.3,0.4,0,0,8.7
"48053",91.4,1.8,0.4,0.9,0,7.3
"48055",80.8,6.1,0.6,1,0.1,12.7
"48057",86,2.8,0.1,5.5,0,9.6
"48059",94.2,0.9,0,0.5,0,7.4
"48061",94.3,0.6,0.2,0.7,0,5
"48063",72.5,16.6,0.5,0.4,0,12.9
"48065",94.1,0.8,1.6,0.4,0,5.2
"48067",77.9,17.3,0.2,0.6,0,6.6
"48069",90.9,2.1,0.2,0.6,0,9.7
"48071",88,7.3,0.2,1.1,0,5.6
"48073",81.3,13.6,0.6,0.5,0.1,5.9
"48075",85.3,8,0,1,0,7.9
"48077",95,0.5,1,1.1,0,4
"48079",88.8,5,0.1,0,0,8.6
"48081",89.9,1,0.7,0,0,9.2
"48083",87.6,1.6,1.1,0.5,0,12.8
"48085",69.2,9.7,0.5,15.1,0.1,8.5
"48087",76.9,9.2,2.1,0,0,14.9
"48089",73.1,12.9,0.3,0,0,15.5
"48091",90.9,2,0.3,1.1,0,8.1
"48093",93.8,1.3,0.7,0.6,0,4.7
"48095",96.7,1.3,0.4,0.4,0,1.6
"48097",91.7,2.8,0.8,0.9,0.1,6.5
"48099",72.8,13.6,0.8,2.1,0.8,18.9
"48101",70,14.5,0.9,0,0,19.5
"48103",53,2.7,0.3,2,0,42.1
"48105",42.9,0.7,0,0,0,57.4
"48107",88.2,3.6,0,0.6,0.2,9
"48109",78.3,0.1,0,0.6,0,23.8
"48111",89.7,0.8,1.2,1.9,0,8.6
"48113",61.3,22.6,0.4,6.3,0,12
"48115",75.2,8.1,1.1,0.2,0,19.4
"48117",89.7,1,0.7,0.6,0.1,11.7
"48119",87.5,8.8,0.1,0.5,0,5.1
"48121",74.3,9.8,0.5,8.7,0.1,10.2
"48123",64.7,9.3,1.2,0,0,25.9
"48125",91.8,2.7,1,0.5,0,4.2
"48127",89.7,0,0,1.4,0,9.4
"48129",89.8,5.7,0.4,0.4,0,5.8
"48131",95,1.3,0,0,0,3.8
"48133",92,3.3,0.4,0.7,0,4.4
"48135",80.5,4.8,0.6,1.2,0,16
"48137",99.7,0,0.1,0,0,0.4
"48139",81.5,10.1,0.8,0.6,0,10.7
"48141",79.7,3.3,0.6,1.2,0.1,17.7
"48143",88.9,1.9,1.6,0.9,0.2,8.4
"48145",72,24.5,0.5,0.5,0,3.5
"48147",87.7,5.7,0.8,0.7,0,8.5
"48149",90.2,6.5,0,0.5,0,3.6
"48151",88.4,2.6,1.2,0.3,0,12.3
"48153",92.6,4.2,0.1,0.2,0,4.7
"48155",82.2,2.3,0.5,0,0,24.7
"48157",51.7,20.5,0.3,20.2,0.1,9.9
"48159",86,4.4,0.3,0,0,13
"48161",80.4,15.2,0.4,0.7,0,4.9
"48163",82.2,3.6,0.1,0.9,0,14.9
"48165",94.6,2.5,0.3,0.5,0,2.4
"48167",78.8,12.6,0.4,3.3,0,7.8
"48169",84.3,5.7,0.3,2,0,9.1
"48171",91,0.1,3.2,0.1,0,8.6
"48173",66.4,0,0,0,0,33.6
"48175",80.9,5.9,0,0.7,0,12.9
"48177",66.5,6.7,0.3,0.4,0,27.8
"48179",85.2,4.5,1.3,0.7,0.2,11
"48181",86.5,5.5,1.1,1.6,0,8.8
"48183",74.6,20,0.2,1.3,0.1,6.4
"48185",77.7,15.2,0.5,0.2,0,9.2
"48187",73.5,8.2,0.3,1.7,0.2,19.2
"48189",85.8,5,0.7,0.3,0,12.8
"48191",78,6.5,1.1,0.3,0,18.2
"48193",95.3,0.8,1.4,0,0,3.8
"48195",91.6,0.3,0.1,0.1,0,8.9
"48197",87.9,5.9,1.1,0,0,7.3
"48199",91.3,5.8,0.3,0.6,0,3.4
"48201",62.5,19,0.4,7,0.1,13.3
"48203",74.7,20.7,0.3,0.8,0,5.5
"48205",84.8,7.5,0.4,1.4,0,9.9
"48207",89.3,4,0.5,0.3,0,8.1
"48209",88.5,4.2,0.4,1.6,0,7.8
"48211",90.9,1,0,0,0,10.5
"48213",89.5,6.7,0.9,0.6,0,3.7
"48215",86.3,0.5,0.2,1,0,13.7
"48217",86,6.6,1.1,0.4,0.2,7.6
"48219",88.4,3.2,0.5,0.4,0.1,9.8
"48221",95.2,0.8,1.1,0.7,0.1,3.3
"48223",84.5,7.1,0.3,0.7,0.1,9.3
"48225",69.7,25.7,0.4,0.4,0,5.7
"48227",83.4,5.6,1.2,0.7,0.1,12.3
"48229",67.4,2,0,0.8,0,32.5
"48231",79.9,7.8,1.1,1.3,0,12
"48233",89.2,1.6,1.6,0.4,0.7,10.6
"48235",76.1,4.1,0,0,0,20.8
"48237",92.9,5,0.3,0.1,0,2.5
"48239",87.1,6.8,0,1.1,0.1,6.6
"48241",77.3,16.6,0.3,0.5,0.2,6.6
"48243",96.7,1,0,0,0,3.1
"48245",58.3,33.7,0.4,3.8,0.1,5.4
"48247",98.7,0.3,0,0,0,1.6
"48249",95.2,0.7,0.5,0.5,0.1,3.8
"48251",90.7,3.6,0.5,1,0.4,5.8
"48253",70.2,14.5,0.6,0.4,0,20
"48255",76.1,6.8,0.2,1,0,19.8
"48257",81.4,11.8,0.4,1.3,0.1,7.6
"48259",89.9,0.6,0.5,0.9,0.1,12.3
"48261",99.8,0,0,0,0,0.2
"48263",91.5,0.9,2,0,0,6.1
"48265",88.4,1.5,0.6,0.8,0.1,11.1
"48267",92.1,1.1,0.3,0,0,9.5
"48269",98.7,0,0,0,0,1.3
"48271",96.2,0.1,0,0,0,3.6
"48273",88.5,3.3,0.2,2.2,0,7.9
"48275",84.8,5.6,0.2,1.1,0,10.9
"48277",81.3,12.8,0.6,0.8,0.1,8.3
"48279",90.1,3.9,0.4,0.6,0,7.7
"48281",87.3,4.6,0.6,1.2,0.5,9.6
"48283",87,1.5,0,0.2,0,15.1
"48285",78.7,6.4,0.2,0.5,0,17.1
"48287",81.8,11.2,0,1.1,0,7
"48289",89,6.8,0.6,0.8,0.3,3.4
"48291",80.5,9.9,0.6,0.5,0,9.5
"48293",76.9,17.2,1.7,0.8,0.3,4.2
"48295",81.8,0.5,1.9,1.9,0,17.8
"48297",93.3,2.3,0.3,1.4,0,3.8
"48299",92.4,0.7,1.5,0.3,0,7.9
"48301",96.9,0,3.1,0,0,0
"48303",82.1,7,1,2.2,0.1,10.5
"48305",89.2,1.1,0.3,0.8,0.1,13.2
"48307",82.8,1.1,0.3,0.7,0,20.1
"48309",78.4,14.6,0.4,1.6,0.1,7
"48311",98.8,0,1.2,0,0,0
"48313",73,16.4,0.2,3.4,0.1,9.6
"48315",72.8,22.9,0.1,0.3,0.4,4.9
"48317",79.3,0.8,2,0.1,0.1,18.3
"48319",88.5,0,2,2.4,0,12.8
"48321",68.4,10.4,0.4,1.9,0.3,20.4
"48323",93,0.5,1.4,0.5,0,5.3
"48325",90.8,2.7,0.6,0.7,0,7.3
"48327",80.7,0,0.1,0,0,28
"48329",82.2,6.7,0.6,2,0,11.1
"48331",85.3,10.4,0.3,0.6,0,5.3
"48333",98.3,0.4,0.2,0.2,0,0.9
"48335",80.1,9.9,2.1,0.4,0,9.7
"48337",95.5,0.7,0.8,0,0,5
"48339",86.4,5,0.4,2.9,0,7.9
"48341",76.7,3.8,0.5,6.8,0,14.7
"48343",69.3,23.3,0.3,0.2,0.1,9.6
"48345",87.5,1.5,0,0,0,14
"48347",76.4,17.7,1.1,1.6,0,5.1
"48349",74.3,12.2,1.9,0.7,1.6,12.4
"48351",75.6,20.3,0.3,0.6,0,6.3
"48353",87.8,6,0.5,0.3,0,6.5
"48355",90.1,3.7,0.5,2.1,0.1,5.3
"48357",87.7,0.8,0.9,0.3,0,13.3
"48359",92.1,3.2,0,1.9,0,5.6
"48361",87.4,8.7,0.3,1.2,0,3.9
"48363",91.6,2.5,0.7,0.8,0.1,5.9
"48365",81,17.3,0.2,0.2,0,2
"48367",93.2,1.3,0.9,0.6,0.1,6.3
"48369",86.5,1.2,0.4,0.4,0.3,16.6
"48371",82.6,3.5,1.1,0.6,0.2,13.6
"48373",84,9.8,1.6,0.8,0.1,5.8
"48375",78.2,10.1,0.6,5.4,0.2,8.5
"48377",94.1,0,2.9,1.3,0,1.7
"48379",89.3,3.5,0.6,0.4,0,7.5
"48381",88.7,2.7,0.5,1.9,0.3,9.2
"48383",45.6,0.8,0,0.2,0,55
"48385",95.2,0.6,0,0.1,0,4.1
"48387",79.2,16.8,0.5,0.1,0,5.7
"48389",77.5,2.9,0.1,1.3,0.1,18.8
"48391",80.7,6.7,0.3,0.3,0,16.3
"48393",97.1,0,0,0,0,5.8
"48395",76.4,20.4,0.5,0.2,0.1,3.5
"48397",85,6.3,0.4,2.7,0,8.6
"48399",92.5,3,0.2,0.1,0,5.4
"48401",78.1,16.9,0.2,0.5,0.1,6.9
"48403",89.3,5.6,0.7,0.1,0.3,7.4
"48405",73.8,21.3,1.6,0.2,0,5.5
"48407",85.6,9.2,0.8,0,0,6.6
"48409",92.3,1.7,0.3,1,0.1,7
"48411",85.1,2,0,0.2,0,17.6
"48413",62.1,0.5,0,0,0.4,37.2
"48415",86.1,4.6,0.2,0.3,0,11.7
"48417",95.8,0.2,0.3,0.2,0,5.9
"48419",77.8,19.1,1,0.4,0,2.1
"48421",88.3,1.2,0.4,0,0,14.4
"48423",76.8,17.5,0.3,1.7,0.1,5.5
"48425",88.8,1.2,1.3,0.3,0.8,7.8
"48427",95.3,0.1,0.1,0,0,5
"48429",90.1,2.8,0.6,0.3,0,9.2
"48431",91.1,0,0,0,0,9.9
"48433",92.3,2,2.6,0,0,3.8
"48435",62.6,0.1,0.4,0,0.2,36.8
"48437",83.7,6,3.2,0.2,0.1,11.8
"48439",67,16.5,0.5,5.4,0.2,13.5
"48441",76.7,8,0.8,2.2,0,14.7
"48443",66.1,1.1,0.3,0,0,35
"48445",91.1,4.9,0.1,0,0,5.3
"48447",97.8,1,0,0,0,2.3
"48449",70.4,9,0.9,1.1,0,21
"48451",86.8,4.3,0.4,1.3,0.1,9.2
"48453",72.5,8.3,0.6,6.7,0.1,15.4
"48455",85.9,9.9,0.1,0,0,5.9
"48457",84.6,10.7,0.1,0.3,0,6.5
"48459",86.6,8.2,0.5,0.3,0,6.3
"48461",45,6,0.6,0.7,0,47.8
"48463",93.3,0.6,0.4,1,0.1,5.3
"48465",92.7,1.4,0.4,0.8,0,5.6
"48467",93.2,2.8,0.5,0.5,0.1,4.7
"48469",87.4,6,0.2,1.2,0.1,7.5
"48471",73,23.2,0.4,1.3,0,3.4
"48473",58.1,24.9,0.9,1,0,16.6
"48475",86.2,4,1.5,1,0,8.8
"48477",78.4,16.5,0.3,1.7,0.1,4.9
"48479",95.9,0.4,0.2,0.5,0,3.4
"48481",80.6,14.3,0.1,0.3,0,5.7
"48483",87.6,3.2,0.3,0.1,0,12.7
"48485",79,10.4,1,2.4,0.1,10.6
"48487",78.1,10.1,1.5,0.9,0,11.6
"48489",97.2,0.6,0.7,0,0,1.8
"48491",79.7,6.4,0.3,6.8,0.1,10.9
"48493",92.6,1.4,0.4,0.4,0.1,8.5
"48495",87.8,5,1.4,0,0,9.2
"48497",93.5,1.4,0.5,0.5,0.2,6.2
"48499",89.3,5,0.9,0.6,0.1,5.6
"48501",96.3,0.4,0.2,0,0,4.6
"48503",95.7,2.1,0.7,0.3,0,1.6
"48505",93.7,0,0,0.8,0,5.9
"48507",95.3,0.3,0,0.1,0,5
"49001",93.6,0,1,0.3,0,7.7
"49003",93.1,0.7,1.2,0.8,0.1,5.6
"49005",90.8,0.8,0.5,2.1,0.4,8.1
"49007",95.3,0.4,0.5,0,0.1,5
"49009",97.7,0.2,0.3,0,0,1.8
"49011",90.2,1.3,0.5,1.8,0.7,8.9
"49013",89.7,0.4,3.8,0.5,0.3,7.4
"49015",97.3,0,0.7,0.7,0.3,2
"49017",93,0.2,4.5,0.1,0.1,2.5
"49019",92.7,0.3,3.5,1.6,0.6,2.6
"49021",91.8,0.5,2,0.9,0.1,7.1
"49023",93.8,0.2,1.2,0.1,0.1,6.9
"49025",93.2,0.2,1.6,0.6,0.1,6.8
"49027",89.9,0.2,1.1,1.2,0.1,8.9
"49029",96.5,0.8,0.1,0.6,0.3,2.9
"49031",97.7,0.2,0.2,0,0,2.4
"49033",94,0,0,0,0,6
"49035",79.1,1.9,0.8,4.1,1.4,16.1
"49037",48.5,0.2,47.6,0.5,0.3,5.5
"49039",88.5,0.7,1.1,1,0.5,9.6
"49041",94.7,0.6,1.9,0,0.1,3.3
"49043",93,0.8,0.2,1.8,0,6.4
"49045",89.8,0.5,0.6,0.8,0.6,11.1
"49047",87.8,0.4,7.4,0.5,0.1,6.6
"49049",91.6,0.6,0.5,1.5,0.9,8
"49051",94.4,0.3,0.3,1.4,0,5.8
"49053",90.5,0.7,1.6,0.8,0.8,7.7
"49055",95.8,0.2,0.2,0.3,1.6,3.1
"49057",89.2,1.1,0.7,1.2,0.3,11.2
"50001",93.9,1.5,0.4,1.8,0,4.3
"50003",95.7,0.7,0.2,1,0.3,3.8
"50005",95.8,1,0.3,0.5,0,4.4
"50007",90.2,2.7,0.2,4,0.1,4.9
"50009",96.5,1,0.3,0.5,0,3.1
"50011",94.7,0.5,0.9,0.6,0,6.2
"50013",94.4,0.8,0.6,0.5,0,7.3
"50015",95.4,1.2,0.8,0.8,0,3.5
"50017",96.6,0.7,0.4,0.2,0.1,3.8
"50019",96.4,0.6,0.4,0.3,0,4.3
"50021",96.6,0.9,0.2,1.1,0,2.3
"50023",95.9,0.9,0.3,0.8,0.1,4
"50025",94.7,1.2,0.3,1,0,5.3
"50027",95.6,0.7,0.2,0.9,0.1,4.4
"51001",68.2,28.6,0.5,0.8,0,2.9
"51003",81.8,9.5,0.3,5.2,0,5.6
"51005",92.4,5.8,0,0.1,0,2.8
"51007",75.8,21.2,0.2,0,0,5.6
"51009",76.7,18,0.7,0.5,0.1,7.3
"51011",78.1,19.8,0,0.1,0,3.9
"51013",71.5,9.1,0.4,10.3,0.1,12.4
"51015",92.6,4.3,0.3,0.6,0.1,3.9
"51017",91.3,3,0.1,0.3,0,9.5
"51019",89.4,6.9,0.1,1.2,0,4.6
"51021",95,3.8,0,0.2,0,2.1
"51023",94.2,3,0.1,0.7,0,3.9
"51025",42,54.5,0,0.5,0,5.3
"51027",94.9,2.7,0.2,1,0,1.7
"51029",61.6,34.5,0.7,0.2,0,4.6
"51031",81.5,14,0.2,0.9,0,6.2
"51033",65.2,27,0.3,0.9,0,10.3
"51035",97.4,0.7,0.3,0.1,0,3.2
"51036",43.7,45.4,6.6,1,0,6.4
"51037",69.9,28,0,0.4,0,3.1
"51041",67.2,23.1,0.3,3.5,0.1,9
"51043",89.8,5.4,0,0.7,0,6.8
"51045",98.6,0.1,0,0,0,2.4
"51047",75.7,14.5,0.4,1.7,0.1,11
"51049",63.5,30.1,0.1,1.2,0,9.5
"51051",98.1,0.6,0.1,0.1,0,2.3
"51053",64.6,31.8,0,0.9,0.1,4.2
"51057",55.6,39.3,0,0.6,0,6.2
"51059",61.2,9.8,0.2,19.2,0.1,14.3
"51061",86.6,7.4,0.4,1.7,0,7.1
"51063",95.3,1.5,0.6,0.2,0,4
"51065",80.3,14.2,0.2,1.2,0.1,7.2
"51067",89.1,7.5,0.3,0.5,0,4.6
"51069",90.7,3.9,0.3,1.4,0.1,6.4
"51071",96.6,2.2,0,0.1,0.2,1.8
"51073",87.9,9,0,0.8,0,4.5
"51075",80.3,16,0,1.3,0,4.4
"51077",92.5,5.7,0.2,0.3,0,2.3
"51079",86.7,5.4,0.2,1.7,0,9.9
"51081",37.7,59.4,0.1,0.1,0,5.2
"51083",61.2,34.6,0.3,0.8,0,5.9
"51085",85.8,9.4,0.3,1.6,0.1,5.1
"51087",56.3,29.7,0.2,8.3,0,8.9
"51089",72.6,22.7,0.1,0.6,0,5.8
"51091",99.3,0,0.1,0,0,1
"51093",72.1,22.5,0.4,1,0.1,6.8
"51095",80.4,13.1,0.1,2.5,0,7.1
"51097",67.5,26.5,0,0,0,11
"51099",78.2,16.3,0.2,1.3,0,7.6
"51101",79,16.4,0.8,1.2,0,5.1
"51103",68.1,30.8,0,0.8,0,0.4
"51105",93.6,4.1,0.3,0.3,0,3
"51107",65,7.6,0.3,18.6,0.1,13.8
"51109",79.7,14.9,0.2,0.6,0,8.2
"51111",63.2,31.2,0,2.8,0,5.5
"51113",85.5,8.3,0,0.8,0,9.1
"51115",87.8,8.8,0.4,0.6,0,4.6
"51117",62.5,35.4,0.6,0.1,0,2.5
"51119",78.3,13.9,0.5,0.1,0.3,10.9
"51121",85.6,4.5,0.4,6.6,0,4.5
"51125",84.5,13,0,0.2,0,3.4
"51127",81.4,12,0.8,1.1,0,8.6
"51131",62,33.3,0,1,0,6.6
"51133",70.6,27.3,0.2,0.1,0,3.6
"51135",57.1,40.7,0.1,0.3,0.2,2.2
"51137",81.5,12.8,0.3,0.9,0,7.7
"51139",95.3,1.4,0.1,0.4,0,4.9
"51141",92.1,5.9,0.2,0.4,0,1.8
"51143",75.4,20.1,0.1,0.4,0,7
"51145",87.2,10,0.1,0.3,0.2,4
"51147",64.3,30.9,0.3,0.8,0,6.2
"51149",58.9,32.7,0.6,1.5,0.4,10.2
"51153",56.6,21,0.4,8.4,0.1,19.1
"51155",92.1,4.3,0,0.7,0.1,4.9
"51157",90.3,4.5,1.2,0.5,0,5.7
"51159",64.4,26.7,0.2,0.3,0,13.8
"51161",88,5.9,0.2,3.1,0,4.8
"51163",93.3,3.3,0.4,0.7,0,4.3
"51165",93,3,0.3,0.7,0.1,4.9
"51167",97.7,1,0.2,0,0,2.1
"51169",97.9,0.6,0.4,0.3,0,1.5
"51171",93.4,1.9,0.1,1,0,6.2
"51173",95.6,2.2,0.4,0.7,0.1,1.6
"51175",62.4,32.1,0.6,0.2,0,8.9
"51177",72.1,16.1,0.4,2.4,0.1,13.4
"51179",67.3,17.7,0.3,3.3,0.1,16.8
"51181",53,44.4,0,0.2,0,4.8
"51183",39.9,55.3,0,1.3,0,6.4
"51185",94.4,3.2,0.2,0.6,0.1,2.6
"51187",89,4.3,0.2,1.1,0,8.9
"51191",96.1,1.4,0.1,0.6,0,3.2
"51193",67.9,25.9,0.5,0.7,0,7.5
"51195",92.1,5.5,0.1,0.4,0,3.6
"51197",94.9,2.9,0.2,0.4,0,2.9
"51199",74.4,13.3,0.3,5.6,0.3,10.6
"51510",62.2,21.8,0.2,5.9,0,15.2
"51520",90.5,5.7,0,0.2,0,6.8
"51530",89.2,7.3,0.1,1.9,0.2,1.8
"51540",70.6,18.8,0.2,7.1,0.1,6.2
"51550",61.1,30,0.2,3.2,0.1,9.5
"51570",75.5,15.3,0.3,4.2,0.1,7.7
"51580",82.1,13.1,0,1.2,0.2,7
"51590",45.5,49.4,0.1,1.2,0.1,7
"51595",28,63.2,0.1,0.3,0,16.9
"51600",67.8,4.9,0.1,17.2,0,15.2
"51610",79.4,4.9,0.2,9.9,0,9.4
"51620",36.9,56.7,0,1.3,0,9.3
"51630",62.3,22.1,0.2,2.7,0.1,19.6
"51640",89.6,7.5,0,0.6,0.2,2.3
"51650",41.1,49.9,0.5,2.5,0.2,10
"51660",80.4,7.4,0.1,3.9,0,14.9
"51670",50.9,43.5,0.1,1.4,0,6.4
"51678",83.7,8.8,0,3.5,0,6.8
"51680",65,28.6,0.3,2.4,0,6.2
"51683",66.1,13.6,0.8,5.2,0.2,19.3
"51685",62.3,15.3,0.1,11.1,0,15
"51690",48,45.4,0.4,1,0.1,9.1
"51700",47.9,41.1,0.3,3.2,0.2,12.6
"51710",47,41.1,0.4,3.7,0.1,12.4
"51720",89.8,3.1,0,4.6,0,5
"51730",17.5,76.7,0.2,0.9,0.1,6.9
"51735",93.9,1.1,0.1,2.5,0,4.6
"51740",39.8,52.9,0.4,1.4,0.3,8.8
"51750",84.8,9.9,0,1.6,0,6.9
"51760",45.5,46.9,0.4,2.1,0,8.5
"51770",62.4,29,0.2,3,0,9.8
"51775",87.4,6.7,0.1,1.7,0.1,6.9
"51790",83.4,11.3,0.3,1.4,0.1,6.6
"51800",51.5,41.8,0.2,2,0,8.4
"51810",66.3,19,0.3,6.7,0.1,13.3
"51820",81.4,14.2,0.5,1.1,0.3,4.5
"51830",73.4,15,0.4,6.5,0,8.3
"51840",82,10.1,0.2,2.2,0,9.7
"53001",65.1,1,4.1,0.8,0.2,30.9
"53003",92.5,0.5,1.1,0.9,0.2,8.6
"53005",82.1,1.6,0.8,2.6,0.1,16.7
"53007",80.4,0.6,0.9,0.8,0,21.1
"53009",87.7,1.1,4.9,1.7,0,8.5
"53011",84.6,1.8,0.6,4.6,0.8,12.8
"53013",89.4,0.9,0.2,1.8,1.1,12
"53015",89,0.8,1.5,1.3,0.2,12.9
"53017",69.3,0.5,0.7,0.7,0.3,31.8
"53019",76.4,0.1,13.1,0.7,0.3,18
"53021",70.5,2.2,1.3,2.2,0.2,28.4
"53023",91.3,0,0,3.2,0,11
"53025",68.9,0.8,1.2,1,0,32.2
"53027",87.7,1.2,4.2,1.5,0.3,9.5
"53029",84.6,3.1,1,4.9,0.4,10.7
"53031",90.9,0.6,2,1.6,0.2,8.6
"53033",64,6.5,0.6,17.6,0.8,17
"53035",80.9,2.7,1,4.8,0.8,17.4
"53037",88.5,1,0.6,1.6,0.9,11.2
"53039",92.9,0.7,2.5,0.7,0,5.4
"53041",89.9,0.5,0.7,1.3,0.2,12.7
"53043",93.4,0.8,1.5,0.7,0.3,6
"53045",83.5,1.3,2.5,1.2,0.4,16.9
"53047",72.5,0.4,9.6,0.9,0.3,21.9
"53049",87.2,0.4,2.5,1.7,0.4,11.7
"53051",89.9,0.4,3.9,1,0,7.5
"53053",72.9,6.8,1.3,6.3,1.5,19.6
"53055",92.3,0.9,1,1.3,0.2,6.8
"53057",82.1,0.9,1.9,1.9,0.2,16.8
"53059",92.8,0.5,1.8,1.1,0.1,5.9
"53061",75.4,3.1,0.9,10.8,0.5,15.7
"53063",87.8,1.7,1.3,2.3,0.6,11.2
"53065",89.1,0.4,5,0.6,0.1,8.5
"53067",81.5,3.2,1.4,5.7,0.8,13.7
"53069",90.8,1.3,0.7,1.9,0,7
"53071",83.7,1.8,0.7,1.7,0.2,16.6
"53073",83.3,1,2.9,4.1,0.3,13
"53075",82.4,2.2,0.3,8.5,0.2,11.2
"53077",77.3,1.2,4,1,0.1,19.8
"54001",95.8,0.9,0.3,0.8,0,4.1
"54003",86.8,7.8,0.1,1.1,0,7.2
"54005",98,1,0,0.1,0,1.8
"54007",96.9,0.7,0.3,0,0.1,3.7
"54009",96.3,1.7,0.1,0.5,0.2,2.2
"54011",90.6,4.9,0.2,1.4,0,5.2
"54013",99,0,0.3,0,0,1.4
"54015",99.4,0,0.1,0,0.1,0.6
"54017",95.5,1.6,0.5,0.5,0,3.5
"54019",93.5,5.2,0.3,0.1,0.1,1.7
"54021",83.2,12,0.2,0.9,0,5.4
"54023",97,1.6,0,0.2,0.2,1.9
"54025",93.9,2.8,0,0.6,0,4.6
"54027",97.1,1.1,0.3,0.4,0,2
"54029",95,2,0,0.5,0,5
"54031",91.4,5.6,0.6,1.6,0,1.5
"54033",95.3,1.6,0,0.6,0,4.7
"54035",97.6,0.4,0.8,0.3,0,1.7
"54037",87.2,6.2,0.3,1.4,0,8.1
"54039",88.5,7.2,0.2,1.2,0,5.7
"54041",97.4,0.2,0.5,0.5,0,2.6
"54043",98.3,0.2,0,0.1,0.1,2.6
"54045",96.7,1.8,0.2,0.1,0,2.5
"54047",89.1,8.3,0.3,0.1,0,3.6
"54049",93.6,3.5,0.4,0.5,0,3.5
"54051",97.5,0.9,0.1,0.3,0.3,1.9
"54053",97.3,0.4,0.1,0.6,0,2.9
"54055",91.2,6.4,0.2,0.6,0,3.1
"54057",94.8,3.4,0,0.4,0,2.6
"54059",95.8,2.3,0.1,0.1,0,2.9
"54061",89.5,3.6,0.1,3.5,0,6.1
"54063",97.2,0.9,0.5,0,0,2.8
"54065",95.5,1.1,0.7,0,0,5.2
"54067",97.1,0.9,0.4,0.2,0,2.5
"54069",92.9,3.9,0.2,0.7,0,4.1
"54071",95.5,3.3,0.1,0,0,1.7
"54073",96.2,0.3,0,0,0,4.4
"54075",98.6,0.4,0,0.1,0,1.3
"54077",92.2,5.1,0.7,0.3,0,3
"54079",96.4,1.4,0.1,0.8,0.1,2.3
"54081",88.1,7.7,0.3,1,0,4.9
"54083",96.4,2.1,0.2,0.6,0,1
"54085",97.4,0.3,0,0,0,4
"54087",97.9,0.1,0.1,0.2,0,3.4
"54089",93.1,4.6,0,0,0,4.5
"54091",96.3,1.3,0,0.3,0,3.5
"54093",97.4,0.5,0,0.5,0,2.9
"54095",97.6,0.4,0.2,0.7,0,2
"54097",96.9,2,0.1,0.2,0,1.5
"54099",97.6,0.9,0.2,0.3,0,1.8
"54101",99.6,0,0,0,0,0.7
"54103",97.8,1.1,0,0,0,2.1
"54105",99.4,0.4,0,0,0,0.2
"54107",96.2,1.4,0.4,0.5,0.1,2.6
"54109",97.3,1.2,0,0.3,0,2.2
"55001",92.7,2.7,0.8,0.7,0,5.1
"55003",83.8,0.7,11.9,0.5,0,5.7
"55005",94.6,1.6,0.7,0.7,0,3.5
"55007",86.1,0.9,10.1,0.5,0,4.9
"55009",85,2.4,2.5,3.2,0,10.3
"55011",96.9,0.7,0.4,0.1,0,2.8
"55013",91.5,0.6,4.1,0.3,0,6.9
"55015",94.6,0.9,0.5,2.4,0,2.6
"55017",95,1.6,0.1,1.3,0,3.7
"55019",96.5,0.5,0.2,0.4,0,3.9
"55021",95,1.4,0.5,0.8,0,3.9
"55023",95.4,2,0.4,0.6,0,3.2
"55025",83.9,5.2,0.3,5.9,0,7.8
"55027",93.6,2.8,0.4,0.7,0,4.3
"55029",96.3,0.8,0.9,0.5,0,2.4
"55031",92.9,1.4,1.9,1.2,0,5
"55033",94,0.7,0.2,2.7,0.1,4.2
"55035",91.9,1.2,0.5,4.1,0.4,3.6
"55037",98.2,0.3,0.3,0,0,2.2
"55039",92.8,1.4,0.5,1.2,0,6.2
"55041",80.2,0.9,15.5,0.8,0.1,4.9
"55043",96.5,1.5,0.2,1,0,1.7
"55045",96.2,0.6,0.3,0.6,0,3.5
"55047",96.3,0.6,0.3,0.7,0,3.2
"55049",96.8,0.9,0.2,0.7,0.1,2.3
"55051",96.6,0.1,1.8,0.5,0,2.1
"55053",87.5,2,5.5,0.4,0,7.5
"55055",94.1,0.9,0.1,0.6,0,6.5
"55057",93.8,2.3,1.2,0.6,0,3.7
"55059",85.5,7.6,0.5,1.6,0,7.7
"55061",96.9,0.7,0.3,0.3,0,3.1
"55063",90.9,1.6,0.4,4.4,0,4.7
"55065",97.3,0.6,0.2,0.5,0,2
"55067",95.3,1.3,0.7,0.2,0,4.3
"55069",96.8,0.7,0.4,0.4,0,3.2
"55071",94,1.1,0.5,2.7,0,3.1
"55073",90.5,0.6,0.3,5.8,0.1,4.8
"55075",96.7,0.7,0.6,0.3,0,3.2
"55077",96,0.7,0.6,0.5,0,3.8
"55078",10.9,0.3,83.9,0.2,0,9.5
"55079",59.2,26.4,0.6,4.3,0,13.2
"55081",92.9,1.8,1.1,0.9,0,4.5
"55083",96.3,0.5,1.2,0.4,0,3.2
"55085",96.1,0.7,1.3,0.4,0,2.5
"55087",89.8,1.5,1.6,3.5,0,5.7
"55089",93.6,1.2,0.2,2.1,0.1,5.1
"55091",98.1,0.3,0.2,0.3,0.1,1.9
"55093",95.7,0.6,0.2,1.3,0,4
"55095",96.4,0.5,1,0.5,0.1,2.8
"55097",92.9,0.8,0.3,3,0,4.6
"55099",95.3,0.8,1,0.6,0.8,2.4
"55101",80.9,11.4,0.5,1.3,0,8.9
"55103",95.5,0.9,0.4,0.7,0,3.3
"55105",87.1,4.4,0.3,1.3,0,10.2
"55107",96.2,0.6,0.5,0.2,0.1,4.5
"55109",95.9,0.8,0.2,1,0,3.9
"55111",94.1,0.8,1.1,0.6,0,5.5
"55113",77.1,0.3,17.7,0.6,0,7.8
"55115",88.7,0.4,7.7,0.4,0,5.4
"55117",88.8,2,0.3,5.7,0,5.3
"55119",97.4,0.3,0.2,0.2,0,3.5
"55121",92.7,0.6,0.4,0.4,0,6.9
"55123",97.3,0.3,0.2,0.5,0,3
"55125",86.9,0.5,8.1,0.6,0.1,7.4
"55127",93.2,0.9,0.3,0.9,0.1,6.9
"55129",95.2,0.8,1.4,0.6,0.3,3.3
"55131",94.8,1.3,0.2,1.3,0,3.8
"55133",92.2,1.6,0.2,3.5,0,4
"55135",96.2,0.7,0.6,0.4,0,3.2
"55137",92.8,1.4,0.8,0.4,0,6.4
"55139",91.8,2.3,0.6,2.8,0.1,4.2
"55141",94.2,0.7,0.5,2,0,4.3
"56001",89.5,1.7,0.9,3.4,0,7.4
"56003",92.8,0.4,0.8,0.5,0,7
"56005",94,0.4,1.3,0.5,0.2,6.8
"56007",91.3,1.1,2,1.1,0.1,6.5
"56009",95.6,0,0.8,0.2,0,6.5
"56011",95.6,0.1,1.3,0.7,0,4.5
"56013",72.6,0.5,20.8,0.5,0,9.4
"56015",92.9,0.4,1,0.8,0.2,6.9
"56017",95.9,0,2.6,0,0,2.5
"56019",93.5,0.6,4.3,0,0,2.8
"56021",89.7,2.1,0.9,1.2,0.2,9.4
"56023",95.8,0,0.4,0.3,0,6.4
"56025",94.2,1.2,1.1,0.6,0.2,5
"56027",94,0.6,3.7,0,1,1.1
"56029",94.8,0.7,1,0.5,0,5
"56031",96.2,0,0,1.2,0,5
"56033",95.1,0.4,1.9,0.7,0,3.4
"56035",96.2,0,0.3,0.1,0,6.8
"56037",93.4,1.2,1.2,0.8,0,5.8
"56039",89.3,1.2,0.3,1.2,0.1,8.5
"56041",93.4,0.1,0.7,0.2,0,9.1
"56043",89.7,0,0.9,0,0,13.1
"56045",97.4,0.2,0.2,0.8,0.1,2.6
"72001",73.4,1,0.2,0,0,26.8
"72003",85.3,2.4,0.1,0,0,21.1
"72005",79.8,3,0.1,0.2,0,18.4
"72007",54.6,9.2,1,0,0,68.1
"72009",75,15,0.1,0.1,0,10.6
"72011",82.2,1.9,0,0,0,23.5
"72013",78.4,4.6,0.3,0.8,0,17.1
"72015",64.1,19.6,0,0,0,18.1
"72017",81.8,3.6,0,0.6,0,15
"72019",85.8,4.3,0.1,0,0,15.9
"72021",68.8,8.6,0.1,0.2,0,38.6
"72023",22.7,1.6,0.2,0.1,0,76.3
"72025",76.3,8.4,0.2,0.2,0,18
"72027",86.1,1.8,0,0,0,12.9
"72029",48.2,11.1,0,0.6,0,40.7
"72031",53.9,20.5,1.4,0.3,0,31.7
"72033",68.1,13.1,0,0.2,0,22.5
"72035",63,6.5,0.2,0.2,0,55.5
"72037",61.2,8.8,0.4,0.2,0,32.9
"72039",93.4,1.5,0.3,0.1,0,7.7
"72041",72.3,9.2,0.3,0.2,0,32.1
"72043",66.5,29,0,0,0,4.8
"72045",82.2,11.5,0.3,0,0,6.3
"72047",81,7.6,0,0,0,14.5
"72049",54.2,5.9,0.4,2,0,42.5
"72051",77.8,12.8,0,0.1,0,14.3
"72053",56.1,10.8,0.2,0.5,0,35.5
"72054",83.6,1.6,0,0.8,0,15.7
"72055",57.2,5.2,0.2,0,0,38.5
"72057",73.1,14.1,0,0.1,0.4,14.4
"72059",78.5,2.2,0.1,0.7,0,19.2
"72061",75.4,7.2,0.2,0.1,0,21.3
"72063",65.5,13.7,0.1,0.1,0,22.1
"72065",97.6,0.8,0,0.1,0,2.1
"72067",25.7,2.4,0,0,0,73.7
"72069",53.5,21.5,0.2,0.6,0,25.3
"72071",65.6,5.1,0.1,0,0,30.2
"72073",57.9,2.5,0.4,0,0,42.3
"72075",45.1,8.8,0.1,0.2,0,80
"72077",49.1,13.5,0.1,0.2,0,42.1
"72079",24.7,0.8,0.1,0,0,75.2
"72081",70.8,0.7,0,0,0,28.6
"72083",47.6,0.9,0,0,0,52.1
"72085",20.4,77.5,0.1,0,0,2.8
"72087",24.3,38.7,0.2,0.3,0,37
"72089",60.3,9.4,0.1,0.2,0,32
"72091",83.2,4.3,0.2,0.3,0,12.8
"72093",44.4,1.5,0.3,0,0,54.7
"72095",12.5,86.4,0.1,0,0,1
"72097",27.2,3.5,0.2,0.1,0,71.4
"72099",82.4,3.2,0,0.1,0,15.2
"72101",88,2,0.1,0,0,14
"72103",69.4,3.7,0,0.4,0,28.4
"72105",85,7.5,0,0,0,13.9
"72107",80.8,3.5,0.2,0,0,21.2
"72109",13.9,84.5,0,0,0,1.7
"72111",71.4,3.7,0,0.2,0,25.2
"72113",77.5,5.8,0.1,0,0,25.9
"72115",86.5,4.2,0.1,0.2,0,9.8
"72117",85.9,0.4,0,0,0,23.3
"72119",51.9,13.3,0.2,0.3,0,36.5
"72121",70.4,2.1,0.2,0,0,29
"72123",57.4,38.4,0.1,0.2,0,4.5
"72125",57.4,1.5,0,0,0.1,41.4
"72127",65.3,13.3,0.4,0.4,0,25.9
"72129",62.7,31.6,0.1,0.1,0,9.3
"72131",65.4,3.6,0,0.3,0,32.4
"72133",58,37.3,0.2,0,0,5.5
"72135",82.7,7.2,0.1,0.4,0,13.3
"72137",72.4,11.4,0,0,0,21.3
"72139",79.4,10.1,0.1,0.1,0,14.9
"72141",52.8,1,0.1,0.2,0,47.8
"72143",71.4,10.6,0,0.1,0,20.3
"72145",83.2,5,0.1,0,0,12.7
"72147",54.7,7.5,0.1,0.2,0,38.5
"72149",56.7,3.5,0,0,0,68.1
"72151",18.6,78.9,0,0,0,3.6
"72153",75.1,3.8,0.4,0,0,21.5
