"GEOID","pct_male","pct_female"
"01001",48.6,51.4
"01003",48.6,51.4
"01005",52.9,47.1
"01007",54,46
"01009",49.4,50.6
"01011",54.4,45.6
"01013",45.8,54.2
"01015",48.1,51.9
"01017",47.8,52.2
"01019",49.3,50.7
"01021",48.7,51.3
"01023",47.5,52.5
"01025",47.3,52.7
"01027",48.3,51.7
"01029",49,51
"01031",49.3,50.7
"01033",48,52
"01035",49,51
"01037",50.8,49.2
"01039",48.3,51.7
"01041",48.7,51.3
"01043",49.2,50.8
"01045",49.3,50.7
"01047",46.1,53.9
"01049",49.5,50.5
"01051",48.3,51.7
"01053",50.9,49.1
"01055",48.2,51.8
"01057",49.3,50.7
"01059",49.8,50.2
"01061",48.6,51.4
"01063",46.2,53.8
"01065",47.5,52.5
"01067",48.6,51.4
"01069",47.9,52.1
"01071",48.9,51.1
"01073",47.3,52.7
"01075",48.9,51.1
"01077",48.2,51.8
"01079",48.3,51.7
"01081",49.3,50.7
"01083",49.9,50.1
"01085",47.8,52.2
"01087",45.9,54.1
"01089",48.8,51.2
"01091",48.1,51.9
"01093",49.5,50.5
"01095",49.4,50.6
"01097",47.7,52.3
"01099",47.8,52.2
"01101",47.2,52.8
"01103",49.2,50.8
"01105",45.9,54.1
"01107",47.6,52.4
"01109",47.9,52.1
"01111",48.8,51.2
"01113",48.1,51.9
"01115",50,50
"01117",48.4,51.6
"01119",46.3,53.7
"01121",48.3,51.7
"01123",48.3,51.7
"01125",48.2,51.8
"01127",49.1,50.9
"01129",49.3,50.7
"01131",46.9,53.1
"01133",49.5,50.5
"02013",60.1,39.9
"02016",59.3,40.7
"02020",51,49
"02050",52.3,47.7
"02060",59.9,40.1
"02068",53.5,46.5
"02070",51.2,48.8
"02090",53.9,46.1
"02100",51.5,48.5
"02105",53.4,46.6
"02110",51.2,48.8
"02122",52.1,47.9
"02130",51.3,48.7
"02150",53.7,46.3
"02158",54.1,45.9
"02164",53.8,46.2
"02170",52,48
"02180",52.7,47.3
"02185",61.1,38.9
"02188",54.3,45.7
"02195",52.9,47.1
"02198",54.3,45.7
"02220",51.4,48.6
"02230",54.7,45.3
"02240",54.8,45.2
"02261",52.4,47.6
"02275",54.2,45.8
"02282",54.9,45.1
"02290",53.5,46.5
"04001",49.2,50.8
"04003",50.8,49.2
"04005",49.4,50.6
"04007",49.5,50.5
"04009",53.5,46.5
"04011",52.3,47.7
"04012",51.5,48.5
"04013",49.4,50.6
"04015",50.5,49.5
"04017",50.1,49.9
"04019",49.2,50.8
"04021",52.1,47.9
"04023",47.9,52.1
"04025",48.9,51.1
"04027",51.5,48.5
"05001",47.8,52.2
"05003",48.5,51.5
"05005",48.5,51.5
"05007",49.7,50.3
"05009",49.4,50.6
"05011",47.4,52.6
"05013",50.3,49.7
"05015",49.7,50.3
"05017",49.4,50.6
"05019",46.9,53.1
"05021",49.2,50.8
"05023",49.5,50.5
"05025",49.3,50.7
"05027",48,52
"05029",48.7,51.3
"05031",48.8,51.2
"05033",49.3,50.7
"05035",47.6,52.4
"05037",48.1,51.9
"05039",49.3,50.7
"05041",47.5,52.5
"05043",49,51
"05045",48.9,51.1
"05047",49.2,50.8
"05049",49.9,50.1
"05051",48,52
"05053",49.1,50.9
"05055",49.1,50.9
"05057",47.3,52.7
"05059",52,48
"05061",48,52
"05063",49,51
"05065",52.1,47.9
"05067",49.5,50.5
"05069",49.5,50.5
"05071",49.2,50.8
"05073",50.6,49.4
"05075",49.6,50.4
"05077",56.8,43.2
"05079",64,36
"05081",48.3,51.7
"05083",49.3,50.7
"05085",49.2,50.8
"05087",49.6,50.4
"05089",48.3,51.7
"05091",49,51
"05093",48.5,51.5
"05095",46.9,53.1
"05097",50,50
"05099",50.7,49.3
"05101",49.5,50.5
"05103",47.7,52.3
"05105",49.9,50.1
"05107",47,53
"05109",49.4,50.6
"05111",48.7,51.3
"05113",48.4,51.6
"05115",49.1,50.9
"05117",50,50
"05119",47.8,52.2
"05121",50,50
"05123",54.4,45.6
"05125",49,51
"05127",51.2,48.8
"05129",50.6,49.4
"05131",48.9,51.1
"05133",50.3,49.7
"05135",49,51
"05137",49.6,50.4
"05139",48.4,51.6
"05141",49.4,50.6
"05143",49.9,50.1
"05145",48.8,51.2
"05147",46,54
"05149",50.1,49.9
"06001",49.2,50.8
"06003",53.3,46.7
"06005",53.7,46.3
"06007",49.5,50.5
"06009",49.8,50.2
"06011",51.2,48.8
"06013",48.9,51.1
"06015",53.6,46.4
"06017",49.8,50.2
"06019",49.9,50.1
"06021",50.8,49.2
"06023",49.7,50.3
"06025",51.3,48.7
"06027",50.4,49.6
"06029",51.2,48.8
"06031",55.1,44.9
"06033",49.6,50.4
"06035",66,34
"06037",49.3,50.7
"06039",48.2,51.8
"06041",48.8,51.2
"06043",50.9,49.1
"06045",49.6,50.4
"06047",50.5,49.5
"06049",51.9,48.1
"06051",53.3,46.7
"06053",51,49
"06055",49.9,50.1
"06057",49.3,50.7
"06059",49.4,50.6
"06061",48.8,51.2
"06063",49.7,50.3
"06065",49.8,50.2
"06067",48.9,51.1
"06069",49.9,50.1
"06071",49.8,50.2
"06073",50.3,49.7
"06075",51,49
"06077",49.8,50.2
"06079",50.7,49.3
"06081",49.4,50.6
"06083",50.1,49.9
"06085",50.6,49.4
"06087",49.5,50.5
"06089",49.1,50.9
"06091",53.5,46.5
"06093",49.9,50.1
"06095",49.8,50.2
"06097",48.8,51.2
"06099",49.5,50.5
"06101",49.8,50.2
"06103",49.7,50.3
"06105",51.5,48.5
"06107",50,50
"06109",52,48
"06111",49.5,50.5
"06113",48.5,51.5
"06115",51,49
"08001",50.5,49.5
"08003",50,50
"08005",49.5,50.5
"08007",50.2,49.8
"08009",49,51
"08011",64.5,35.5
"08013",50.3,49.7
"08014",49.8,50.2
"08015",53.6,46.4
"08017",50,50
"08019",50.3,49.7
"08021",50.3,49.7
"08023",53,47
"08025",63.5,36.5
"08027",51.1,48.9
"08029",50.6,49.4
"08031",50.1,49.9
"08033",56.1,43.9
"08035",49.9,50.1
"08037",53.1,46.9
"08039",50.6,49.4
"08041",50.5,49.5
"08043",58.3,41.7
"08045",51,49
"08047",50.6,49.4
"08049",52.8,47.2
"08051",54.2,45.8
"08053",44.9,55.1
"08055",49.2,50.8
"08057",51.4,48.6
"08059",49.8,50.2
"08061",48.5,51.5
"08063",53.6,46.4
"08065",55.6,44.4
"08067",50.3,49.7
"08069",49.9,50.1
"08071",52.5,47.5
"08073",63.8,36.2
"08075",54,46
"08077",49.3,50.7
"08079",51.2,48.8
"08081",51.8,48.2
"08083",49.5,50.5
"08085",49.2,50.8
"08087",50.3,49.7
"08089",48.7,51.3
"08091",50.8,49.2
"08093",53.3,46.7
"08095",51.9,48.1
"08097",52.1,47.9
"08099",51,49
"08101",49.2,50.8
"08103",51.1,48.9
"08105",49.8,50.2
"08107",52,48
"08109",49.8,50.2
"08111",49.6,50.4
"08113",52.7,47.3
"08115",47.8,52.2
"08117",54.5,45.5
"08119",50.9,49.1
"08121",52.4,47.6
"08123",50.5,49.5
"08125",49.8,50.2
"09001",48.7,51.3
"09003",48.6,51.4
"09005",49.5,50.5
"09007",48.8,51.2
"09009",48.2,51.8
"09011",50.1,49.9
"09013",50,50
"09015",49.5,50.5
"10001",48.2,51.8
"10003",48.4,51.6
"10005",48.4,51.6
"11001",47.4,52.6
"12001",48.3,51.7
"12003",52.1,47.9
"12005",49.7,50.3
"12007",55,45
"12009",48.9,51.1
"12011",48.7,51.3
"12013",55.1,44.9
"12015",48.9,51.1
"12017",48.5,51.5
"12019",49.3,50.7
"12021",49.3,50.7
"12023",51.8,48.2
"12027",56.5,43.5
"12029",56,44
"12031",48.5,51.5
"12033",49.5,50.5
"12035",47.7,52.3
"12037",57,43
"12039",47.4,52.6
"12041",52.4,47.6
"12043",55.6,44.4
"12045",58.5,41.5
"12047",58.7,41.3
"12049",54.2,45.8
"12051",53,47
"12053",48,52
"12055",48.7,51.3
"12057",48.9,51.1
"12059",54.3,45.7
"12061",48,52
"12063",54.9,45.1
"12065",52.5,47.5
"12067",59.3,40.7
"12069",48.5,51.5
"12071",49,51
"12073",47.4,52.6
"12075",48.8,51.2
"12077",59.6,40.4
"12079",53.4,46.6
"12081",48.4,51.6
"12083",48,52
"12085",49.5,50.5
"12086",48.6,51.4
"12087",52.1,47.9
"12089",49.6,50.4
"12091",50.7,49.3
"12093",54,46
"12095",49,51
"12097",49.3,50.7
"12099",48.5,51.5
"12101",48.7,51.3
"12103",48,52
"12105",49,51
"12107",49.5,50.5
"12109",48.7,51.3
"12111",48.8,51.2
"12113",51.1,48.9
"12115",47.7,52.3
"12117",48.3,51.7
"12119",50,50
"12121",51.4,48.6
"12123",56,44
"12125",65.2,34.8
"12127",48.7,51.3
"12129",54.3,45.7
"12131",50.6,49.4
"12133",54.1,45.9
"13001",50.5,49.5
"13003",50.7,49.3
"13005",48.9,51.1
"13007",48.9,51.1
"13009",50.6,49.4
"13011",50.2,49.8
"13013",49,51
"13015",49.4,50.6
"13017",47.8,52.2
"13019",49,51
"13021",46.9,53.1
"13023",47.3,52.7
"13025",49,51
"13027",48.8,51.2
"13029",49.9,50.1
"13031",49,51
"13033",47.6,52.4
"13035",53.3,46.7
"13037",61.1,38.9
"13039",51.7,48.3
"13043",49.4,50.6
"13045",48.7,51.3
"13047",48,52
"13049",57.2,42.8
"13051",48.1,51.9
"13053",65.1,34.9
"13055",51.8,48.2
"13057",49.2,50.8
"13059",47.6,52.4
"13061",48.4,51.6
"13063",46.8,53.2
"13065",50.6,49.4
"13067",48.4,51.6
"13069",51.5,48.5
"13071",49.5,50.5
"13073",48.9,51.1
"13075",47.9,52.1
"13077",48.7,51.3
"13079",52.6,47.4
"13081",48.2,51.8
"13083",48.9,51.1
"13085",49.8,50.2
"13087",48.1,51.9
"13089",47.3,52.7
"13091",52.6,47.4
"13093",54.1,45.9
"13095",46.2,53.8
"13097",47.7,52.3
"13099",46.5,53.5
"13101",47.4,52.6
"13103",49.5,50.5
"13105",48,52
"13107",49,51
"13109",49.5,50.5
"13111",48.5,51.5
"13113",48.5,51.5
"13115",48.4,51.6
"13117",49.7,50.3
"13119",48.8,51.2
"13121",48.4,51.6
"13123",49.9,50.1
"13125",48.8,51.2
"13127",47.1,52.9
"13129",49.5,50.5
"13131",48.6,51.4
"13133",49.2,50.8
"13135",48.8,51.2
"13137",47.4,52.6
"13139",49.7,50.3
"13141",56.6,43.4
"13143",48.3,51.7
"13145",50.3,49.7
"13147",49.1,50.9
"13149",49.4,50.6
"13151",47.7,52.3
"13153",48.5,51.5
"13155",52.6,47.4
"13157",49.5,50.5
"13159",48.4,51.6
"13161",48.9,51.1
"13163",48.2,51.8
"13165",46.6,53.4
"13167",56.8,43.2
"13169",48,52
"13171",48.8,51.2
"13173",48.4,51.6
"13175",47.3,52.7
"13177",49.9,50.1
"13179",50.8,49.2
"13181",46.8,53.2
"13183",50.6,49.4
"13185",48.7,51.3
"13187",48.6,51.4
"13189",45.8,54.2
"13191",50.3,49.7
"13193",54.6,45.4
"13195",49.1,50.9
"13197",47.8,52.2
"13199",48.5,51.5
"13201",48.5,51.5
"13205",51.9,48.1
"13207",50,50
"13209",51.2,48.8
"13211",49,51
"13213",49.5,50.5
"13215",48.8,51.2
"13217",47.4,52.6
"13219",49.1,50.9
"13221",50.6,49.4
"13223",48.8,51.2
"13225",48.6,51.4
"13227",49.6,50.4
"13229",50.4,49.6
"13231",48.9,51.1
"13233",49.2,50.8
"13235",46.4,53.6
"13237",48.5,51.5
"13239",47.5,52.5
"13241",49.4,50.6
"13243",48.4,51.6
"13245",48.4,51.6
"13247",47.1,52.9
"13249",49.3,50.7
"13251",48.6,51.4
"13253",47.5,52.5
"13255",48.4,51.6
"13257",46.5,53.5
"13259",66.5,33.5
"13261",47.2,52.8
"13263",48.3,51.7
"13265",49.2,50.8
"13267",58.8,41.2
"13269",47.6,52.4
"13271",57.6,42.4
"13273",47.7,52.3
"13275",47.6,52.4
"13277",48.5,51.5
"13279",46.3,53.7
"13281",47,53
"13283",51.4,48.6
"13285",47.8,52.2
"13287",47.9,52.1
"13289",49.1,50.9
"13291",48.7,51.3
"13293",47.6,52.4
"13295",49.6,50.4
"13297",48.5,51.5
"13299",50.3,49.7
"13301",46.6,53.4
"13303",51.2,48.8
"13305",50.3,49.7
"13307",48.7,51.3
"13309",63.2,36.8
"13311",48.8,51.2
"13313",49.6,50.4
"13315",59.9,40.1
"13317",48.5,51.5
"13319",47.4,52.6
"13321",48.2,51.8
"15001",49.6,50.4
"15003",50.4,49.6
"15005",45.5,54.5
"15007",49.5,50.5
"15009",49.8,50.2
"16001",50.1,49.9
"16003",51.5,48.5
"16005",49.8,50.2
"16007",49.3,50.7
"16009",50.6,49.4
"16011",50,50
"16013",51.5,48.5
"16015",51.2,48.8
"16017",49.9,50.1
"16019",50.1,49.9
"16021",50,50
"16023",52.7,47.3
"16025",47.4,52.6
"16027",49.5,50.5
"16029",51.3,48.7
"16031",50.9,49.1
"16033",52.6,47.4
"16035",55.7,44.3
"16037",51.5,48.5
"16039",52.6,47.4
"16041",51.4,48.6
"16043",51.9,48.1
"16045",49.7,50.3
"16047",51.3,48.7
"16049",52.6,47.4
"16051",50.9,49.1
"16053",50.5,49.5
"16055",49.4,50.6
"16057",51.3,48.7
"16059",50.8,49.2
"16061",49.5,50.5
"16063",52.4,47.6
"16065",50.8,49.2
"16067",50,50
"16069",49.3,50.7
"16071",48.9,51.1
"16073",51.5,48.5
"16075",49.6,50.4
"16077",50.6,49.4
"16079",49.9,50.1
"16081",52.3,47.7
"16083",49.2,50.8
"16085",50.5,49.5
"16087",49,51
"17001",48.8,51.2
"17003",47.8,52.2
"17005",51.7,48.3
"17007",50,50
"17009",63.3,36.7
"17011",49.3,50.7
"17013",50.1,49.9
"17015",49.6,50.4
"17017",49.9,50.1
"17019",49.8,50.2
"17021",50.5,49.5
"17023",49.4,50.6
"17025",49.9,50.1
"17027",52.1,47.9
"17029",48.4,51.6
"17031",48.5,51.5
"17033",52.2,47.8
"17035",50.5,49.5
"17037",49.6,50.4
"17039",49.9,50.1
"17041",49.5,50.5
"17043",49.1,50.9
"17045",49.1,50.9
"17047",49.9,50.1
"17049",49.7,50.3
"17051",53.2,46.8
"17053",49.4,50.6
"17055",49.3,50.7
"17057",52.2,47.8
"17059",48.6,51.4
"17061",50.2,49.8
"17063",50,50
"17065",49.8,50.2
"17067",49.9,50.1
"17069",50,50
"17071",49.3,50.7
"17073",49.8,50.2
"17075",48.8,51.2
"17077",49.4,50.6
"17079",49.7,50.3
"17081",51.3,48.7
"17083",48.9,51.1
"17085",50.3,49.7
"17087",55.5,44.5
"17089",49.8,50.2
"17091",49.2,50.8
"17093",49.3,50.7
"17095",50.7,49.3
"17097",50,50
"17099",50.3,49.7
"17101",54.2,45.8
"17103",53.2,46.8
"17105",51.1,48.9
"17107",49.3,50.7
"17109",48.7,51.3
"17111",49.8,50.2
"17113",48.6,51.4
"17115",47.9,52.1
"17117",49.6,50.4
"17119",48.7,51.3
"17121",49.3,50.7
"17123",49.6,50.4
"17125",49.2,50.8
"17127",47.2,52.8
"17129",49,51
"17131",50,50
"17133",49.1,50.9
"17135",52.5,47.5
"17137",50.1,49.9
"17139",49.2,50.8
"17141",49.6,50.4
"17143",48.5,51.5
"17145",54.7,45.3
"17147",49.2,50.8
"17149",49.4,50.6
"17151",53.8,46.2
"17153",49.3,50.7
"17155",51.8,48.2
"17157",55.4,44.6
"17159",49.5,50.5
"17161",49.3,50.7
"17163",48.3,51.7
"17165",49.2,50.8
"17167",48,52
"17169",52.4,47.6
"17171",48.7,51.3
"17173",49.3,50.7
"17175",49.4,50.6
"17177",48.4,51.6
"17179",49.2,50.8
"17181",50.1,49.9
"17183",49.7,50.3
"17185",49.1,50.9
"17187",47.6,52.4
"17189",50.3,49.7
"17191",49.4,50.6
"17193",48.9,51.1
"17195",49.5,50.5
"17197",49.6,50.4
"17199",49.9,50.1
"17201",48.8,51.2
"17203",50,50
"18001",49.9,50.1
"18003",48.9,51.1
"18005",49.9,50.1
"18007",49.9,50.1
"18009",49.7,50.3
"18011",49.5,50.5
"18013",48.8,51.2
"18015",50.2,49.8
"18017",50.2,49.8
"18019",48.8,51.2
"18021",49.3,50.7
"18023",49.8,50.2
"18025",50.7,49.3
"18027",50.4,49.6
"18029",49.8,50.2
"18031",49.6,50.4
"18033",49.9,50.1
"18035",48.3,51.7
"18037",49.8,50.2
"18039",49.5,50.5
"18041",49.2,50.8
"18043",48.3,51.7
"18045",50.2,49.8
"18047",49.3,50.7
"18049",49.3,50.7
"18051",50.3,49.7
"18053",47.7,52.3
"18055",49.7,50.3
"18057",48.8,51.2
"18059",49.3,50.7
"18061",49.7,50.3
"18063",49.9,50.1
"18065",52.6,47.4
"18067",48.4,51.6
"18069",49.3,50.7
"18071",49.6,50.4
"18073",50,50
"18075",50.2,49.8
"18077",47.6,52.4
"18079",50.4,49.6
"18081",49.1,50.9
"18083",50.8,49.2
"18085",49.9,50.1
"18087",50.5,49.5
"18089",48.4,51.6
"18091",51.5,48.5
"18093",49.4,50.6
"18095",50,50
"18097",48.2,51.8
"18099",49.9,50.1
"18101",50.5,49.5
"18103",53.1,46.9
"18105",49.7,50.3
"18107",50.6,49.4
"18109",49.5,50.5
"18111",49.9,50.1
"18113",50.3,49.7
"18115",49.7,50.3
"18117",50.2,49.8
"18119",51,49
"18121",48.2,51.8
"18123",53.4,46.6
"18125",49.9,50.1
"18127",49.5,50.5
"18129",49.9,50.1
"18131",50.4,49.6
"18133",52.9,47.1
"18135",49,51
"18137",49.5,50.5
"18139",48.6,51.4
"18141",48.6,51.4
"18143",49.2,50.8
"18145",49.2,50.8
"18147",50.2,49.8
"18149",49.8,50.2
"18151",50.9,49.1
"18153",53.4,46.6
"18155",51.8,48.2
"18157",51.1,48.9
"18159",49.7,50.3
"18161",48.9,51.1
"18163",48.3,51.7
"18165",50.1,49.9
"18167",50.8,49.2
"18169",48.9,51.1
"18171",49.9,50.1
"18173",49.2,50.8
"18175",49.9,50.1
"18177",48.6,51.4
"18179",49,51
"18181",50,50
"18183",49.7,50.3
"19001",49.5,50.5
"19003",49.9,50.1
"19005",50.5,49.5
"19007",49.3,50.7
"19009",49.7,50.3
"19011",49.9,50.1
"19013",49.2,50.8
"19015",50.1,49.9
"19017",49.5,50.5
"19019",49.4,50.6
"19021",49.9,50.1
"19023",49.8,50.2
"19025",51.9,48.1
"19027",49.3,50.7
"19029",49.3,50.7
"19031",49.7,50.3
"19033",48.8,51.2
"19035",50.4,49.6
"19037",50.6,49.4
"19039",49,51
"19041",49.3,50.7
"19043",50.8,49.2
"19045",48.9,51.1
"19047",49.8,50.2
"19049",49.4,50.6
"19051",49.4,50.6
"19053",50.2,49.8
"19055",50.2,49.8
"19057",48.6,51.4
"19059",49.7,50.3
"19061",49.3,50.7
"19063",50.1,49.9
"19065",50.3,49.7
"19067",49.1,50.9
"19069",49.7,50.3
"19071",49.7,50.3
"19073",49.1,50.9
"19075",49.5,50.5
"19077",49.5,50.5
"19079",49.2,50.8
"19081",50.2,49.8
"19083",50,50
"19085",49.9,50.1
"19087",50.8,49.2
"19089",50,50
"19091",49,51
"19093",49.9,50.1
"19095",49.5,50.5
"19097",50.1,49.9
"19099",51.1,48.9
"19101",49,51
"19103",49.5,50.5
"19105",51.7,48.3
"19107",50.8,49.2
"19109",50.1,49.9
"19111",50.4,49.6
"19113",49.3,50.7
"19115",51.2,48.8
"19117",50.3,49.7
"19119",51.1,48.9
"19121",50.6,49.4
"19123",50.3,49.7
"19125",49.7,50.3
"19127",50.8,49.2
"19129",50,50
"19131",49.3,50.7
"19133",47.9,52.1
"19135",49.8,50.2
"19137",48.2,51.8
"19139",49.7,50.3
"19141",49.5,50.5
"19143",50.5,49.5
"19145",52.4,47.6
"19147",49.6,50.4
"19149",49.1,50.9
"19151",48.8,51.2
"19153",49.3,50.7
"19155",49.3,50.7
"19157",48.1,51.9
"19159",48.7,51.3
"19161",49.4,50.6
"19163",49.1,50.9
"19165",49,51
"19167",50.2,49.8
"19169",52.2,47.8
"19171",49.6,50.4
"19173",50.8,49.2
"19175",48.6,51.4
"19177",51.3,48.7
"19179",49.5,50.5
"19181",48.9,51.1
"19183",49.6,50.4
"19185",49.3,50.7
"19187",51.6,48.4
"19189",49.3,50.7
"19191",49.6,50.4
"19193",49.5,50.5
"19195",50.4,49.6
"19197",50.5,49.5
"20001",49.5,50.5
"20003",49.7,50.3
"20005",48.2,51.8
"20007",50.9,49.1
"20009",49.3,50.7
"20011",49.3,50.7
"20013",49.2,50.8
"20015",50.6,49.4
"20017",51.3,48.7
"20019",52.6,47.4
"20021",49.6,50.4
"20023",49.8,50.2
"20025",51.8,48.2
"20027",49.9,50.1
"20029",49.8,50.2
"20031",50.9,49.1
"20033",53.2,46.8
"20035",50.5,49.5
"20037",50,50
"20039",49.8,50.2
"20041",50.4,49.6
"20043",51,49
"20045",49.6,50.4
"20047",49.8,50.2
"20049",48.9,51.1
"20051",49.8,50.2
"20053",56.7,43.3
"20055",51.4,48.6
"20057",52,48
"20059",49.1,50.9
"20061",53.4,46.6
"20063",50.3,49.7
"20065",50.1,49.9
"20067",52.1,47.9
"20069",50.2,49.8
"20071",50.3,49.7
"20073",50.4,49.6
"20075",54.5,45.5
"20077",50.9,49.1
"20079",49.7,50.3
"20081",50.2,49.8
"20083",51,49
"20085",50,50
"20087",50.6,49.4
"20089",51.1,48.9
"20091",49,51
"20093",47.6,52.4
"20095",50,50
"20097",48.5,51.5
"20099",49.2,50.8
"20101",51,49
"20103",53.6,46.4
"20105",51.3,48.7
"20107",50.1,49.9
"20109",50.2,49.8
"20111",48.4,51.6
"20113",49.3,50.7
"20115",50.1,49.9
"20117",50.1,49.9
"20119",50,50
"20121",49.8,50.2
"20123",50.9,49.1
"20125",49.8,50.2
"20127",49.8,50.2
"20129",49.9,50.1
"20131",50.7,49.3
"20133",49.6,50.4
"20135",51.2,48.8
"20137",55.4,44.6
"20139",50.1,49.9
"20141",50,50
"20143",51.5,48.5
"20145",55.4,44.6
"20147",49.3,50.7
"20149",50,50
"20151",50,50
"20153",51,49
"20155",50.3,49.7
"20157",48.2,51.8
"20159",50.2,49.8
"20161",53,47
"20163",48.1,51.9
"20165",49.7,50.3
"20167",49.7,50.3
"20169",49.6,50.4
"20171",52,48
"20173",49.4,50.6
"20175",51.1,48.9
"20177",48.3,51.7
"20179",51.3,48.7
"20181",52,48
"20183",49.5,50.5
"20185",50.8,49.2
"20187",49.2,50.8
"20189",50.6,49.4
"20191",50,50
"20193",48.3,51.7
"20195",50.1,49.9
"20197",50.7,49.3
"20199",48.8,51.2
"20201",51.1,48.9
"20203",46.9,53.1
"20205",49,51
"20207",50.9,49.1
"20209",49.6,50.4
"21001",49.6,50.4
"21003",49.9,50.1
"21005",49,51
"21007",49.4,50.6
"21009",48.1,51.9
"21011",49.7,50.3
"21013",49.2,50.8
"21015",49.7,50.3
"21017",48,52
"21019",50,50
"21021",50.1,49.9
"21023",50.4,49.6
"21025",50.2,49.8
"21027",50.4,49.6
"21029",50,50
"21031",50.3,49.7
"21033",49.2,50.8
"21035",48.5,51.5
"21037",48.9,51.1
"21039",48.9,51.1
"21041",51.2,48.8
"21043",49.1,50.9
"21045",48.8,51.2
"21047",53.2,46.8
"21049",48.8,51.2
"21051",52.4,47.6
"21053",50,50
"21055",51.1,48.9
"21057",48.6,51.4
"21059",48.8,51.2
"21061",50.4,49.6
"21063",56.8,43.2
"21065",49.3,50.7
"21067",49,51
"21069",49.3,50.7
"21071",48.9,51.1
"21073",48.5,51.5
"21075",50.2,49.8
"21077",51.4,48.6
"21079",48.8,51.2
"21081",49.4,50.6
"21083",49.2,50.8
"21085",49.8,50.2
"21087",49,51
"21089",48.9,51.1
"21091",51.9,48.1
"21093",49.8,50.2
"21095",48.2,51.8
"21097",49.4,50.6
"21099",49.2,50.8
"21101",48.3,51.7
"21103",49.7,50.3
"21105",47.4,52.6
"21107",48.8,51.2
"21109",49.6,50.4
"21111",48.3,51.7
"21113",48.3,51.7
"21115",49.1,50.9
"21117",49.5,50.5
"21119",49.2,50.8
"21121",48.8,51.2
"21123",49.3,50.7
"21125",48.9,51.1
"21127",49.6,50.4
"21129",52.7,47.3
"21131",49.1,50.9
"21133",48.7,51.3
"21135",50.1,49.9
"21137",49,51
"21139",49.6,50.4
"21141",48.8,51.2
"21143",52.7,47.3
"21145",48,52
"21147",54.5,45.5
"21149",49.3,50.7
"21151",48.7,51.3
"21153",49.9,50.1
"21155",50.7,49.3
"21157",48.8,51.2
"21159",55.2,44.8
"21161",49.6,50.4
"21163",50.5,49.5
"21165",53,47
"21167",49.2,50.8
"21169",49.8,50.2
"21171",50.2,49.8
"21173",49.3,50.7
"21175",56.3,43.7
"21177",49.2,50.8
"21179",49.9,50.1
"21181",48.1,51.9
"21183",49.2,50.8
"21185",52.4,47.6
"21187",49.7,50.3
"21189",45.4,54.6
"21191",50.9,49.1
"21193",49.5,50.5
"21195",48.5,51.5
"21197",49,51
"21199",48.7,51.3
"21201",46.2,53.8
"21203",48.5,51.5
"21205",48.2,51.8
"21207",48.6,51.4
"21209",49.3,50.7
"21211",48.5,51.5
"21213",49.2,50.8
"21215",50.6,49.4
"21217",49,51
"21219",49.4,50.6
"21221",49.8,50.2
"21223",49.3,50.7
"21225",52.2,47.8
"21227",49,51
"21229",49.1,50.9
"21231",49.8,50.2
"21233",49.6,50.4
"21235",49,51
"21237",50,50
"21239",47.3,52.7
"22001",48.7,51.3
"22003",56.8,43.2
"22005",49.4,50.6
"22007",48.3,51.7
"22009",50.4,49.6
"22011",50.8,49.2
"22013",47.2,52.8
"22015",49.3,50.7
"22017",47.4,52.6
"22019",48.8,51.2
"22021",52.4,47.6
"22023",48.4,51.6
"22025",52.5,47.5
"22027",57.1,42.9
"22029",50.8,49.2
"22031",48.7,51.3
"22033",47.8,52.2
"22035",60.7,39.3
"22037",55.7,44.3
"22039",51.3,48.7
"22041",48.9,51.1
"22043",56.5,43.5
"22045",48.9,51.1
"22047",50.4,49.6
"22049",50.7,49.3
"22051",48.5,51.5
"22053",49.5,50.5
"22055",48.8,51.2
"22057",49.1,50.9
"22059",52.1,47.9
"22061",48.6,51.4
"22063",49.1,50.9
"22065",49.8,50.2
"22067",48.1,51.9
"22069",47.9,52.1
"22071",47.5,52.5
"22073",48,52
"22075",50.3,49.7
"22077",48,52
"22079",48.4,51.6
"22081",47,53
"22083",48.7,51.3
"22085",49.4,50.6
"22087",48.9,51.1
"22089",50,50
"22091",48.3,51.7
"22093",47.5,52.5
"22095",49,51
"22097",48.3,51.7
"22099",49.2,50.8
"22101",49.5,50.5
"22103",48.5,51.5
"22105",48.4,51.6
"22107",49.3,50.7
"22109",49.4,50.6
"22111",49.9,50.1
"22113",48.3,51.7
"22115",52.9,47.1
"22117",49.4,50.6
"22119",48.9,51.1
"22121",48.8,51.2
"22123",50.7,49.3
"22125",64,36
"22127",53.3,46.7
"23001",48.9,51.1
"23003",49.5,50.5
"23005",48.5,51.5
"23007",49,51
"23009",48.3,51.7
"23011",48.8,51.2
"23013",49.8,50.2
"23015",49,51
"23017",49.4,50.6
"23019",49.6,50.4
"23021",49.9,50.1
"23023",48.9,51.1
"23025",49.5,50.5
"23027",49.1,50.9
"23029",49.1,50.9
"23031",48.8,51.2
"24001",52.3,47.7
"24003",49.5,50.5
"24005",47.4,52.6
"24009",49.8,50.2
"24011",48.9,51.1
"24013",49.5,50.5
"24015",49.8,50.2
"24017",48.2,51.8
"24019",47.2,52.8
"24021",49.3,50.7
"24023",49.5,50.5
"24025",49,51
"24027",48.9,51.1
"24029",47.6,52.4
"24031",48.3,51.7
"24033",48.1,51.9
"24035",49.6,50.4
"24037",50,50
"24039",54.1,45.9
"24041",47.4,52.6
"24043",50.8,49.2
"24045",47.5,52.5
"24047",49,51
"24510",47,53
"25001",47.8,52.2
"25003",48.4,51.6
"25005",48.4,51.6
"25007",49.3,50.7
"25009",48.2,51.8
"25011",48.7,51.3
"25013",48.3,51.7
"25015",46.8,53.2
"25017",48.9,51.1
"25019",51.2,48.8
"25021",48.1,51.9
"25023",48.6,51.4
"25025",48.3,51.7
"25027",49.3,50.7
"26001",50.6,49.4
"26003",55.5,44.5
"26005",50,50
"26007",49.3,50.7
"26009",49.9,50.1
"26011",50.7,49.3
"26013",55.3,44.7
"26015",50.3,49.7
"26017",49.1,50.9
"26019",49.7,50.3
"26021",48.9,51.1
"26023",51.7,48.3
"26025",49,51
"26027",50.1,49.9
"26029",49.5,50.5
"26031",50,50
"26033",54.5,45.5
"26035",49.7,50.3
"26037",49.4,50.6
"26039",50.9,49.1
"26041",49.8,50.2
"26043",50.2,49.8
"26045",49,51
"26047",49.4,50.6
"26049",48.2,51.8
"26051",50.4,49.6
"26053",53.2,46.8
"26055",49.3,50.7
"26057",53.6,46.4
"26059",49.9,50.1
"26061",54,46
"26063",49.6,50.4
"26065",48.7,51.3
"26067",53.3,46.7
"26069",49.8,50.2
"26071",49.7,50.3
"26073",48.6,51.4
"26075",51,49
"26077",48.9,51.1
"26079",50.9,49.1
"26081",49.3,50.7
"26083",51.6,48.4
"26085",51.1,48.9
"26087",50.9,49.1
"26089",49.5,50.5
"26091",50.5,49.5
"26093",50.2,49.8
"26095",59.3,40.7
"26097",51,49
"26099",48.7,51.3
"26101",51.9,48.1
"26103",50.4,49.6
"26105",49.5,50.5
"26107",50.4,49.6
"26109",50.7,49.3
"26111",49.2,50.8
"26113",50.9,49.1
"26115",49.3,50.7
"26117",51.4,48.6
"26119",50.4,49.6
"26121",49.7,50.3
"26123",50.2,49.8
"26125",48.9,51.1
"26127",50.7,49.3
"26129",50.4,49.6
"26131",51.3,48.7
"26133",50.7,49.3
"26135",50.9,49.1
"26137",49.6,50.4
"26139",49.4,50.6
"26141",49.8,50.2
"26143",49.8,50.2
"26145",48.5,51.5
"26147",49.7,50.3
"26149",49.9,50.1
"26151",49.7,50.3
"26153",48.8,51.2
"26155",49.4,50.6
"26157",50.3,49.7
"26159",49.8,50.2
"26161",49.6,50.4
"26163",48.2,51.8
"26165",49.9,50.1
"27001",50.8,49.2
"27003",50,50
"27005",49.8,50.2
"27007",49.9,50.1
"27009",50.2,49.8
"27011",49.8,50.2
"27013",50.1,49.9
"27015",50.1,49.9
"27017",52.3,47.7
"27019",49.7,50.3
"27021",51.1,48.9
"27023",49.5,50.5
"27025",52,48
"27027",49.4,50.6
"27029",51.2,48.8
"27031",49.5,50.5
"27033",50,50
"27035",49.8,50.2
"27037",49.3,50.7
"27039",50.3,49.7
"27041",50,50
"27043",50.1,49.9
"27045",50.3,49.7
"27047",49.7,50.3
"27049",49.7,50.3
"27051",50.6,49.4
"27053",49.4,50.6
"27055",50.2,49.8
"27057",50.6,49.4
"27059",50.7,49.3
"27061",50.6,49.4
"27063",51.1,48.9
"27065",50.6,49.4
"27067",50.3,49.7
"27069",50.3,49.7
"27071",49.8,50.2
"27073",50.1,49.9
"27075",51.4,48.6
"27077",53.3,46.7
"27079",50.1,49.9
"27081",50.4,49.6
"27083",49.8,50.2
"27085",50.1,49.9
"27087",50.7,49.3
"27089",50.5,49.5
"27091",50.1,49.9
"27093",51.1,48.9
"27095",50.3,49.7
"27097",50.4,49.6
"27099",50.4,49.6
"27101",50,50
"27103",50.1,49.9
"27105",51.8,48.2
"27107",50.9,49.1
"27109",48.9,51.1
"27111",50.4,49.6
"27113",49.7,50.3
"27115",53.4,46.6
"27117",48.8,51.2
"27119",50.9,49.1
"27121",50.6,49.4
"27123",48.8,51.2
"27125",50.8,49.2
"27127",50.5,49.5
"27129",50.9,49.1
"27131",51,49
"27133",48.9,51.1
"27135",51.5,48.5
"27137",50.1,49.9
"27139",49.8,50.2
"27141",51.1,48.9
"27143",50.9,49.1
"27145",50.3,49.7
"27147",49.6,50.4
"27149",50.1,49.9
"27151",50.1,49.9
"27153",51.4,48.6
"27155",49.7,50.3
"27157",50.4,49.6
"27159",49.4,50.6
"27161",48.1,51.9
"27163",49.5,50.5
"27165",50.2,49.8
"27167",51.6,48.4
"27169",49.5,50.5
"27171",50.5,49.5
"27173",50.8,49.2
"28001",51.6,48.4
"28003",49.1,50.9
"28005",48.4,51.6
"28007",47.3,52.7
"28009",49.1,50.9
"28011",47.1,52.9
"28013",47.7,52.3
"28015",50.5,49.5
"28017",48.2,51.8
"28019",50.2,49.8
"28021",46.9,53.1
"28023",46.8,53.2
"28025",46.6,53.4
"28027",46.2,53.8
"28029",47.7,52.3
"28031",48.8,51.2
"28033",48.2,51.8
"28035",47.5,52.5
"28037",47.8,52.2
"28039",50.3,49.7
"28041",59.8,40.2
"28043",47.6,52.4
"28045",48.9,51.1
"28047",49.1,50.9
"28049",46.6,53.4
"28051",47.8,52.2
"28053",47.8,52.2
"28055",61.8,38.2
"28057",50.4,49.6
"28059",49.4,50.6
"28061",48.7,51.3
"28063",48.9,51.1
"28065",47.8,52.2
"28067",48.8,51.2
"28069",50.9,49.1
"28071",48.2,51.8
"28073",47.7,52.3
"28075",48.7,51.3
"28077",48.8,51.2
"28079",51.5,48.5
"28081",47.7,52.3
"28083",46.6,53.4
"28085",47.4,52.6
"28087",47.6,52.4
"28089",47.8,52.2
"28091",48.4,51.6
"28093",49.3,50.7
"28095",47.7,52.3
"28097",46.5,53.5
"28099",47.7,52.3
"28101",47,53
"28103",46.7,53.3
"28105",50,50
"28107",48.2,51.8
"28109",49.5,50.5
"28111",48.7,51.3
"28113",47.4,52.6
"28115",48.4,51.6
"28117",48.1,51.9
"28119",46.8,53.2
"28121",48.2,51.8
"28123",49.6,50.4
"28125",46.2,53.8
"28127",48.3,51.7
"28129",48.9,51.1
"28131",50.3,49.7
"28133",53,47
"28135",55.5,44.5
"28137",48.1,51.9
"28139",48.3,51.7
"28141",49.1,50.9
"28143",46.6,53.4
"28145",49.2,50.8
"28147",49.8,50.2
"28149",47.7,52.3
"28151",46.7,53.3
"28153",49.4,50.6
"28155",48.7,51.3
"28157",54.9,45.1
"28159",48.6,51.4
"28161",48.4,51.6
"28163",58.2,41.8
"29001",48.6,51.4
"29003",49.9,50.1
"29005",49.7,50.3
"29007",46.1,53.9
"29009",49.9,50.1
"29011",49.3,50.7
"29013",49,51
"29015",49.8,50.2
"29017",49.6,50.4
"29019",48.6,51.4
"29021",50.5,49.5
"29023",48.9,51.1
"29025",50.7,49.3
"29027",51,49
"29029",49.3,50.7
"29031",48.4,51.6
"29033",49.4,50.6
"29035",49.3,50.7
"29037",48.9,51.1
"29039",50.1,49.9
"29041",49.7,50.3
"29043",48.9,51.1
"29045",50.7,49.3
"29047",49.1,50.9
"29049",49.5,50.5
"29051",50.4,49.6
"29053",52.5,47.5
"29055",49.4,50.6
"29057",50.8,49.2
"29059",48.8,51.2
"29061",50.3,49.7
"29063",62.7,37.3
"29065",50,50
"29067",50,50
"29069",47.9,52.1
"29071",49.9,50.1
"29073",50.2,49.8
"29075",48.4,51.6
"29077",48.6,51.4
"29079",49.1,50.9
"29081",49.6,50.4
"29083",49.3,50.7
"29085",49.2,50.8
"29087",49.3,50.7
"29089",50.7,49.3
"29091",48.8,51.2
"29093",49.2,50.8
"29095",48.4,51.6
"29097",48.8,51.2
"29099",49.6,50.4
"29101",51.2,48.8
"29103",50.1,49.9
"29105",49.1,50.9
"29107",49.9,50.1
"29109",49.5,50.5
"29111",50.7,49.3
"29113",49.7,50.3
"29115",48.6,51.4
"29117",44.6,55.4
"29119",51.2,48.8
"29121",50.2,49.8
"29123",48.8,51.2
"29125",50.5,49.5
"29127",48.4,51.6
"29129",49.9,50.1
"29131",49.5,50.5
"29133",54.7,45.3
"29135",53.1,46.9
"29137",50.7,49.3
"29139",49.8,50.2
"29141",49.1,50.9
"29143",47.8,52.2
"29145",49.5,50.5
"29147",49.7,50.3
"29149",49.5,50.5
"29151",51.7,48.3
"29153",48.8,51.2
"29155",46.9,53.1
"29157",49.5,50.5
"29159",49.7,50.3
"29161",52.4,47.6
"29163",54.8,45.2
"29165",49.4,50.6
"29167",48.9,51.1
"29169",57.1,42.9
"29171",50.3,49.7
"29173",50.8,49.2
"29175",52.2,47.8
"29177",49.3,50.7
"29179",52.3,47.7
"29181",49.7,50.3
"29183",49.1,50.9
"29185",49.7,50.3
"29186",50.7,49.3
"29187",53.8,46.2
"29189",47.4,52.6
"29195",50.4,49.6
"29197",49.1,50.9
"29199",49.5,50.5
"29201",48.4,51.6
"29203",48.9,51.1
"29205",50.3,49.7
"29207",48.6,51.4
"29209",48.8,51.2
"29211",49.2,50.8
"29213",48.3,51.7
"29215",52.2,47.8
"29217",48.9,51.1
"29219",49.8,50.2
"29221",51.4,48.6
"29223",48.8,51.2
"29225",51.2,48.8
"29227",48.1,51.9
"29229",48.9,51.1
"29510",48.4,51.6
"30001",49.7,50.3
"30003",49.9,50.1
"30005",49.9,50.1
"30007",51.1,48.9
"30009",50.7,49.3
"30011",51.3,48.7
"30013",50.5,49.5
"30015",49.2,50.8
"30017",49.9,50.1
"30019",53.5,46.5
"30021",52.8,47.2
"30023",52.7,47.3
"30025",50.2,49.8
"30027",51.2,48.8
"30029",49.9,50.1
"30031",51.9,48.1
"30033",53.3,46.7
"30035",49.3,50.7
"30037",50.8,49.2
"30039",51.6,48.4
"30041",50.5,49.5
"30043",50.6,49.4
"30045",54.5,45.5
"30047",49.6,50.4
"30049",49.5,50.5
"30051",47.4,52.6
"30053",49.7,50.3
"30055",50.4,49.6
"30057",51.7,48.3
"30059",51.6,48.4
"30061",51.2,48.8
"30063",50.1,49.9
"30065",49.9,50.1
"30067",49.8,50.2
"30069",51.9,48.1
"30071",51.2,48.8
"30073",49.6,50.4
"30075",50.5,49.5
"30077",62.6,37.4
"30079",51.4,48.6
"30081",49.7,50.3
"30083",51,49
"30085",49.2,50.8
"30087",49.9,50.1
"30089",51.3,48.7
"30091",50.2,49.8
"30093",50.7,49.3
"30095",49.8,50.2
"30097",50.1,49.9
"30099",48.8,51.2
"30101",55.6,44.4
"30103",49.1,50.9
"30105",49.5,50.5
"30107",48.2,51.8
"30109",46.7,53.3
"30111",49.3,50.7
"31001",50.2,49.8
"31003",50.2,49.8
"31005",47.5,52.5
"31007",48.5,51.5
"31009",50.9,49.1
"31011",49.5,50.5
"31013",50.2,49.8
"31015",49.7,50.3
"31017",48.5,51.5
"31019",50,50
"31021",48.8,51.2
"31023",49.9,50.1
"31025",50.5,49.5
"31027",50.9,49.1
"31029",48.5,51.5
"31031",50.9,49.1
"31033",49.6,50.4
"31035",50.9,49.1
"31037",55.4,44.6
"31039",50.1,49.9
"31041",49.7,50.3
"31043",50.2,49.8
"31045",48.4,51.6
"31047",51.7,48.3
"31049",47.8,52.2
"31051",50.9,49.1
"31053",49.2,50.8
"31055",49.3,50.7
"31057",51.1,48.9
"31059",49.5,50.5
"31061",49.3,50.7
"31063",51.1,48.9
"31065",49.4,50.6
"31067",50.3,49.7
"31069",50.5,49.5
"31071",50.2,49.8
"31073",51.6,48.4
"31075",53.6,46.4
"31077",49.2,50.8
"31079",50.4,49.6
"31081",49.6,50.4
"31083",50.7,49.3
"31085",52,48
"31087",49.7,50.3
"31089",50.4,49.6
"31091",46.8,53.2
"31093",50.8,49.2
"31095",48.6,51.4
"31097",59.5,40.5
"31099",49.6,50.4
"31101",51.2,48.8
"31103",48.2,51.8
"31105",50,50
"31107",49.6,50.4
"31109",50.2,49.8
"31111",49.1,50.9
"31113",54.3,45.7
"31115",51.7,48.3
"31117",51.6,48.4
"31119",49.7,50.3
"31121",50.2,49.8
"31123",50.7,49.3
"31125",50.2,49.8
"31127",50,50
"31129",49.8,50.2
"31131",49,51
"31133",47.6,52.4
"31135",51.7,48.3
"31137",50.1,49.9
"31139",49.8,50.2
"31141",51.2,48.8
"31143",48.7,51.3
"31145",49.6,50.4
"31147",49.9,50.1
"31149",52.1,47.9
"31151",50.9,49.1
"31153",50,50
"31155",50.5,49.5
"31157",48.4,51.6
"31159",50.9,49.1
"31161",48.5,51.5
"31163",50.5,49.5
"31165",48.2,51.8
"31167",50.1,49.9
"31169",50.3,49.7
"31171",44.8,55.2
"31173",49.7,50.3
"31175",48.7,51.3
"31177",49.4,50.6
"31179",50.8,49.2
"31181",50.5,49.5
"31183",52.7,47.3
"31185",48.8,51.2
"32001",50.6,49.4
"32003",49.9,50.1
"32005",50.2,49.8
"32007",52,48
"32009",43.9,56.1
"32011",50.5,49.5
"32013",51.6,48.4
"32015",54.8,45.2
"32017",53.9,46.1
"32019",50.5,49.5
"32021",49.7,50.3
"32023",50.8,49.2
"32027",64.1,35.9
"32029",52.9,47.1
"32031",50.4,49.6
"32033",58.8,41.2
"32510",51.4,48.6
"33001",49.3,50.7
"33003",49.6,50.4
"33005",48.8,51.2
"33007",52.7,47.3
"33009",49.2,50.8
"33011",49.7,50.3
"33013",49.3,50.7
"33015",49.6,50.4
"33017",48.9,51.1
"33019",49.7,50.3
"34001",48.4,51.6
"34003",48.5,51.5
"34005",49.2,50.8
"34007",48.3,51.7
"34009",48.9,51.1
"34011",51.1,48.9
"34013",48.1,51.9
"34015",48.6,51.4
"34017",49.7,50.3
"34019",49.8,50.2
"34021",48.9,51.1
"34023",49.3,50.7
"34025",48.6,51.4
"34027",49.1,50.9
"34029",48.2,51.8
"34031",48.7,51.3
"34033",48.9,51.1
"34035",48.9,51.1
"34037",49.8,50.2
"34039",48.8,51.2
"34041",49,51
"35001",49,51
"35003",55.1,44.9
"35005",49.9,50.1
"35006",50.6,49.4
"35007",51.4,48.6
"35009",52.2,47.8
"35011",51.1,48.9
"35013",49.1,50.9
"35015",50.5,49.5
"35017",49.3,50.7
"35019",58.7,41.3
"35021",54.9,45.1
"35023",49.6,50.4
"35025",51.6,48.4
"35027",49.1,50.9
"35028",50.8,49.2
"35029",49.9,50.1
"35031",48.3,51.7
"35033",48.5,51.5
"35035",51.7,48.3
"35037",47.8,52.2
"35039",48.1,51.9
"35041",49.8,50.2
"35043",49,51
"35045",49.5,50.5
"35047",49.8,50.2
"35049",48.5,51.5
"35051",49.5,50.5
"35053",52.3,47.7
"35055",49.2,50.8
"35057",53.2,46.8
"35059",53.7,46.3
"35061",50.3,49.7
"36001",48.4,51.6
"36003",50.7,49.3
"36005",47.1,52.9
"36007",49.2,50.8
"36009",49.7,50.3
"36011",51.3,48.7
"36013",49.3,50.7
"36015",49.5,50.5
"36017",50.1,49.9
"36019",51.2,48.8
"36021",50,50
"36023",49,51
"36025",50.5,49.5
"36027",49.7,50.3
"36029",48.4,51.6
"36031",52.1,47.9
"36033",54.4,45.6
"36035",50,50
"36037",50.1,49.9
"36039",52.3,47.7
"36041",50.1,49.9
"36043",49.5,50.5
"36045",52.5,47.5
"36047",47.4,52.6
"36049",50.1,49.9
"36051",50.3,49.7
"36053",49.4,50.6
"36055",48.3,51.7
"36057",49.2,50.8
"36059",48.7,51.3
"36061",47.3,52.7
"36063",48.8,51.2
"36065",49.9,50.1
"36067",48.2,51.8
"36069",49,51
"36071",50.1,49.9
"36073",50,50
"36075",50.1,49.9
"36077",48.2,51.8
"36079",49.8,50.2
"36081",48.5,51.5
"36083",49.5,50.5
"36085",48.4,51.6
"36087",49,51
"36089",50.8,49.2
"36091",49.5,50.5
"36093",48.8,51.2
"36095",49.6,50.4
"36097",50,50
"36099",52.2,47.8
"36101",49.9,50.1
"36103",49.2,50.8
"36105",51.2,48.8
"36107",49.6,50.4
"36109",49.4,50.6
"36111",49.5,50.5
"36113",49.2,50.8
"36115",51.8,48.2
"36117",49.6,50.4
"36119",48.4,51.6
"36121",53.4,46.6
"36123",47.8,52.2
"37001",47.5,52.5
"37003",50.9,49.1
"37005",49.1,50.9
"37007",52.4,47.6
"37009",49.2,50.8
"37011",54.9,45.1
"37013",47.8,52.2
"37015",50,50
"37017",48,52
"37019",48.1,51.9
"37021",48,52
"37023",49.8,50.2
"37025",48.8,51.2
"37027",49.4,50.6
"37029",53,47
"37031",49,51
"37033",50.2,49.8
"37035",48.9,51.1
"37037",47.7,52.3
"37039",49,51
"37041",46.6,53.4
"37043",47.6,52.4
"37045",48.3,51.7
"37047",49.7,50.3
"37049",50.5,49.5
"37051",49.7,50.3
"37053",49.7,50.3
"37055",50,50
"37057",48.9,51.1
"37059",48.5,51.5
"37061",48.7,51.3
"37063",47.8,52.2
"37065",46.4,53.6
"37067",47.4,52.6
"37069",49.6,50.4
"37071",48.2,51.8
"37073",48.8,51.2
"37075",48.6,51.4
"37077",51,49
"37079",55.5,44.5
"37081",47.4,52.6
"37083",48.4,51.6
"37085",49.6,50.4
"37087",48.3,51.7
"37089",48.1,51.9
"37091",49.6,50.4
"37093",49.6,50.4
"37095",52.7,47.3
"37097",49.2,50.8
"37099",48.9,51.1
"37101",49.2,50.8
"37103",49.5,50.5
"37105",48.5,51.5
"37107",48,52
"37109",49.7,50.3
"37111",50.3,49.7
"37113",48.4,51.6
"37115",49,51
"37117",47.2,52.8
"37119",48.1,51.9
"37121",49.8,50.2
"37123",49,51
"37125",48.2,51.8
"37127",47.9,52.1
"37129",47.7,52.3
"37131",48.6,51.4
"37133",55.4,44.6
"37135",47.8,52.2
"37137",50.9,49.1
"37139",48.8,51.2
"37141",49.6,50.4
"37143",48.6,51.4
"37145",48.5,51.5
"37147",47.1,52.9
"37149",47.3,52.7
"37151",49.3,50.7
"37153",49,51
"37155",48.3,51.7
"37157",48.1,51.9
"37159",49.5,50.5
"37161",48.6,51.4
"37163",49.1,50.9
"37165",49.3,50.7
"37167",49.8,50.2
"37169",48.6,51.4
"37171",48.5,51.5
"37173",48.8,51.2
"37175",48.1,51.9
"37177",57.5,42.5
"37179",49.3,50.7
"37181",46.7,53.3
"37183",48.6,51.4
"37185",49.7,50.3
"37187",46.9,53.1
"37189",49.7,50.3
"37191",48.8,51.2
"37193",49.3,50.7
"37195",47.3,52.7
"37197",49.5,50.5
"37199",49,51
"38001",47.9,52.1
"38003",49.7,50.3
"38005",51.2,48.8
"38007",56,44
"38009",52.2,47.8
"38011",49.6,50.4
"38013",54.4,45.6
"38015",50.1,49.9
"38017",50.7,49.3
"38019",51.2,48.8
"38021",50.1,49.9
"38023",47.6,52.4
"38025",52.4,47.6
"38027",48.2,51.8
"38029",50.9,49.1
"38031",49,51
"38033",49.3,50.7
"38035",51.8,48.2
"38037",51.2,48.8
"38039",50.6,49.4
"38041",47.3,52.7
"38043",53.5,46.5
"38045",51.7,48.3
"38047",52,48
"38049",51.1,48.9
"38051",50.5,49.5
"38053",54.5,45.5
"38055",51.8,48.2
"38057",51.1,48.9
"38059",50.4,49.6
"38061",53.9,46.1
"38063",50.6,49.4
"38065",51.2,48.8
"38067",52.3,47.7
"38069",49.5,50.5
"38071",51,49
"38073",49.5,50.5
"38075",50.7,49.3
"38077",52.3,47.7
"38079",49.5,50.5
"38081",53.2,46.8
"38083",51,49
"38085",49.9,50.1
"38087",48.8,51.2
"38089",51.2,48.8
"38091",52.6,47.4
"38093",51.1,48.9
"38095",54.2,45.8
"38097",51,49
"38099",51.3,48.7
"38101",51.9,48.1
"38103",49.8,50.2
"38105",54.7,45.3
"39001",49.8,50.2
"39003",50.4,49.6
"39005",48.8,51.2
"39007",50.3,49.7
"39009",49.8,50.2
"39011",49.6,50.4
"39013",51.3,48.7
"39015",49.8,50.2
"39017",49,51
"39019",50.3,49.7
"39021",49.8,50.2
"39023",48.4,51.6
"39025",49.2,50.8
"39027",49.5,50.5
"39029",50.5,49.5
"39031",49.5,50.5
"39033",49.2,50.8
"39035",47.7,52.3
"39037",49.4,50.6
"39039",49.9,50.1
"39041",49.6,50.4
"39043",49,51
"39045",49.8,50.2
"39047",48.8,51.2
"39049",48.8,51.2
"39051",49.4,50.6
"39053",49.3,50.7
"39055",49.5,50.5
"39057",49.2,50.8
"39059",49.9,50.1
"39061",48.3,51.7
"39063",49.4,50.6
"39065",49.5,50.5
"39067",49.2,50.8
"39069",49.2,50.8
"39071",48.9,51.1
"39073",49,51
"39075",49.9,50.1
"39077",49.4,50.6
"39079",48.5,51.5
"39081",48.6,51.4
"39083",48.6,51.4
"39085",48.9,51.1
"39087",48.8,51.2
"39089",49,51
"39091",49.4,50.6
"39093",49.2,50.8
"39095",48.5,51.5
"39097",54.3,45.7
"39099",48.8,51.2
"39101",53.1,46.9
"39103",49.6,50.4
"39105",50,50
"39107",50.6,49.4
"39109",49.5,50.5
"39111",49.7,50.3
"39113",48.1,51.9
"39115",50,50
"39117",50.1,49.9
"39119",48.4,51.6
"39121",59.9,40.1
"39123",49.6,50.4
"39125",50,50
"39127",50,50
"39129",52.6,47.4
"39131",49.4,50.6
"39133",49.1,50.9
"39135",49.6,50.4
"39137",50,50
"39139",50.8,49.2
"39141",52.4,47.6
"39143",49.6,50.4
"39145",49.1,50.9
"39147",49.9,50.1
"39149",50.5,49.5
"39151",48.6,51.4
"39153",48.5,51.5
"39155",48.7,51.3
"39157",49.3,50.7
"39159",48.2,51.8
"39161",49.3,50.7
"39163",50.4,49.6
"39165",50.4,49.6
"39167",49.5,50.5
"39169",49.7,50.3
"39171",49.6,50.4
"39173",49.3,50.7
"39175",49.2,50.7
"40001",49.7,50.3
"40003",60.4,39.6
"40005",52.7,47.3
"40007",50.3,49.7
"40009",54.4,45.6
"40011",53.3,46.7
"40013",48.6,51.4
"40015",52.5,47.5
"40017",49.7,50.3
"40019",48.9,51.1
"40021",49,51
"40023",47.9,52.1
"40025",49,51
"40027",49.9,50.1
"40029",50.4,49.6
"40031",51.8,48.2
"40033",50.6,49.4
"40035",51.1,48.9
"40037",49.4,50.6
"40039",49,51
"40041",49.3,50.7
"40043",49.5,50.5
"40045",48.1,51.9
"40047",50,50
"40049",49.6,50.4
"40051",50.2,49.8
"40053",50.3,49.7
"40055",58.5,41.5
"40057",49,51
"40059",49.4,50.6
"40061",49.5,50.5
"40063",53.2,46.8
"40065",50.1,49.9
"40067",50.4,49.6
"40069",49.3,50.7
"40071",49.7,50.3
"40073",50.1,49.9
"40075",50,50
"40077",50.8,49.2
"40079",50.1,49.9
"40081",49.8,50.2
"40083",49.6,50.4
"40085",49.9,50.1
"40087",49.6,50.4
"40089",49.4,50.6
"40091",49.4,50.6
"40093",49.5,50.5
"40095",49.5,50.5
"40097",49.8,50.2
"40099",50.3,49.7
"40101",48.8,51.2
"40103",49.4,50.6
"40105",49.3,50.7
"40107",53.8,46.2
"40109",49,51
"40111",49.5,50.5
"40113",50.1,49.9
"40115",49.1,50.9
"40117",50.1,49.9
"40119",51.3,48.7
"40121",50.8,49.2
"40123",49.1,50.9
"40125",47.8,52.2
"40127",48.8,51.2
"40129",49.1,50.9
"40131",49.8,50.2
"40133",49,51
"40135",49.3,50.7
"40137",48.5,51.5
"40139",53.3,46.7
"40141",51,49
"40143",48.8,51.2
"40145",49.4,50.6
"40147",48.7,51.3
"40149",50.1,49.9
"40151",52.7,47.3
"40153",52.9,47.1
"41001",51.5,48.5
"41003",50.3,49.7
"41005",49.3,50.7
"41007",49.8,50.2
"41009",50.3,49.7
"41011",49.5,50.5
"41013",49.3,50.7
"41015",49.3,50.7
"41017",49.4,50.6
"41019",49.4,50.6
"41021",47.8,52.2
"41023",51.1,48.9
"41025",51.4,48.6
"41027",50,50
"41029",48.8,51.2
"41031",51.8,48.2
"41033",49,51
"41035",49.9,50.1
"41037",53.5,46.5
"41039",49.2,50.8
"41041",48.2,51.8
"41043",49.3,50.7
"41045",54.4,45.6
"41047",49.8,50.2
"41049",50.6,49.4
"41051",49.5,50.5
"41053",48.8,51.2
"41055",53.7,46.3
"41057",50.2,49.8
"41059",52.1,47.9
"41061",49.7,50.3
"41063",49.2,50.8
"41065",50.2,49.8
"41067",49.5,50.5
"41069",50.4,49.6
"41071",50,50
"42001",49.2,50.8
"42003",48.3,51.7
"42005",49.7,50.3
"42007",48.5,51.5
"42009",49.6,50.4
"42011",49.2,50.8
"42013",48.9,51.1
"42015",49.3,50.7
"42017",49.1,50.9
"42019",49.5,50.5
"42021",49.2,50.8
"42023",49.5,50.5
"42025",49.7,50.3
"42027",52.6,47.4
"42029",49.3,50.7
"42031",48.8,51.2
"42033",52.6,47.4
"42035",49.5,50.5
"42037",48,52
"42039",48.7,51.3
"42041",49.5,50.5
"42043",48.5,51.5
"42045",48.1,51.9
"42047",50.5,49.5
"42049",49.4,50.6
"42051",49.4,50.6
"42053",72.7,27.3
"42055",49.1,50.9
"42057",50.5,49.5
"42059",52,48
"42061",53.1,46.9
"42063",50.1,49.9
"42065",49.8,50.2
"42067",50,50
"42069",48.5,51.5
"42071",49,51
"42073",48.4,51.6
"42075",49,51
"42077",48.9,51.1
"42079",49.4,50.6
"42081",49,51
"42083",51.7,48.3
"42085",49.3,50.7
"42087",48.8,51.2
"42089",49.5,50.5
"42091",48.6,51.4
"42093",47.8,52.2
"42095",49.2,50.8
"42097",50.3,49.7
"42099",50.7,49.3
"42101",47.3,52.7
"42103",50.8,49.2
"42105",49.9,50.1
"42107",51.1,48.9
"42109",49.8,50.2
"42111",52.2,47.8
"42113",52.9,47.1
"42115",50.3,49.7
"42117",49.6,50.4
"42119",54.9,45.1
"42121",49.4,50.6
"42123",50.1,49.9
"42125",49.1,50.9
"42127",53.1,46.9
"42129",48.9,51.1
"42131",50.4,49.6
"42133",49.4,50.6
"44001",48.4,51.6
"44003",48.4,51.6
"44005",49.2,50.8
"44007",48.7,51.3
"44009",48.2,51.8
"45001",48.5,51.5
"45003",48.3,51.7
"45005",53.5,46.5
"45007",48.2,51.8
"45009",48.3,51.7
"45011",48.4,51.6
"45013",49.2,50.8
"45015",49.7,50.3
"45017",47.8,52.2
"45019",48.4,51.6
"45021",48.4,51.6
"45023",48.6,51.4
"45025",49.2,50.8
"45027",49.3,50.7
"45029",47.8,52.2
"45031",47.3,52.7
"45033",47.3,52.7
"45035",48.7,51.3
"45037",53.3,46.7
"45039",47.8,52.2
"45041",46.8,53.2
"45043",47.3,52.7
"45045",48.5,51.5
"45047",46.5,53.5
"45049",51.9,48.1
"45051",48.3,51.7
"45053",50.2,49.8
"45055",48.5,51.5
"45057",48.2,51.8
"45059",48.7,51.3
"45061",51.1,48.9
"45063",48.7,51.3
"45065",55.4,44.6
"45067",46.1,53.9
"45069",52.1,47.9
"45071",48.5,51.5
"45073",49.2,50.8
"45075",46.8,53.2
"45077",49.8,50.2
"45079",48.4,51.6
"45081",49.9,50.1
"45083",48.5,51.5
"45085",48.2,51.8
"45087",47.7,52.3
"45089",47.7,52.3
"45091",48.2,51.8
"46003",52.9,47.1
"46005",50.8,49.2
"46007",49.2,50.8
"46009",58.7,41.3
"46011",51.1,48.9
"46013",49.3,50.7
"46015",49.5,50.5
"46017",49.8,50.2
"46019",51,49
"46021",54.2,45.8
"46023",50.3,49.7
"46025",50.3,49.7
"46027",49,51
"46029",50.4,49.6
"46031",50.5,49.5
"46033",48.5,51.5
"46035",49.5,50.5
"46037",51.8,48.2
"46039",52.1,47.9
"46041",49.6,50.4
"46043",49,51
"46045",50.4,49.6
"46047",50.4,49.6
"46049",50.5,49.5
"46051",52.5,47.5
"46053",51.3,48.7
"46055",50.3,49.7
"46057",51,49
"46059",50.5,49.5
"46061",50.1,49.9
"46063",52.1,47.9
"46065",48.9,51.1
"46067",48.7,51.3
"46069",51.9,48.1
"46071",49.6,50.4
"46073",49.6,50.4
"46075",47.2,52.8
"46077",51.2,48.8
"46079",52.4,47.6
"46081",49.7,50.3
"46083",49.5,50.5
"46085",52.1,47.9
"46087",50,50
"46089",47.5,52.5
"46091",52.1,47.9
"46093",52,48
"46095",49.7,50.3
"46097",50.9,49.1
"46099",50.4,49.6
"46101",50.3,49.7
"46102",49,51
"46103",50.4,49.6
"46105",51.9,48.1
"46107",50.7,49.3
"46109",51.2,48.8
"46111",51.9,48.1
"46115",49.9,50.1
"46117",53.7,46.3
"46119",51.3,48.7
"46121",48.6,51.4
"46123",50.7,49.3
"46125",50,50
"46127",50.2,49.8
"46129",49.7,50.3
"46135",52.1,47.9
"46137",49.3,50.7
"47001",48.8,51.2
"47003",49.4,50.6
"47005",49.2,50.8
"47007",58.7,41.3
"47009",48.5,51.5
"47011",48.7,51.3
"47013",48.8,51.2
"47015",49.4,50.6
"47017",48.8,51.2
"47019",48.9,51.1
"47021",49.9,50.1
"47023",48.1,51.9
"47025",48.6,51.4
"47027",47.9,52.1
"47029",48.5,51.5
"47031",49.2,50.8
"47033",47.5,52.5
"47035",48.9,51.1
"47037",48.2,51.8
"47039",49,51
"47041",49.7,50.3
"47043",49.4,50.6
"47045",48.5,51.5
"47047",49.3,50.7
"47049",49.9,50.1
"47051",49,51
"47053",48,52
"47055",48.9,51.1
"47057",50.1,49.9
"47059",48.9,51.1
"47061",49.5,50.5
"47063",49.1,50.9
"47065",48.3,51.7
"47067",50.2,49.8
"47069",56,44
"47071",48.7,51.3
"47073",48.9,51.1
"47075",46.7,53.3
"47077",49,51
"47079",48,52
"47081",52.5,47.5
"47083",50.9,49.1
"47085",48.5,51.5
"47087",50.3,49.7
"47089",49.1,50.9
"47091",54,46
"47093",48.6,51.4
"47095",62.7,37.3
"47097",51.3,48.7
"47099",49,51
"47101",48.4,51.6
"47103",49.1,50.9
"47105",48.9,51.1
"47107",48.7,51.3
"47109",48.6,51.4
"47111",49.2,50.8
"47113",47.3,52.7
"47115",48.6,51.4
"47117",49.2,50.8
"47119",48.3,51.7
"47121",49.5,50.5
"47123",49.2,50.8
"47125",49.9,50.1
"47127",50.4,49.6
"47129",54.7,45.3
"47131",48.1,51.9
"47133",49.2,50.8
"47135",49.5,50.5
"47137",50.5,49.5
"47139",49.8,50.2
"47141",49.4,50.6
"47143",49.5,50.5
"47145",49.2,50.8
"47147",49.4,50.6
"47149",49.3,50.7
"47151",49.4,50.6
"47153",49.9,50.1
"47155",49.1,50.9
"47157",47.5,52.5
"47159",50,50
"47161",49.2,50.8
"47163",48.6,51.4
"47165",48.9,51.1
"47167",49.3,50.7
"47169",58.5,41.5
"47171",50.6,49.4
"47173",49.3,50.7
"47175",50.3,49.7
"47177",49.7,50.3
"47179",48.7,51.3
"47181",54.9,45.1
"47183",49,51
"47185",48.8,51.2
"47187",48.9,51.1
"47189",49.2,50.8
"48001",60.9,39.1
"48003",50.9,49.1
"48005",48.8,51.2
"48007",48.7,51.3
"48009",49.9,50.1
"48011",49.8,50.2
"48013",49.9,50.1
"48015",49.3,50.7
"48017",50.9,49.1
"48019",50.4,49.6
"48021",50.6,49.4
"48023",48.8,51.2
"48025",61.1,38.9
"48027",49.9,50.1
"48029",49.4,50.6
"48031",51.7,48.3
"48033",47.8,52.2
"48035",49.3,50.7
"48037",50.3,49.7
"48039",50.6,49.4
"48041",50.5,49.5
"48043",50.4,49.6
"48045",55.2,44.8
"48047",53.3,46.7
"48049",49.3,50.7
"48051",49.6,50.4
"48053",49.4,50.6
"48055",50.6,49.4
"48057",51.1,48.9
"48059",49.8,50.2
"48061",48.6,51.4
"48063",48.7,51.3
"48065",48.2,51.8
"48067",48.2,51.8
"48069",50.2,49.8
"48071",50.7,49.3
"48073",51,49
"48075",61.2,38.8
"48077",50.1,49.9
"48079",51.8,48.2
"48081",49.9,50.1
"48083",51.7,48.3
"48085",49.2,50.8
"48087",50.3,49.7
"48089",49.9,50.1
"48091",49.4,50.6
"48093",50.2,49.8
"48095",64.2,35.8
"48097",49.6,50.4
"48099",49.9,50.1
"48101",45.1,54.9
"48103",51.2,48.8
"48105",48.2,51.8
"48107",49.7,50.3
"48109",56.9,43.1
"48111",50.9,49.1
"48113",49.3,50.7
"48115",54.2,45.8
"48117",50.1,49.9
"48119",47.4,52.6
"48121",49.2,50.8
"48123",52,48
"48125",49.2,50.8
"48127",48.5,51.5
"48129",50.9,49.1
"48131",50.7,49.3
"48133",50.1,49.9
"48135",50.8,49.2
"48137",51.8,48.2
"48139",49.3,50.7
"48141",49.2,50.8
"48143",48.6,51.4
"48145",47.1,52.9
"48147",52.8,47.2
"48149",49.3,50.7
"48151",47.5,52.5
"48153",48.7,51.3
"48155",49.6,50.4
"48157",49.1,50.9
"48159",48.9,51.1
"48161",51.8,48.2
"48163",59.8,40.2
"48165",51,49
"48167",49.2,50.8
"48169",63.1,36.9
"48171",48.4,51.6
"48173",57.4,42.6
"48175",49.6,50.4
"48177",50.8,49.2
"48179",52.7,47.3
"48181",48.8,51.2
"48183",48.7,51.3
"48185",54.2,45.8
"48187",49.5,50.5
"48189",52.1,47.9
"48191",50.3,49.7
"48193",50,50
"48195",51,49
"48197",48.6,51.4
"48199",48.2,51.8
"48201",49.7,50.3
"48203",48.6,51.4
"48205",59,41
"48207",51.8,48.2
"48209",49.8,50.2
"48211",50.9,49.1
"48213",48.7,51.3
"48215",49,51
"48217",49.9,50.1
"48219",49.9,50.1
"48221",48.7,51.3
"48223",49.1,50.9
"48225",54.2,45.8
"48227",55.4,44.6
"48229",50.2,49.8
"48231",49.1,50.9
"48233",50.5,49.5
"48235",51.7,48.3
"48237",57.1,42.9
"48239",49.4,50.6
"48241",49.3,50.7
"48243",44.1,55.9
"48245",51.1,48.9
"48247",48.9,51.1
"48249",49.1,50.9
"48251",50,50
"48253",62.8,37.2
"48255",58.8,41.2
"48257",49.1,50.9
"48259",49.1,50.9
"48261",49.3,50.7
"48263",45.6,54.4
"48265",48.3,51.7
"48267",49.6,50.4
"48269",49.4,50.6
"48271",59.3,40.7
"48273",50.5,49.5
"48275",49.8,50.2
"48277",47.9,52.1
"48279",50.2,49.8
"48281",50,50
"48283",58.3,41.7
"48285",48.4,51.6
"48287",50,50
"48289",49.7,50.3
"48291",49.4,50.6
"48293",51.3,48.7
"48295",50.4,49.6
"48297",55.3,44.7
"48299",49.2,50.8
"48301",55.1,44.9
"48303",49.3,50.7
"48305",51.6,48.4
"48307",54.2,45.8
"48309",48.8,51.2
"48311",53.4,46.6
"48313",56.8,43.2
"48315",48.5,51.5
"48317",52.1,47.9
"48319",53.9,46.1
"48321",49.9,50.1
"48323",49.8,50.2
"48325",51.6,48.4
"48327",54.6,45.4
"48329",50.6,49.4
"48331",49.5,50.5
"48333",48.6,51.4
"48335",60.8,39.2
"48337",48.5,51.5
"48339",49.5,50.5
"48341",52.4,47.6
"48343",47.4,52.6
"48345",53.9,46.1
"48347",48,52
"48349",49.2,50.8
"48351",51.2,48.8
"48353",51.3,48.7
"48355",49.4,50.6
"48357",50.6,49.4
"48359",52.8,47.2
"48361",49.6,50.4
"48363",49.3,50.7
"48365",49.3,50.7
"48367",49.7,50.3
"48369",51.3,48.7
"48371",56.7,43.3
"48373",54.1,45.9
"48375",51.6,48.4
"48377",48.1,51.9
"48379",50.2,49.8
"48381",49,51
"48383",51.9,48.1
"48385",44,56
"48387",47.3,52.7
"48389",56.4,43.6
"48391",48.1,51.9
"48393",48.1,51.9
"48395",48.9,51.1
"48397",49.4,50.6
"48399",50.2,49.8
"48401",53.2,46.8
"48403",47.9,52.1
"48405",47.9,52.1
"48407",49,51
"48409",50.4,49.6
"48411",51.4,48.6
"48413",50.5,49.5
"48415",54.3,45.7
"48417",53.1,46.9
"48419",49.6,50.4
"48421",52.2,47.8
"48423",48.3,51.7
"48425",50.2,49.8
"48427",48.7,51.3
"48429",51.9,48.1
"48431",55.1,44.9
"48433",48.8,51.2
"48435",54,46
"48437",54.5,45.5
"48439",48.9,51.1
"48441",48.8,51.2
"48443",47.2,52.8
"48445",51.2,48.8
"48447",45.8,54.2
"48449",49.2,50.8
"48451",49.8,50.2
"48453",50.5,49.5
"48455",48,52
"48457",54.4,45.6
"48459",49.1,50.9
"48461",52,48
"48463",49,51
"48465",51,49
"48467",49.1,50.9
"48469",48.9,51.1
"48471",58.4,41.6
"48473",49.9,50.1
"48475",49.9,50.1
"48477",49.1,50.9
"48479",49,51
"48481",49.1,50.9
"48483",51.4,48.6
"48485",52,48
"48487",48.8,51.2
"48489",54,46
"48491",49.2,50.8
"48493",50.3,49.7
"48495",51.5,48.5
"48497",50.4,49.6
"48499",49.7,50.3
"48501",51.9,48.1
"48503",48.7,51.3
"48505",49.6,50.4
"48507",51.7,48.3
"49001",51.6,48.4
"49003",51.1,48.9
"49005",50.1,49.9
"49007",50.1,49.9
"49009",56.8,43.2
"49011",50.4,49.6
"49013",51,49
"49015",51.1,48.9
"49017",50.5,49.5
"49019",51.2,48.8
"49021",49.5,50.5
"49023",50.5,49.5
"49025",50.3,49.7
"49027",51.4,48.6
"49029",51.3,48.7
"49031",54.4,45.6
"49033",47.1,52.9
"49035",50.2,49.8
"49037",49.8,50.2
"49039",52.7,47.3
"49041",51.1,48.9
"49043",51,49
"49045",50.4,49.6
"49047",50.7,49.3
"49049",50.5,49.5
"49051",51.2,48.8
"49053",49.4,50.6
"49055",51.5,48.5
"49057",50.2,49.8
"50001",49.6,50.4
"50003",48.9,51.1
"50005",50.2,49.8
"50007",49.1,50.9
"50009",50.3,49.7
"50011",49.7,50.3
"50013",49.7,50.3
"50015",50.1,49.9
"50017",49.9,50.1
"50019",50.2,49.8
"50021",49.1,50.9
"50023",49.4,50.6
"50025",48.6,51.4
"50027",49,51
"51001",48.8,51.2
"51003",47.8,52.2
"51005",48.6,51.4
"51007",50.8,49.2
"51009",48.1,51.9
"51011",48.4,51.6
"51013",50,50
"51015",51,49
"51017",51.1,48.9
"51019",49.1,50.9
"51021",55.8,44.2
"51023",49.1,50.9
"51025",53.5,46.5
"51027",50.3,49.7
"51029",54.9,45.1
"51031",48.4,51.6
"51033",49.7,50.3
"51035",50.3,49.7
"51036",48.9,51.1
"51037",49.2,50.8
"51041",48.2,51.8
"51043",50.8,49.2
"51045",46.5,53.5
"51047",50,50
"51049",49.3,50.7
"51051",50.6,49.4
"51053",49.1,50.9
"51057",45.2,54.8
"51059",49.6,50.4
"51061",49.5,50.5
"51063",50.3,49.7
"51065",45.9,54.1
"51067",49.1,50.9
"51069",49.8,50.2
"51071",49,51
"51073",48.8,51.2
"51075",49.6,50.4
"51077",51.3,48.7
"51079",48.9,51.1
"51081",63,37
"51083",48.2,51.8
"51085",49,51
"51087",47.4,52.6
"51089",48.4,51.6
"51091",48.2,51.8
"51093",49,51
"51095",48.2,51.8
"51097",50,50
"51099",50.4,49.6
"51101",48.9,51.1
"51103",46.9,53.1
"51105",52.3,47.7
"51107",49.5,50.5
"51109",49.1,50.9
"51111",51.3,48.7
"51113",48.6,51.4
"51115",49.9,50.1
"51117",48.5,51.5
"51119",48.7,51.3
"51121",51.6,48.4
"51125",48.8,51.2
"51127",50.1,49.9
"51131",48.1,51.9
"51133",48.7,51.3
"51135",54.9,45.1
"51137",49.2,50.8
"51139",49.4,50.6
"51141",49.7,50.3
"51143",49.2,50.8
"51145",53.2,46.8
"51147",49.5,50.5
"51149",54,46
"51153",50,50
"51155",50.1,49.9
"51157",50.7,49.3
"51159",54.7,45.3
"51161",48.1,51.9
"51163",49.7,50.3
"51165",49.1,50.9
"51167",49,51
"51169",50.6,49.4
"51171",49.3,50.7
"51173",49.3,50.7
"51175",51.7,48.3
"51177",49.1,50.9
"51179",50.5,49.5
"51181",48.4,51.6
"51183",59.9,40.1
"51185",49.6,50.4
"51187",49.8,50.2
"51191",49.2,50.8
"51193",49.5,50.5
"51195",52.4,47.6
"51197",48.8,51.2
"51199",49.1,50.9
"51510",48.2,51.8
"51520",47.1,52.9
"51530",42.8,57.2
"51540",48.4,51.6
"51550",48.9,51.1
"51570",46.2,53.8
"51580",47.9,52.1
"51590",46,54
"51595",45.1,54.9
"51600",48.6,51.4
"51610",48.6,51.4
"51620",44.7,55.3
"51630",45.4,54.6
"51640",47.4,52.6
"51650",48.2,51.8
"51660",48,52
"51670",46.8,53.2
"51678",56.8,43.2
"51680",46.8,53.2
"51683",50.2,49.8
"51685",52.3,47.7
"51690",44.4,55.6
"51700",48.3,51.7
"51710",52.2,47.8
"51720",46.6,53.4
"51730",45.6,54.4
"51735",49.8,50.2
"51740",48.1,51.9
"51750",47.4,52.6
"51760",47.4,52.6
"51770",47.6,52.4
"51775",46.5,53.5
"51790",45.7,54.3
"51800",48.5,51.5
"51810",49.2,50.8
"51820",48.9,51.1
"51830",46.4,53.6
"51840",49.1,50.9
"53001",50.9,49.1
"53003",48.5,51.5
"53005",50,50
"53007",50.1,49.9
"53009",49.2,50.8
"53011",49.4,50.6
"53013",48.2,51.8
"53015",49.5,50.5
"53017",50.2,49.8
"53019",50.4,49.6
"53021",51.8,48.2
"53023",51.1,48.9
"53025",50.8,49.2
"53027",51.3,48.7
"53029",50,50
"53031",48.8,51.2
"53033",50.1,49.9
"53035",51.1,48.9
"53037",50.5,49.5
"53039",50.3,49.7
"53041",50,50
"53043",50.5,49.5
"53045",51.8,48.2
"53047",50.8,49.2
"53049",50.3,49.7
"53051",50.4,49.6
"53053",49.9,50.1
"53055",48.2,51.8
"53057",49.4,50.6
"53059",50.2,49.8
"53061",50.1,49.9
"53063",49.6,50.4
"53065",49.8,50.2
"53067",48.9,51.1
"53069",47.3,52.7
"53071",51.2,48.8
"53073",49.4,50.6
"53075",51.1,48.9
"53077",50.1,49.9
"54001",49.1,50.9
"54003",49.3,50.7
"54005",49.7,50.3
"54007",50.5,49.5
"54009",49.4,50.6
"54011",48.9,51.1
"54013",48.3,51.7
"54015",49.8,50.2
"54017",55.4,44.6
"54019",50.3,49.7
"54021",58.8,41.2
"54023",49.9,50.1
"54025",48.6,51.4
"54027",50.9,49.1
"54029",48.3,51.7
"54031",51.6,48.4
"54033",48.8,51.2
"54035",49.6,50.4
"54037",49.5,50.5
"54039",48.2,51.8
"54041",50.2,49.8
"54043",49.7,50.3
"54045",49.6,50.4
"54047",51.4,48.6
"54049",49.3,50.7
"54051",49.6,50.4
"54053",48.6,51.4
"54055",47.4,52.6
"54057",50.1,49.9
"54059",48.8,51.2
"54061",51.6,48.4
"54063",49.7,50.3
"54065",49.4,50.6
"54067",49.3,50.7
"54069",48.2,51.8
"54071",51.2,48.8
"54073",54.1,45.9
"54075",51.3,48.7
"54077",51.3,48.7
"54079",49.2,50.8
"54081",50.1,49.9
"54083",51.3,48.7
"54085",49.6,50.4
"54087",49.4,50.6
"54089",46,54
"54091",50.3,49.7
"54093",50.3,49.7
"54095",49.9,50.1
"54097",49.8,50.2
"54099",48.7,51.3
"54101",49.7,50.3
"54103",48.4,51.6
"54105",50.6,49.4
"54107",48.3,51.7
"54109",49.2,50.8
"55001",53.7,46.3
"55003",50.6,49.4
"55005",49.9,50.1
"55007",50.9,49.1
"55009",49.6,50.4
"55011",50.9,49.1
"55013",51.4,48.6
"55015",50.1,49.9
"55017",51.9,48.1
"55019",50.6,49.4
"55021",51.3,48.7
"55023",52.1,47.9
"55025",49.7,50.3
"55027",52,48
"55029",49.1,50.9
"55031",50.3,49.7
"55033",50.2,49.8
"55035",49.5,50.5
"55037",52.1,47.9
"55039",49.3,50.7
"55041",50.4,49.6
"55043",51.9,48.1
"55045",49.7,50.3
"55047",50.4,49.6
"55049",50.2,49.8
"55051",50.8,49.2
"55053",53.4,46.6
"55055",50,50
"55057",53.4,46.6
"55059",49.5,50.5
"55061",50.6,49.4
"55063",48.8,51.2
"55065",50.7,49.3
"55067",50.7,49.3
"55069",50.2,49.8
"55071",49.9,50.1
"55073",50.2,49.8
"55075",50.3,49.7
"55077",51,49
"55078",50.4,49.6
"55079",48.4,51.6
"55081",50.5,49.5
"55083",51,49
"55085",50.3,49.7
"55087",49.9,50.1
"55089",49.2,50.8
"55091",50.8,49.2
"55093",49.5,50.5
"55095",50.4,49.6
"55097",50.4,49.6
"55099",50.7,49.3
"55101",49.5,50.5
"55103",50.2,49.8
"55105",49.3,50.7
"55107",50.1,49.9
"55109",50,50
"55111",49.9,50.1
"55113",51,49
"55115",49.9,50.1
"55117",50.3,49.7
"55119",51,49
"55121",50.8,49.2
"55123",50.3,49.7
"55125",50.7,49.3
"55127",49.9,50.1
"55129",49.8,50.2
"55131",49.6,50.4
"55133",49.2,50.8
"55135",51.2,48.8
"55137",52.7,47.3
"55139",50.4,49.6
"55141",49.2,50.8
"56001",51.9,48.1
"56003",51.1,48.9
"56005",50.8,49.2
"56007",53.6,46.4
"56009",51.5,48.5
"56011",50.1,49.9
"56013",50.3,49.7
"56015",50.9,49.1
"56017",50.2,49.8
"56019",52.3,47.7
"56021",50.7,49.3
"56023",50.9,49.1
"56025",50.2,49.8
"56027",45,55
"56029",49.2,50.8
"56031",52.8,47.2
"56033",49.8,50.2
"56035",55.4,44.6
"56037",51.6,48.4
"56039",52.9,47.1
"56041",50.8,49.2
"56043",50.6,49.4
"56045",52.8,47.2
"72001",49.8,50.2
"72003",48.9,51.1
"72005",48.4,51.6
"72007",48.5,51.5
"72009",48,52
"72011",48.3,51.7
"72013",47.8,52.2
"72015",46.8,53.2
"72017",47.4,52.6
"72019",49.2,50.8
"72021",47.1,52.9
"72023",47.4,52.6
"72025",46.5,53.5
"72027",47.8,52.2
"72029",48.2,51.8
"72031",45.7,54.3
"72033",47.2,52.8
"72035",48,52
"72037",47.4,52.6
"72039",48.6,51.4
"72041",48.4,51.6
"72043",48.5,51.5
"72045",49.5,50.5
"72047",48.4,51.6
"72049",51,49
"72051",47.6,52.4
"72053",46.6,53.4
"72054",48.1,51.9
"72055",48.2,51.8
"72057",49.6,50.4
"72059",47.6,52.4
"72061",47.1,52.9
"72063",47.2,52.8
"72065",48,52
"72067",46,54
"72069",47.2,52.8
"72071",48.6,51.4
"72073",49.4,50.6
"72075",47.5,52.5
"72077",47.6,52.4
"72079",48.6,51.4
"72081",49.2,50.8
"72083",49.9,50.1
"72085",48.1,51.9
"72087",46.6,53.4
"72089",46.9,53.1
"72091",47.1,52.9
"72093",49.6,50.4
"72095",48.6,51.4
"72097",47.7,52.3
"72099",48.8,51.2
"72101",49.6,50.4
"72103",46.8,53.2
"72105",49.1,50.9
"72107",50,50
"72109",48.7,51.3
"72111",48.5,51.5
"72113",48,52
"72115",48.2,51.8
"72117",48.3,51.7
"72119",48.1,51.9
"72121",47,53
"72123",48.3,51.7
"72125",48.6,51.4
"72127",45.7,54.3
"72129",48.6,51.4
"72131",48.6,51.4
"72133",48.2,51.8
"72135",48,52
"72137",46.8,53.2
"72139",47,53
"72141",48.5,51.5
"72143",47.9,52.1
"72145",47.8,52.2
"72147",49.5,50.5
"72149",48.5,51.5
"72151",48.4,51.6
"72153",47.9,52.1
